allocation,l2_statistic
1,0.14407645946737557
2,1.1075936053402138
3,0.14261493396106134
4,0.38484953119354237
5,7.055535769642548
6,0.36658766342298077
7,1.3732483072769224
8,0.151561858668145
9,1.852826911418326
10,0.02904974501219142
11,0.9158752366914946
12,2.667860898987074
13,1.4054158029358732
14,3.2674780455372328
15,2.609506052568566
16,2.634553192459892
17,0.5241733035152831
18,0.11304384488871227
19,0.9020571672328411
20,0.17749864279619101
21,0.6160981289391638
22,1.112003126125737
23,0.023479349400537128
24,0.12348212992266563
25,3.8670109121562746
26,0.11673047482770571
27,0.29773621580537957
28,2.1651693738067093
29,0.13935991138053416
30,4.699411653678168
31,2.7791611723926195
32,1.0897860797107135
33,9.44801658767597
34,2.27412434424087
35,3.4478565191300072
36,1.4691556969675081
37,1.0332930099737476
38,0.48778729140094623
39,0.7429123968549303
40,0.15759260408464879
41,0.09683606443695289
42,0.020978235660302033
43,0.047661400420349505
44,2.143846086799461
45,0.7311116069989196
46,0.20777317532743203
47,0.5779168579997196
48,2.8251713126474804
49,1.4462870751337895
50,1.9066397704813582
51,0.7173500385770791
52,0.9740891028968631
53,2.812651893865181
54,0.32640378834557937
55,2.069308694246179
56,1.7953097740997634
57,1.3291511908539575
58,2.259431319561476
59,0.4151436602197262
60,1.6178465895296648
61,2.347036252865008
62,2.1595707536873694
63,3.8659577248263233
64,5.559737943000476
65,0.342742590323432
66,4.65668992729656
67,5.154439555562348
68,0.11120118141424212
69,0.05857869748480164
70,0.07203098443792307
71,3.368366158741999
72,0.0838149708844754
73,0.6779097274188897
74,2.2016431473131846
75,4.320741298825246
76,0.2474012921262541
77,0.0830072090751406
78,3.409594690221888
79,0.5799663058221342
80,0.3792365864447611
81,2.9238149157880517
82,0.37251325050696926
83,0.7958317793968268
84,0.33683018790230185
85,0.9956896355606741
86,0.3570922805892099
87,0.36240071108400734
88,0.5066283418796449
89,6.148691246175664
90,6.0106875278517276
91,0.4848791868927018
92,0.12000928136713261
93,6.1733295413048666
94,0.11232743006778925
95,1.204412038084087
96,1.4714966017933273
97,1.7474478684555321
98,0.5098821495101474
99,4.212672559952974
100,2.9688315829763896
101,0.28811804343440245
102,0.71454989539639
103,1.417330022333587
104,0.12615870960639697
105,3.6379052248539754
106,3.912611720879295
107,0.4136567551845683
108,0.22845711003356
109,4.466777753356189
110,2.3491524319298316
111,8.36939324435907
112,3.131213744827819
113,0.6036424614001876
114,0.2243994778228767
115,0.5019248759442894
116,2.465063977853909
117,0.055403184553336114
118,0.5929395712789921
119,0.5077570336350783
120,4.886575971322034
121,0.15734820409844935
122,1.2389983096997867
123,0.25444965893560884
124,2.3543681561565357
125,2.4729212271707803
126,3.8005187715999966
127,5.587738805353492
128,1.2423179771409867
129,2.5057675614956927
130,0.8031749262906032
131,2.6420600733989055
132,0.3639705805989394
133,1.497301122355515
134,2.0156547935334213
135,1.8910302645016746
136,3.1508850676945492
137,3.4530268551206356
138,0.7892362273838053
139,2.542751965865884
140,0.49287156973989615
141,0.04330369628696251
142,8.54566098428234
143,0.1253717942008694
144,0.3766381305566302
145,0.2448906674604646
146,0.054654829512733025
147,1.834355823939065
148,0.08637402339847879
149,1.162926490522721
150,1.842546645701601
151,0.2158452173112807
152,0.06276601222638838
153,0.11600970930531812
154,0.6307979019206672
155,9.154075435386012
156,0.48174253540429435
157,0.3283860915604815
158,1.1110331723686317
159,4.823285391909417
160,1.160577364706462
161,0.5884090617096113
162,3.487460288291016
163,0.09793824583771131
164,2.8455436330723716
165,1.8630430925741548
166,0.2927310408013335
167,1.1227872520863809
168,2.2415158839307634
169,0.3953110735450669
170,0.8923769780919787
171,1.7812880448637491
172,0.08970175678837967
173,0.22816755005119352
174,1.8268922589710463
175,0.9658270027018822
176,0.6395558406009172
177,0.439924404164477
178,0.19905416620951444
179,0.2283540953499127
180,0.03810724468701862
181,0.2661404965876409
182,1.078380743897786
183,0.1990721994615419
184,0.18478741447539515
185,5.2457647087509685
186,0.6316354969068905
187,0.09917055065418429
188,0.04117274947316528
189,0.9659538839496493
190,0.18829142136079427
191,1.5545139781894735
192,6.587638529809325
193,1.398026045900004
194,1.5512604804534538
195,6.058372186800811
196,0.4663918880437918
197,2.393963806903016
198,1.465574766835318
199,1.8841402222943975
200,5.530384603717373
201,0.04326521399092105
202,1.6195954674886828
203,0.7331903747587454
204,0.8112928429199103
205,2.213849044071953
206,2.7098965363948233
207,4.611480034160176
208,10.499856768163848
209,2.1245061729843107
210,0.09175701594104835
211,2.822349665854147
212,0.065080209258707
213,2.694369168171342
214,6.7749077660218635
215,5.391332104932802
216,0.14345232385398832
217,5.697737461875224
218,0.3322427016954277
219,3.2776117836443825
220,0.3858131061064284
221,8.677637814870076
222,0.20893206340878873
223,0.04188463602031277
224,0.8689015957824927
225,3.982634372098592
226,0.19878138232181242
227,3.1905078183272124
228,1.4507293127973084
229,0.09462814908752284
230,2.0577862964373628
231,0.3965683342942367
232,1.0488982786821057
233,2.984712754850608
234,0.1477838816188256
235,0.48449759562358524
236,0.26485790862641667
237,0.15454125942222274
238,1.5560962537044754
239,0.34258046041818296
240,1.319172113135265
241,2.3311393856818947
242,0.5046961155685302
243,0.19972783424515156
244,0.02847367881956237
245,5.5580980333998715
246,1.1208072508135223
247,0.02908787568421579
248,1.8872695296770483
249,0.2928581803810693
250,0.26590433695256976
251,8.55598439962709
252,0.4544923662868797
253,1.1130814336695383
254,0.3003230757917434
255,3.4480245546532498
256,0.05800947564791515
257,3.3353193570190536
258,1.058188534186618
259,0.341420205089204
260,8.774195524283408
261,0.2363755254372477
262,2.020347236800653
263,3.427958566028103
264,1.2214627661768125
265,0.522088927445196
266,13.946130558979895
267,3.31689307152577
268,0.10125375290370447
269,8.320168124103159
270,0.15547480829477267
271,0.06802805144425197
272,0.46974560545315697
273,0.5602594882762766
274,3.528523258714749
275,0.5419792747932873
276,13.941920618706087
277,1.004737372048246
278,0.4663958193294835
279,0.31790684876570585
280,2.325488333375554
281,0.349726290622906
282,0.31161048667906666
283,1.6586129765587194
284,0.39968669948785845
285,0.7401098656956664
286,7.9135208134783905
287,0.06100229968396029
288,1.4087715492751056
289,0.20526345067181362
290,0.3451954230498063
291,0.2628118397694354
292,4.235284912104094
293,2.0150665450864214
294,0.11645629824246197
295,1.4006386159174453
296,2.872061036519746
297,1.7270495697945611
298,0.0440726662635024
299,0.4901972737808503
300,0.24759448821526248
301,1.0366319974416747
302,3.1213902300900918
303,8.771837507419285
304,2.488539999595433
305,0.12650320776823995
306,0.2772409995102898
307,0.9972197357096781
308,1.396948870867252
309,1.101796057200262
310,1.21748450033805
311,0.07216403152581222
312,9.966174038002771
313,0.4510202466097878
314,0.16984490785649975
315,1.9544032304300396
316,0.5274045603058128
317,0.16418989806760984
318,0.6399047396208764
319,12.932704153052391
320,0.3738363471412196
321,4.15756310461453
322,0.25461555405778963
323,1.7280549229887223
324,0.13388472600306753
325,1.3179718577603245
326,0.04527411361348269
327,0.049276258639808966
328,0.34824631789003857
329,2.8614642702041895
330,6.9276057285703825
331,1.7480584642187775
332,0.688085620030388
333,0.33082864812846924
334,0.15559355181650691
335,1.9785404741219894
336,0.11588776989640984
337,0.10424067345456611
338,2.1268568097310085
339,1.4419715476807469
340,0.19018479278421513
341,0.11288976878404774
342,0.3971541503939716
343,0.2708981667017268
344,7.84547279434222
345,0.39296055867059615
346,1.5808405077753345
347,0.2863750114393016
348,1.6932448624218797
349,1.9016798709408658
350,0.6058084910578287
351,0.47043467861683325
352,0.0799053194158757
353,0.03501854785008696
354,2.3484058822169707
355,0.8228300882290698
356,1.653330498499539
357,0.3402321681261945
358,0.12936810222445355
359,0.06307958747324456
360,1.0637531064260681
361,0.4415633468120746
362,0.22723674302154315
363,0.18201173671175014
364,1.1388686315049068
365,1.853498511013819
366,3.486359306258405
367,5.210982334727782
368,9.090747733806964
369,0.02894622209160703
370,1.9569494165929888
371,3.3055069264645365
372,9.267812194400538
373,0.3278390574883643
374,0.8246713909140009
375,1.4598771042203973
376,9.540154238726313
377,1.4493454252320181
378,0.02647786222179627
379,0.040881301337031765
380,2.1804063378749605
381,0.4523695256707091
382,0.49394378302808434
383,0.1429232941584886
384,0.16547822597598477
385,1.21128892349279
386,1.3637182499431002
387,0.08784158755615758
388,7.249243911746359
389,0.7277154075645189
390,0.0580544870348889
391,3.7760569228922605
392,0.09859758407593659
393,0.5368400039082872
394,1.7181383743618768
395,0.7933469918008725
396,0.40770014520829156
397,0.6741858791769064
398,8.294240806504106
399,0.9106013192193261
400,0.10349122933675513
401,0.5220358741584423
402,0.4869500424399074
403,2.6065163403881244
404,0.5980980179098013
405,1.2458544276475387
406,2.2671152534565318
407,6.646919831403816
408,0.05569465191107287
409,0.6204399075989107
410,0.7631118654217708
411,0.9815768216583349
412,1.7968270923566902
413,1.0897153546176406
414,0.20246031058286312
415,1.0134670478431154
416,1.1833416340055856
417,1.0084539170476687
418,4.709041077404974
419,5.644728780633605
420,5.683199183517916
421,0.3807484947228492
422,6.457899707610827
423,0.9201480036770837
424,3.7411992846094777
425,4.897460811186255
426,0.8396789501153099
427,0.06635064521621062
428,0.5968173322582493
429,0.10540367026577496
430,0.11573466155490232
431,3.3420817628096406
432,7.396370850435418
433,0.05304694762404924
434,2.0503398833530184
435,0.043369930213513486
436,4.8666589728740055
437,0.12247017916631409
438,0.1416260976680456
439,0.676057149421694
440,0.19118340666994305
441,0.558724267924384
442,1.4776787829483808
443,0.09699286831382647
444,7.59008718881654
445,0.22589294975478652
446,1.4833633771803227
447,3.324296215354827
448,0.34758210828106373
449,0.4509384345373334
450,0.5756526414474388
451,3.671734254237845
452,1.6133575700853393
453,2.696532143932006
454,0.3961409060636042
455,0.1848141547647848
456,0.0576014591546523
457,0.09595428249062085
458,0.0827125183066322
459,2.350837299006932
460,1.6409225654111763
461,1.0341208030034628
462,0.37545729925173416
463,4.899639862173016
464,1.7369440246803833
465,0.13603411687228717
466,1.025617555927884
467,1.849137666415662
468,2.178931068245649
469,0.7808028403657827
470,0.9463687053922889
471,1.0281566187612141
472,4.1949741569048955
473,1.346532375216217
474,1.4355733206975376
475,1.6046706699010378
476,0.09673418392001017
477,0.5349461718929381
478,0.024559651926937143
479,0.8872320502462825
480,8.911781254547833
481,1.5562069829427063
482,1.6514579438628503
483,1.2648924478114458
484,0.13087170642330934
485,3.425797899048963
486,0.11519381357070518
487,0.7642631419992689
488,0.7710180631614565
489,0.07406008721219007
490,0.1656870693965778
491,0.1234515725858176
492,0.6597679851482896
493,1.1486981638723068
494,6.274940562126453
495,0.60541874789098
496,0.33786096384674974
497,0.25903168812208377
498,0.11611844084933032
499,0.2295769594400915
500,0.9564955936807147
501,4.2345279486903955
502,0.7630624267222696
503,2.2626206559833903
504,0.4888312517729772
505,2.0442412878409586
506,0.18883551131804124
507,2.56870375801833
508,2.2068395771829143
509,0.09813860163514815
510,0.8312582059934706
511,4.381343849487241
512,0.08836191820834038
513,0.4356320244644859
514,0.9539700093021105
515,3.097096733872598
516,3.8098627657131194
517,4.125382557248807
518,0.7822537096540141
519,0.22319686158844376
520,0.26282077707697954
521,0.2958228715350386
522,5.069269605277438
523,1.709297751980987
524,6.075046038013557
525,0.0641720144316069
526,1.1778402844283287
527,0.1480741201007359
528,1.0357270169867607
529,2.7619806563479026
530,1.455402455240703
531,0.13408954413516982
532,0.6616353403735346
533,2.3496500573112478
534,0.052109183079740495
535,0.06601268480866052
536,0.07800259835135757
537,1.0798338323497068
538,2.8027007522533003
539,0.6105239074668785
540,1.0439101738050427
541,0.0486807883556529
542,0.13499586658475327
543,4.902675457204555
544,1.2274849985492011
545,1.8841440675189491
546,0.8411800269145879
547,1.0227507326831775
548,0.13484520695763566
549,0.30714164555410195
550,1.474330553883909
551,0.5429660020446074
552,3.4427552475772423
553,11.470092695854254
554,2.0993242665569136
555,2.23919784746539
556,0.20512405329520456
557,2.882010605208662
558,0.8747823625868183
559,0.23051541945726925
560,2.8820692476681646
561,2.1860933678740735
562,1.167767639188076
563,0.03173793438383846
564,0.26494859232633766
565,0.5522320912022343
566,7.466879245632452
567,0.6150579441399675
568,0.5262722090236778
569,0.08215727872300727
570,9.49453350409696
571,0.5493344177500252
572,0.7730767026218242
573,1.0623241218951454
574,0.3209276756631102
575,0.20754680383898633
576,2.293377879748367
577,0.9501809261494911
578,5.031865576856545
579,0.03293217292300674
580,2.4288472848265865
581,0.3915534617502639
582,0.0896160070212593
583,0.05555122657788909
584,1.5247900123122935
585,0.9150924653779564
586,1.6651507976102526
587,0.16213772870029086
588,0.3269335177212538
589,0.75288279932138
590,0.946635725733241
591,0.7072122528213411
592,1.0278680941477072
593,0.2501500572808294
594,3.1904233264367052
595,1.2798120135306377
596,0.14441411865978449
597,3.044132525727427
598,0.9499097183010927
599,0.0351159568627669
600,4.1827422074527485
601,0.2115114837751914
602,0.04263009061356432
603,0.11679188937480586
604,0.18919168105396314
605,0.10196069940639936
606,0.10523393682810946
607,1.4625039636706914
608,3.200506662426969
609,0.10859802850106054
610,6.154040322915803
611,0.08377410865138116
612,4.683433013132461
613,1.6976376758539922
614,0.19250113721686474
615,0.1339230330438488
616,2.3355771327059607
617,5.041223549836111
618,0.8719482283705307
619,0.08832980818441885
620,8.157715130834081
621,6.973094843892563
622,0.5387199811393248
623,0.1716261870873927
624,2.8759022475764855
625,3.354449435793548
626,1.1308402824875374
627,0.4660191671223338
628,7.3687751697836426
629,4.804458339517305
630,3.5312472356723807
631,1.7495079712695962
632,0.7376974803376253
633,0.6334656058694282
634,1.5286346961992485
635,0.031155031221219272
636,4.442527632012499
637,0.9289700793655447
638,0.5435421086550044
639,4.268316757878884
640,0.5936270758578734
641,3.6938845553062034
642,4.020814022185414
643,0.14991742371694952
644,0.07675156151682483
645,2.5574234303113843
646,0.39100007751243665
647,0.23256974979211265
648,9.715108164995394
649,0.038079985431643315
650,5.145395945423501
651,1.5538393570066296
652,0.6531422796920885
653,0.36745822870815775
654,1.2549872125169308
655,0.6457529789145011
656,3.265403533161784
657,0.1892257530933627
658,10.008024462446024
659,1.4906088029716265
660,0.08237713106167313
661,3.4842039619549423
662,0.44153111629778086
663,1.543148675342516
664,2.8491060827513772
665,0.3563078411267562
666,7.525299512438282
667,0.25735627107648473
668,5.782627204145997
669,0.8610935378348296
670,6.560376972544299
671,0.5043616922975769
672,0.20945321674976378
673,0.8295454725310956
674,1.9550060410493768
675,0.040715587408175956
676,0.14368966826518864
677,0.11623107070984841
678,0.12579915050714457
679,2.5954509779580297
680,3.4570523273820095
681,2.2486982697501188
682,0.18556380578351356
683,1.7078622837390305
684,0.7741831488076989
685,1.3433335692191735
686,6.847824647612503
687,0.8180472439677262
688,1.6307798575114143
689,2.313183193245328
690,2.668980623410693
691,0.3421158390702498
692,2.221992329857401
693,6.597850227743063
694,0.02520767047158018
695,0.13710474561851826
696,3.1948883687624194
697,1.3119111522611853
698,2.9139445018476553
699,1.7034398053769575
700,2.531668417617759
701,1.5752582491317173
702,3.151294928729115
703,0.8904952953258692
704,0.7070901142925258
705,0.4859530234251302
706,3.0504807860690457
707,0.46702643570377633
708,0.17895757456176803
709,0.8441877054554068
710,0.5400978477715974
711,0.14723643775231518
712,0.025419277207596135
713,0.2799000421501742
714,1.1056765845900516
715,0.04005542563069841
716,3.8036520314719375
717,0.16772893527522872
718,4.451925108930758
719,0.09985612492387276
720,3.2712281917131154
721,1.9135719718012396
722,0.5512203847437259
723,0.09389344451394013
724,1.9456539623504179
725,2.0876003926825177
726,0.6262295222102374
727,0.39899371407847584
728,5.054375489240028
729,4.0780654686847
730,0.02851466838280204
731,1.4522468494275755
732,4.128064791440998
733,0.09490913939608522
734,0.054221586143797545
735,3.9294651549453086
736,0.3236878308241352
737,7.067405173696319
738,1.7480730213663904
739,6.305515534448576
740,1.678094208255305
741,0.09506848932908787
742,1.559653812472174
743,2.219184144991563
744,3.038090810785709
745,1.096125731077516
746,1.1791043331411148
747,6.6148119469708035
748,4.883552408070445
749,3.196659369942954
750,1.43831318924808
751,0.20358810075939632
752,0.6869682929839265
753,0.1677244830001935
754,1.6143050930533327
755,0.17102530970720806
756,1.1239821267093237
757,0.3996564169196495
758,0.49022203867356784
759,0.9003381439535092
760,0.6842705206093791
761,0.4999659987084364
762,2.8475689262323245
763,0.634376002430354
764,4.489017125069503
765,0.2894974945318517
766,2.6993708452673326
767,5.462211487393597
768,2.158461509871743
769,0.5987057317482465
770,4.57237898383348
771,0.15019790578770623
772,2.0175918010825953
773,0.46069771549058847
774,0.4434750976582009
775,0.5415792718964656
776,0.04717375344610268
777,1.9394383701935887
778,1.581363649256068
779,1.452576772524852
780,0.10345248357970044
781,0.27503105222210533
782,1.9615067693795263
783,2.4538753949730823
784,0.9869696159789612
785,1.628068353406381
786,0.534272403334269
787,2.4128940031900767
788,1.950463382379693
789,4.784996476158789
790,3.6843613842911402
791,0.05033344385325096
792,0.6770211793375572
793,0.06294081454885073
794,0.20081161749499793
795,3.8241224510699428
796,1.7024143055696979
797,3.326096915537314
798,0.8106915959416117
799,1.8728261327321594
800,0.22969379068324147
801,1.2790414694851675
802,2.965802662210815
803,1.8185022713890922
804,7.166953394734536
805,1.4992056470853967
806,0.7044977585083552
807,1.0930567764325752
808,0.07131424047018733
809,2.1643998857308935
810,2.7714090785270713
811,1.0008850565636767
812,0.23937402296193114
813,3.0197884993917388
814,1.069657770039267
815,3.5824276068676513
816,0.4617574318993611
817,4.223210076382118
818,0.43700740025372714
819,0.659076337767617
820,0.09380036795781066
821,0.6125357537932452
822,0.06490430015991279
823,3.475021744520254
824,0.2626072817671127
825,0.3128361208566032
826,2.023976726837688
827,1.200910582928658
828,2.281423309813886
829,2.498950034886594
830,4.771779000218471
831,0.11897959863558902
832,0.34544142762456553
833,1.1586937673077276
834,0.48127004886374075
835,1.1715028033093384
836,2.2141725442011992
837,6.919302756093897
838,0.5981196863615221
839,7.136964240959992
840,4.756928544219605
841,3.9082762812878222
842,0.4976371319265047
843,1.7708324886120164
844,1.1757072036638005
845,5.314815724411405
846,0.34974314784145305
847,3.529560556596202
848,0.22772753877893306
849,1.625271624883396
850,0.5339190007147833
851,6.292182193522564
852,1.641917113983495
853,0.9459421092788047
854,0.1104829628892276
855,0.8971874606619085
856,0.23933631524735338
857,2.1088233469889985
858,3.0541453669790553
859,1.9822518518040209
860,0.08967133885673567
861,0.21606719210104067
862,0.04181427065878622
863,0.33749636597726235
864,1.766077853708842
865,0.3878663837094948
866,1.7320300831513435
867,1.869151205874382
868,0.6194267468700878
869,3.521984243948589
870,3.846713633799767
871,0.6074319916288257
872,1.376738676346772
873,2.131843407422728
874,1.191649423014606
875,0.5693995932460338
876,2.5964655062551643
877,0.6504842869008928
878,3.7727348589790317
879,0.18444877226867296
880,1.064952650782068
881,2.7421809502979055
882,0.6824157565799396
883,0.05661967648720875
884,1.800038732462164
885,0.4963067714892868
886,0.04514787234553931
887,0.9942569736732956
888,1.7604260790489163
889,2.3091599024090583
890,0.34543756896312544
891,0.6238461995129978
892,0.8883732081299585
893,3.2834660756443066
894,2.719384654168784
895,1.294496279120907
896,5.607523668476361
897,3.1744394958730995
898,7.874313737016284
899,9.013907389949495
900,0.29131924912416696
901,0.2988525345529848
902,5.115817211509122
903,0.04593862997718948
904,1.5835480400384991
905,0.0740922248543687
906,0.1475189474106628
907,2.1196368408695365
908,0.17478244281706196
909,0.043331374002096947
910,2.1545509193729178
911,5.627996479443697
912,0.40821550481337626
913,5.151271373860641
914,0.6858085631185028
915,0.07444999555322483
916,1.9356278267416147
917,5.841942863605606
918,2.132406783332306
919,0.16270073684561753
920,3.4741603554948366
921,2.91446026744841
922,0.8255086335567572
923,9.533550881589665
924,1.1958535265847745
925,9.093369191020566
926,1.0998013773984443
927,2.4583936503735626
928,6.70325018056767
929,0.3488373812724191
930,5.896897218423124
931,0.32247911908227644
932,0.9988932270144469
933,0.9205565537376005
934,1.683747090626397
935,9.586339424077345
936,3.770229905874655
937,1.6603812097070392
938,0.7697047587277728
939,0.43078613861103715
940,0.246748841754298
941,0.2706746827009048
942,0.024292544499272553
943,0.2804284385915885
944,0.28030525013821933
945,1.4736323113012209
946,1.820685196493462
947,3.1183175588396574
948,1.8386382169751667
949,0.3431757948782451
950,0.5027678217673819
951,1.0018931724070512
952,1.0151889695055314
953,0.07213021943957804
954,0.9719453032547549
955,0.6559600766082119
956,1.5250215826640563
957,0.3449102860984454
958,0.13591218047269824
959,0.5826670103800052
960,11.558707824707366
961,0.17745860892588317
962,1.7694133757691977
963,2.7290048503649045
964,1.47319670401304
965,1.5174271617042026
966,0.25855080080290194
967,0.8927180797365585
968,2.7188854600307346
969,3.426012982024222
970,0.3933819912512563
971,5.70933087791845
972,3.785404005941047
973,1.1041650879484117
974,0.847784174128771
975,0.44220697078594656
976,5.300069440926496
977,0.11328213182417912
978,5.715066709607898
979,0.5206794480299024
980,0.47646232649786147
981,14.965822677273902
982,0.6273340297923532
983,0.07896859835807957
984,7.198479180751173
985,0.7608439674372156
986,0.28883125042826463
987,8.347931390983007
988,0.5658085707816292
989,0.11474030211334468
990,6.14042967830315
991,0.18438037687151687
992,0.06201867306809699
993,0.2656506630089664
994,0.3706041710720244
995,5.771050565247091
996,0.921899670411771
997,0.5036761382597241
998,1.8519667804263733
999,0.38726298787029023
1000,2.9185168291526926
1001,7.645035249238923
1002,9.700923422803774
1003,0.4559212276027469
1004,2.160449081924553
1005,6.3688546494410065
1006,0.5929131724962999
1007,0.10330128302473993
1008,0.2527843571991471
1009,0.10295405288678179
1010,0.18971980538569239
1011,2.053681999180576
1012,0.0766130355391056
1013,5.610043167120994
1014,0.16598183686743107
1015,0.5567340725563765
1016,0.18213361172320944
1017,3.166939841032703
1018,3.3387241193174866
1019,11.201636636699977
1020,0.4869140257418072
1021,0.7653454670317787
1022,6.483442470489599
1023,0.2390812524928361
1024,3.4234999970758193
1025,1.1352863722383737
1026,0.31105997316354195
1027,1.0348957590668388
1028,1.7614659718835604
1029,1.782713238033151
1030,2.5816913128249457
1031,3.3530905795584225
1032,0.41296611723700416
1033,13.337327452352604
1034,2.097492979847168
1035,2.1572352345880783
1036,0.062441549820021966
1037,1.0117559810465284
1038,7.792293127218194
1039,0.251120535578063
1040,0.09576536676221148
1041,2.42721882317153
1042,2.2450834869948917
1043,0.2542587073074827
1044,0.11464702156758227
1045,0.3893485048073965
1046,0.5544520216229567
1047,0.4189243888786747
1048,4.342915705738977
1049,15.63652940923334
1050,0.36445925609831537
1051,5.576274419263618
1052,0.049287575314420726
1053,1.8420601093606
1054,0.16485395736324934
1055,2.155354060484597
1056,0.6815694251925284
1057,14.68120646983588
1058,3.0291411981841447
1059,0.6706958500514101
1060,0.1054773163198392
1061,1.2557827276921247
1062,1.087475197125308
1063,0.12159997558307067
1064,5.977948033006154
1065,0.07841049289654697
1066,6.334279247394953
1067,1.0260985797290383
1068,6.293301803992687
1069,0.07550345395332345
1070,3.7963982733490615
1071,0.8007590302210892
1072,2.0087271255244006
1073,0.17833697594051506
1074,4.0194110300629795
1075,0.15096060134569084
1076,7.022187448293703
1077,3.477083665120831
1078,0.03768556960940819
1079,1.2365610420972404
1080,0.3529417577310805
1081,0.15583311485068718
1082,0.2016092299497353
1083,3.672825435263592
1084,3.898988479240079
1085,1.9681418932420425
1086,0.21271743205982763
1087,0.26701604649178995
1088,0.12835329760013525
1089,0.037916932699013146
1090,0.9616715312359644
1091,0.2918483957855305
1092,0.21779517120827846
1093,0.06089529062577293
1094,0.06384337129926412
1095,0.06843880797400831
1096,3.075868345548204
1097,3.844345230451295
1098,2.5514669357543247
1099,0.4609908389229623
1100,0.060893907215813975
1101,1.5523754604838618
1102,0.12614921627255157
1103,0.7080961739866523
1104,3.6010590742612534
1105,0.37561623065986083
1106,0.07164722292358806
1107,12.188040631657348
1108,17.086483666453294
1109,0.33740587231122354
1110,2.3962049312272784
1111,0.08958661063074794
1112,0.30409358529609243
1113,4.513307409570615
1114,0.2685078682480653
1115,4.327488224266033
1116,0.033185507856128914
1117,6.351412268110473
1118,0.7684026395371505
1119,8.755018231352164
1120,2.2031114632060556
1121,3.3044174975054497
1122,5.798955752256046
1123,2.0282528037899272
1124,0.13240991838142363
1125,0.3500031812322961
1126,0.21497503420988284
1127,7.522881742380486
1128,0.7418222438561923
1129,1.28370884006397
1130,0.7938558147299124
1131,0.6566473470344982
1132,3.519167044923931
1133,0.13727776511480522
1134,0.14655941379793425
1135,2.5650126619242664
1136,0.6885777793801008
1137,0.19653611928604142
1138,0.3292427644503857
1139,5.588578472477952
1140,2.1544650153806404
1141,2.4777375289688517
1142,1.283437523521349
1143,0.06734462578593811
1144,10.37536199940551
1145,2.8794277357402063
1146,0.06590552151823162
1147,0.9197023406436335
1148,0.3350432222493096
1149,0.09400536564770484
1150,0.7233593449229214
1151,7.435490033704962
1152,0.43288314939146155
1153,0.7827724526993345
1154,0.5132636865404044
1155,0.06377333636861887
1156,1.2025269919859356
1157,0.11048643999451543
1158,0.7536076294882459
1159,0.17996489671293336
1160,0.2224032651023164
1161,2.370348880097274
1162,0.8845021927983906
1163,3.773331673315103
1164,0.1299898537487736
1165,0.06028208123828986
1166,7.782535544942634
1167,8.187480136932574
1168,1.8203182865672267
1169,0.07034773995657576
1170,0.20272610121537976
1171,0.11087141431735328
1172,1.4309354509657566
1173,0.3906140010815063
1174,0.15959839098176531
1175,0.1383946285885767
1176,0.5274109099219084
1177,0.46086314706714165
1178,0.09710079196657598
1179,0.2456694249224766
1180,1.517042996548139
1181,2.102710182689437
1182,0.05994396001334895
1183,0.32621457265403486
1184,0.23416402885070364
1185,0.10323054944428359
1186,1.5398916454465656
1187,11.231519533404171
1188,0.6174906055969109
1189,2.2317886438614423
1190,0.1838455099575169
1191,0.38441784201824636
1192,1.3428687066485092
1193,13.020919334266205
1194,0.16512887158515593
1195,10.34153140536731
1196,0.07270506035153063
1197,5.762260519728734
1198,3.645112925508054
1199,3.487513449046437
1200,1.1413338105920654
1201,0.1506545708871816
1202,0.06681515312388031
1203,0.06187974904097847
1204,1.8734719914303504
1205,5.862465391565549
1206,0.2995096747982871
1207,3.483309630016538
1208,0.1810459413256809
1209,1.3032174078216707
1210,0.32284034758334157
1211,1.2310955716706866
1212,0.4436489102817963
1213,0.07158800577130663
1214,3.769492920941436
1215,4.675499200375354
1216,2.907642982728638
1217,8.325136267671818
1218,0.2940005261974832
1219,0.22578983833910357
1220,1.5488437726837931
1221,0.4557479088650723
1222,1.37322583702136
1223,1.3173153228754686
1224,1.088151634915725
1225,0.5442367619919748
1226,0.32075900237547694
1227,3.6541113797801605
1228,0.02764267268630172
1229,0.2242302468823586
1230,5.595881377234747
1231,1.3587204728770375
1232,3.2285935119603595
1233,0.7185843134670521
1234,0.9162739711470267
1235,0.385353702540513
1236,5.389589273174726
1237,0.15414244214843464
1238,2.749575467039213
1239,0.1264088834061096
1240,0.6456803266095162
1241,3.062863566820086
1242,0.19336787525726495
1243,0.0691042253794211
1244,2.3405663508920407
1245,0.16835298587436648
1246,0.4844549500146086
1247,1.3787049827452917
1248,11.079755095673299
1249,8.464727105374653
1250,1.1133569405790047
1251,0.24031960976379407
1252,0.1993902606466746
1253,1.1145108833413322
1254,1.9672352835134348
1255,0.24510775362246592
1256,2.6567597732293042
1257,1.1122638163460898
1258,2.194382667529874
1259,8.165434282934761
1260,0.2404773631735746
1261,0.7580301012584373
1262,6.531283387238792
1263,3.1362391512285814
1264,1.66953323497052
1265,0.635412866302447
1266,0.03568931080974569
1267,4.5128027969432605
1268,0.22779007669712176
1269,1.4451974839991202
1270,0.08156419210705737
1271,1.1331857412474322
1272,1.0753267401504967
1273,1.0902998514285502
1274,2.01048101083712
1275,1.7590676962704643
1276,0.0829409415622837
1277,0.700406325703355
1278,0.9002692493123511
1279,0.11834425706085819
1280,1.003635903662405
1281,0.07805302475969025
1282,0.8501525671087611
1283,0.9770260223308029
1284,1.0845787769539323
1285,7.788560695898182
1286,0.9660182999816047
1287,0.099842141828274
1288,1.3333619621327604
1289,1.1172084118494046
1290,6.19777053960865
1291,1.083224266046737
1292,0.29169207516872364
1293,1.8134528353545596
1294,1.8897492454539648
1295,1.8849643445914905
1296,0.12949731123688502
1297,0.058307725192944325
1298,10.423093876634598
1299,0.49577662496021474
1300,2.0093827946200506
1301,1.185305215052627
1302,0.7583080175831066
1303,0.15511800409909338
1304,0.522595796581456
1305,1.228722132355382
1306,0.7126835480681009
1307,0.10241199181555945
1308,1.5000274179767619
1309,2.514888442846777
1310,2.9522500376600975
1311,2.1666445100529015
1312,10.795610881861965
1313,0.1255633463666599
1314,1.1631408922655901
1315,0.7261817101322081
1316,1.4136056467872162
1317,3.23950133847575
1318,3.833923898781366
1319,1.892902117270113
1320,0.08261097142714546
1321,0.6967315306495725
1322,0.18843379121799883
1323,0.20670433678703798
1324,3.9073690916194916
1325,2.8027593029264315
1326,4.154730102440068
1327,0.39985761720703084
1328,3.2818153429744066
1329,6.516622559109674
1330,2.937301356888929
1331,0.07354994416720272
1332,0.2250660989868501
1333,0.13105443538172074
1334,0.2782974898514312
1335,1.2347584127509839
1336,5.45323095327047
1337,1.7420494873827328
1338,1.703469054176745
1339,0.23617195263224586
1340,2.5833212424397707
1341,0.03216165425246084
1342,0.5393680990043865
1343,0.09407446758355129
1344,0.9709371936701813
1345,3.3134640870234167
1346,1.7851200485456071
1347,3.003020924649962
1348,5.062459827799288
1349,0.9558589620472122
1350,3.6313324344633084
1351,0.6448033231222272
1352,0.42190181092402157
1353,0.16199892130196214
1354,1.7189000801102696
1355,1.2211407129584688
1356,3.5882529353368606
1357,0.31161778233571924
1358,5.932287528814131
1359,6.201932854636938
1360,2.8083117521410657
1361,0.13486646081310855
1362,2.932060688572723
1363,1.474226589416052
1364,0.311725052823538
1365,3.7653137863723702
1366,0.3744845921132052
1367,2.172955604612036
1368,0.2563054425403044
1369,0.12235793522422266
1370,1.3680377099967822
1371,0.09548860636136654
1372,0.09165356208693845
1373,0.14734888379432226
1374,0.036791102741107945
1375,0.2294892934986248
1376,3.8707111238685084
1377,2.917152507598533
1378,0.044748840691319104
1379,0.7837004095586045
1380,0.05047013170015509
1381,2.8667695930829407
1382,0.48186936964482274
1383,0.6101345817649331
1384,0.7439862049202008
1385,0.06262409091929316
1386,2.9054802551204926
1387,1.2919756974820578
1388,0.18283603541636131
1389,0.2953848881263175
1390,1.4684715455335724
1391,0.5815348377105074
1392,0.14312946403920276
1393,2.4631903960565458
1394,0.2621710791985305
1395,0.6245321401142218
1396,3.455564905825472
1397,4.2511216401706395
1398,0.32025818457829963
1399,0.44603468649244143
1400,0.5224330575091847
1401,0.22860587843707803
1402,0.39698464066169004
1403,5.017877272790404
1404,3.4070693600009183
1405,1.2871633469380928
1406,2.5375621974260696
1407,3.363188281275411
1408,0.6920037961227107
1409,0.21773299575700453
1410,3.727336513240628
1411,1.6490263701931973
1412,2.024767124413868
1413,5.740010530232022
1414,0.2308629863189356
1415,0.7003668055542319
1416,0.5395568547929475
1417,2.083113261067341
1418,8.404472485207144
1419,0.570105023490087
1420,0.5603955377162599
1421,0.7228847394348823
1422,0.13962625303777115
1423,0.11762417476676779
1424,1.2935352134773133
1425,0.0830331371350376
1426,0.941246113726511
1427,0.7230519205361438
1428,2.0267350974410587
1429,0.1868704929666964
1430,2.2609258675455695
1431,1.451735987842054
1432,2.8569016391089375
1433,2.2806122668573443
1434,0.31456183244069985
1435,0.6196194537841848
1436,0.7607644538719882
1437,1.03039832534825
1438,3.2899343543398225
1439,0.21376854993389566
1440,0.9776351075367373
1441,0.8721487788371635
1442,0.1171026021014506
1443,3.380506291884438
1444,1.5978024406257467
1445,2.820072243409583
1446,13.295712718498915
1447,1.0782359809696547
1448,1.167919323448377
1449,3.7535634701550156
1450,0.48985338737321404
1451,0.6862285893907081
1452,0.3128463623786122
1453,0.5676039028035476
1454,2.787431024990247
1455,0.1832878411021538
1456,13.257905315417919
1457,0.04690799250250101
1458,3.863743840826449
1459,0.6605114539030712
1460,13.160766480252649
1461,10.835762144752884
1462,0.11378322769992359
1463,1.2038680980501208
1464,0.6019226279784925
1465,0.9325887938200754
1466,0.5362858760772813
1467,0.8065288630199446
1468,0.07950186935035979
1469,1.33224786068917
1470,0.05358535372363106
1471,0.09125123193669837
1472,0.16910956409227107
1473,2.1877667905307363
1474,2.681851498805459
1475,1.13838065850196
1476,8.796821636422106
1477,0.5031786538241676
1478,4.734523872600467
1479,0.016475458794741327
1480,0.7730706249685302
1481,0.4678410464446372
1482,0.17622289644513223
1483,2.046507079540369
1484,1.301256891108634
1485,0.27600584529520034
1486,0.23662043271414707
1487,0.4673349205839606
1488,8.781811844117682
1489,0.10033810605124024
1490,0.27258541919266166
1491,1.1337832094485543
1492,1.3546435109654587
1493,5.489951074314964
1494,0.27206612010678016
1495,0.7568678083412569
1496,0.42876880382220084
1497,0.1339975836651205
1498,0.600229767783933
1499,5.129813759563153
1500,0.18111265061682874
1501,7.0229475956413605
1502,0.8215257708950806
1503,2.2949267180324178
1504,0.8981881513282086
1505,1.4702749477595138
1506,0.7129398896968633
1507,0.9462488136578866
1508,2.938705500677718
1509,0.743547450216895
1510,0.30651564871686776
1511,14.287999421413977
1512,0.13713404913786792
1513,0.6341989874145393
1514,6.670416426673601
1515,1.6341782246357222
1516,0.07729247505108935
1517,1.779373376821312
1518,0.8278284158309077
1519,4.002849435586874
1520,9.75400512387985
1521,0.09741304215125418
1522,1.0491856665042074
1523,0.16870827643779204
1524,0.6171849794097803
1525,0.7123355916566152
1526,10.059882751025704
1527,2.2683389979681094
1528,0.3739125323162387
1529,5.15033395909046
1530,3.046488988882518
1531,0.3385966807654044
1532,0.6740578235495731
1533,1.1059547209219547
1534,0.40522928749769516
1535,6.754871804228391
1536,10.628197208703387
1537,0.07220137305915793
1538,0.9776076488305134
1539,1.6374339223380774
1540,5.111523831257316
1541,4.472720088746721
1542,1.3016868282897978
1543,2.849701114876794
1544,0.9193079688598882
1545,0.7809299166523436
1546,0.6045958035307752
1547,0.20103345383857754
1548,3.521565375227217
1549,0.43962571271181494
1550,1.081843393967574
1551,3.269200838790939
1552,4.27148949723183
1553,0.34871022645529004
1554,0.3143277569161429
1555,0.973994595523772
1556,0.5678946817678092
1557,5.390361618579469
1558,0.1410855397748078
1559,0.3267715394759931
1560,0.28841226182754837
1561,4.342150675757335
1562,0.4974861208306226
1563,8.345088968385156
1564,0.6088623998468747
1565,1.3828332459383545
1566,1.450691112237032
1567,0.5552481733504635
1568,4.178778499951986
1569,2.763563747224066
1570,0.2121041262680296
1571,1.8958800703029712
1572,1.130515853713438
1573,0.7678301236420575
1574,0.07794580135226861
1575,0.032090594243958936
1576,0.6725796985350478
1577,2.285535187348283
1578,1.020128341082228
1579,1.7195715785284864
1580,1.0026917682292815
1581,0.1957916719951447
1582,0.28922580261643294
1583,4.407453576695174
1584,0.1555814748539229
1585,1.0027530286991375
1586,0.5212733385741921
1587,3.3189986896386667
1588,5.403357245978749
1589,0.28398542757500467
1590,3.801248712529821
1591,5.0232661981707745
1592,1.2709139411223016
1593,8.634169953107214
1594,1.1197006841115629
1595,4.870542834670333
1596,1.57632244671668
1597,5.172840420248247
1598,0.514308681319612
1599,0.0950937420994292
1600,3.8715259749247277
1601,6.0980901938944605
1602,5.078703459704169
1603,1.7874908262130305
1604,2.006821972386132
1605,5.967516881223915
1606,4.49269673255923
1607,0.04130885090303645
1608,7.758413201270877
1609,0.39640819794284277
1610,6.1336566349592285
1611,0.07399667047030059
1612,0.5883101904811536
1613,0.45570340931195163
1614,0.1193918262871014
1615,0.06945880716248479
1616,3.223525813925434
1617,0.0952113652405854
1618,3.860696658956857
1619,3.023004353024052
1620,0.1448887631977851
1621,0.7158246243258042
1622,0.6371142220684429
1623,0.9501562720328615
1624,0.25476577199867234
1625,0.5531220413312037
1626,0.028542533641971936
1627,6.483997082937622
1628,2.355333031836723
1629,0.4136720448013107
1630,0.2743214475720319
1631,0.11211155659649241
1632,3.953057110166813
1633,3.379439709815114
1634,0.037815502579754585
1635,0.2405499503278775
1636,2.4046586510450503
1637,0.5630498740911233
1638,0.6920306682018431
1639,0.06703698364032852
1640,0.854370376234486
1641,5.257679498153628
1642,5.896263498163509
1643,1.5000666969058378
1644,0.08020727404928933
1645,3.6282724092447847
1646,3.806078865429809
1647,0.10510679634618775
1648,0.20564813857926906
1649,1.0020226154835221
1650,2.5994933970946583
1651,1.1207231678176268
1652,1.1505131456695359
1653,0.20451295669180716
1654,5.293718277500645
1655,0.48481958150564775
1656,0.9057560419966346
1657,8.841271251293275
1658,0.07932896195968109
1659,0.0671963159741471
1660,1.1468513786576766
1661,0.24249619614768522
1662,0.1137434417892326
1663,0.29682569351850463
1664,0.23683978774518089
1665,0.7055837619600649
1666,0.8045952708232814
1667,0.6238960545682953
1668,1.1309174028893967
1669,5.756286755777165
1670,7.29180639440751
1671,9.875212995559487
1672,0.16053306751387586
1673,1.8300002884615756
1674,3.0555782105759346
1675,0.10710727538165796
1676,2.1136527378647525
1677,2.344366867912096
1678,1.479857349765997
1679,0.5046684922953759
1680,0.12889705747891855
1681,1.0888283137232846
1682,0.07754550722547199
1683,1.8385265628618424
1684,1.0780090983992117
1685,4.4862527226067535
1686,0.2813774529667816
1687,1.7068966803704337
1688,0.7077533047763609
1689,0.19314330127649693
1690,1.3675448809605837
1691,0.08283762533054417
1692,3.969126655892007
1693,0.7714706115041898
1694,1.3172675453907647
1695,1.23412528670395
1696,0.18604586903573056
1697,2.3207533804138567
1698,5.937939441598459
1699,4.713141411792507
1700,0.19567619248810408
1701,4.891671593181563
1702,0.3325645770911144
1703,1.2789687564124101
1704,2.7911819617335456
1705,1.4478743619156103
1706,0.2684269124041965
1707,0.2970119493061949
1708,4.836355719788723
1709,0.18436986886078413
1710,0.7975251882608534
1711,0.20544711310773844
1712,0.5648663816137209
1713,0.94639883243873
1714,2.790383172064808
1715,0.6636823086986559
1716,0.22848256776024117
1717,4.113794970036793
1718,1.0797256140577298
1719,1.7335215039695338
1720,0.7821713865338782
1721,5.209574789297925
1722,0.06467716557114145
1723,0.6079924886607462
1724,0.3926780668552513
1725,1.3455297578096324
1726,5.856834991808967
1727,1.8510315953179242
1728,2.3032541347506963
1729,2.0621989442702877
1730,7.67418447764495
1731,1.4933869427437214
1732,1.6920541633590904
1733,1.9944913758806249
1734,1.2452485796293733
1735,0.07011861749685547
1736,2.4665706733955455
1737,0.41380353446833895
1738,2.2069388780632124
1739,1.9947560200644279
1740,1.7274020903671499
1741,1.6072933484962917
1742,2.2618029837680753
1743,2.627495298244139
1744,5.545092296044158
1745,4.9578615715737016
1746,4.72668250308514
1747,0.2820542174337857
1748,0.41466186356833745
1749,6.784035142157924
1750,0.09729440489133417
1751,2.416164745421809
1752,1.928425808330382
1753,7.439691030935732
1754,0.09832232703733151
1755,0.45543668286144956
1756,0.9866199121785264
1757,0.490912980583777
1758,0.20527453308551352
1759,4.083353719972196
1760,1.9144365344580754
1761,1.6122796715640089
1762,0.8506530178542152
1763,3.0723978445313125
1764,0.09627151734821363
1765,1.327389648619273
1766,0.38231321175136923
1767,2.3796476652429472
1768,2.7119561946991664
1769,0.36612258121765173
1770,0.10244163071030987
1771,4.35793412661341
1772,3.07026344127003
1773,0.5038832920119537
1774,0.14623953990396765
1775,0.4777716550478778
1776,0.06921890473637977
1777,0.6666644135897184
1778,0.5909872487493368
1779,1.2975251230547151
1780,0.9429764926479757
1781,0.32785756521308423
1782,3.2305651442979837
1783,0.11355085239934505
1784,1.1155502856563586
1785,0.0377682471717145
1786,0.23252116800264383
1787,2.1043990685244496
1788,0.5479577627472363
1789,0.27848134731962093
1790,0.32374819348257244
1791,0.4483289599761345
1792,0.5541608164366392
1793,0.3104780471599448
1794,3.2801168334884787
1795,0.12420663050303705
1796,0.17287723674563352
1797,0.17457177806097257
1798,0.2068660686003177
1799,1.5484532459143598
1800,7.162817508531003
1801,0.06151267492021681
1802,4.090043529228742
1803,3.251946894899257
1804,3.3831363659265374
1805,0.037799964486846936
1806,0.21844681744923072
1807,0.2610913236513998
1808,3.1743700031366417
1809,0.040657854463987744
1810,0.3294211073333748
1811,0.6205527026604309
1812,0.17382168512135163
1813,1.6234497329040485
1814,3.6986736599395567
1815,0.9563030095281985
1816,0.14578782186064054
1817,0.7919911388283203
1818,3.7167990288152075
1819,0.12183951975465794
1820,2.5455054946041566
1821,1.5989856707371564
1822,5.945417562677283
1823,1.9264600101581322
1824,4.550172804787211
1825,2.699655598806485
1826,0.15489693375825309
1827,0.06191744729854687
1828,0.2583046249963479
1829,1.8407481496385523
1830,0.21910196444723382
1831,0.04103472378570602
1832,0.2511382429245397
1833,13.185779063526343
1834,0.2245857190772513
1835,0.06941564734770632
1836,0.5656583638333537
1837,0.08491417738621629
1838,0.5426909055604845
1839,0.08328644032287674
1840,1.2519119533882535
1841,6.911979988327402
1842,7.514425699921173
1843,0.10124323977858832
1844,4.181284197615101
1845,9.486030206253353
1846,2.749792979021193
1847,2.233684829682109
1848,0.16219229825456888
1849,0.47621809372074875
1850,1.4534950536129618
1851,7.240678346438667
1852,1.7751019021830108
1853,0.1804713419862296
1854,0.030304411436977943
1855,0.3618934926713202
1856,10.016166989099048
1857,0.034853264343482154
1858,1.725588227022795
1859,0.38405729921414344
1860,0.19709158979749017
1861,0.1700167563130907
1862,0.25463489872296186
1863,0.04622782364812735
1864,0.47249635743859386
1865,1.4333259308780093
1866,0.5291836868600257
1867,0.27976693660286267
1868,0.12563667854358646
1869,2.5743375171171996
1870,0.03203014524289534
1871,10.002905434902909
1872,0.07529484606024617
1873,0.09196950435956246
1874,1.362509760886946
1875,0.2609712437771813
1876,0.0858952491212758
1877,3.4160974273281783
1878,0.40621295419160197
1879,3.7674966516638038
1880,2.9936616922993258
1881,0.18192982367612992
1882,1.4885646006856912
1883,0.07809871068024882
1884,0.16424641514560911
1885,0.19225520203515897
1886,1.340883277969481
1887,0.6147737855712151
1888,0.11316028504444264
1889,0.670668155376444
1890,0.13946143951515494
1891,0.44940417377878084
1892,5.842568316238039
1893,0.6572992783396441
1894,0.10389026173285176
1895,0.16290093853834786
1896,1.4859422369647501
1897,0.2990680749137121
1898,0.7704954616532858
1899,6.184377793398026
1900,4.658803855024027
1901,2.560208306773507
1902,0.3071506344553999
1903,8.814869634097864
1904,2.4700551598041867
1905,0.21109588038416272
1906,1.0200053938164848
1907,0.4810720954454928
1908,0.4353809822978455
1909,0.2649568661563515
1910,1.3863313793224301
1911,0.181396163771722
1912,5.810085969483117
1913,6.473280009052798
1914,4.301590003674159
1915,0.156467604498195
1916,0.1618910479783043
1917,3.420937722236981
1918,0.8151439687480674
1919,0.13247553478855023
1920,3.9054137090365764
1921,3.3086839041843863
1922,5.187584025689004
1923,2.4959511426011662
1924,1.2829914688021469
1925,0.833632336669117
1926,0.17141385047410007
1927,0.7145947205924699
1928,0.03489552582444429
1929,2.314241024530432
1930,0.22129294487724613
1931,0.651596242048847
1932,2.736586495953513
1933,0.7267490588532168
1934,2.206255155688093
1935,2.467630746058171
1936,0.12145293640981572
1937,3.9919586264342564
1938,2.051900608474045
1939,0.1750287391077336
1940,3.172722771057214
1941,2.28201147751832
1942,0.5026147594610653
1943,0.17771919579259698
1944,2.040687228476845
1945,0.18569402528284396
1946,1.8370912493647844
1947,2.06447286257049
1948,0.3424722313313667
1949,0.1494035764341939
1950,1.1228242332613139
1951,0.524684200057895
1952,3.01325384118643
1953,6.416276521422185
1954,0.08924117856912187
1955,0.21059934184957885
1956,0.16254945502322826
1957,4.429821170699094
1958,0.4234252932949355
1959,0.39605734902975187
1960,4.632717413511333
1961,0.19416089013366122
1962,0.23366859623404151
1963,3.1545456915059407
1964,1.3823203060964149
1965,5.835755360692261
1966,0.6134827653164352
1967,3.0601386343054253
1968,0.9285356873503406
1969,1.4409220058815988
1970,0.07167029880613102
1971,4.162430120462796
1972,0.9532655131022283
1973,1.1773702509027997
1974,2.4161615202753395
1975,3.666296939043905
1976,4.605130892846935
1977,0.16383425974307442
1978,0.3880680093866047
1979,6.234771330867369
1980,0.03828132526293376
1981,0.10122847521770834
1982,0.030564046267985832
1983,1.8267066438387292
1984,0.7990613995097195
1985,0.72626773530914
1986,1.692307463403182
1987,1.0524974493098984
1988,0.04506462202834107
1989,0.13722758862806356
1990,3.7715473477361767
1991,0.8000301805820704
1992,0.15309647555976286
1993,0.04981558060474214
1994,6.199485905608622
1995,0.05800732691901999
1996,3.193481952156686
1997,0.25252572386797945
1998,3.0339839500466383
1999,0.2372316568895826
2000,1.2500794837443205
2001,10.596528752677656
2002,0.94577499190505
2003,1.3633720586468365
2004,3.9388436803545215
2005,0.6759291656632167
2006,0.5265137286605939
2007,0.3620406933952383
2008,0.28876269774707763
2009,2.686721369790427
2010,1.6547105361162546
2011,0.41561141116244427
2012,0.43922983847978936
2013,2.363830114947114
2014,2.859403513918676
2015,0.22791073470402837
2016,2.732010005114507
2017,0.08753650122178608
2018,0.816840829392881
2019,2.22552680189249
2020,1.8448419725849952
2021,0.3005335875657279
2022,1.3014208526174043
2023,0.45765462609377505
2024,3.340239207419149
2025,0.40054688261306703
2026,0.49899120563365906
2027,1.8102272540209365
2028,1.4602114645709372
2029,0.5895535445882734
2030,0.32315806490239163
2031,0.43697112769564767
2032,0.6113068672950848
2033,0.1224305987617472
2034,2.583739395547533
2035,4.1050881359087334
2036,3.482153527338659
2037,0.08133892229572086
2038,0.11022521702437207
2039,4.877392479858944
2040,1.0550267588519457
2041,0.28926040281209014
2042,0.4787212732050704
2043,0.36055766873856576
2044,0.13233685340679935
2045,0.8444268141939186
2046,2.058975093435326
2047,1.0039408011235762
2048,0.12168420197023225
2049,0.6808063049920473
2050,0.8242864501566027
2051,0.13439120660415815
2052,0.10183517684102047
2053,7.961219229004637
2054,0.023578666375032763
2055,0.22325371449039202
2056,2.5047009287635817
2057,0.5549971105053033
2058,0.031475006567498486
2059,1.8431787441241654
2060,4.924350786867409
2061,6.681085569784704
2062,1.3214958569647868
2063,0.19266611156368973
2064,3.8593422438704006
2065,3.2330631969051673
2066,0.8875715539190995
2067,0.31311279827311583
2068,0.4613297618493224
2069,0.366785729415733
2070,1.5566668046341468
2071,4.563717184207722
2072,2.200689936151422
2073,0.09857666072510848
2074,9.890076137632695
2075,1.6818481303276505
2076,0.23050672534943273
2077,0.15084227320860383
2078,0.6034441396760184
2079,0.02424446476392851
2080,0.4615642375278605
2081,2.2755544708534554
2082,0.1360915257705252
2083,1.0105007636525185
2084,0.3160880144380949
2085,4.399898985971516
2086,0.3908037037283828
2087,0.5607020187412932
2088,5.4679342787954965
2089,1.1828196480611042
2090,0.5788236152792917
2091,0.05542263704882787
2092,0.2739356851398169
2093,0.2907313978036517
2094,0.9216139917256336
2095,0.03324377122591872
2096,7.166515589482906
2097,1.0539588089755645
2098,0.05999141859525293
2099,0.9308202188157408
2100,6.0163726393074946
2101,1.6633603306308338
2102,1.2168695945978967
2103,0.4656550858125431
2104,0.6225602994200845
2105,0.5010853787285368
2106,0.6832651669407768
2107,0.3218570330026943
2108,1.8773171050358015
2109,0.7551579262543433
2110,0.14126269811723585
2111,0.5215318774043916
2112,2.794395479262172
2113,6.16014877799735
2114,2.413043920361514
2115,1.1390470159386314
2116,1.0030139329307297
2117,1.3545182262254425
2118,0.5493123840974352
2119,2.3425765419048745
2120,0.4102412818510708
2121,0.6147207265038465
2122,0.927941363260602
2123,0.6498445194852029
2124,2.7216315547011014
2125,0.3915321063033638
2126,1.0958960966693836
2127,1.2185782200622455
2128,9.60918541238323
2129,0.2728992944950134
2130,2.6701907001009535
2131,6.621085216770976
2132,1.2812238292120492
2133,6.611516756506327
2134,2.1733759096844216
2135,0.866676235779481
2136,0.2659423571660744
2137,1.558468162690228
2138,0.8763839483714405
2139,0.2711916997082226
2140,4.468462846823538
2141,0.15855135558306951
2142,0.3508262943230806
2143,0.05736066832083072
2144,0.0463221284359564
2145,0.02418347655019742
2146,0.9169108410424597
2147,0.4851339460638925
2148,12.88663537150858
2149,0.19435047411428807
2150,3.9530312046798475
2151,0.32463208790806924
2152,0.38277942677690624
2153,1.4526161302517446
2154,1.1868151705448113
2155,0.14691425536721017
2156,0.8453683640104954
2157,1.261825134614663
2158,1.784784410926948
2159,0.12924515596974123
2160,0.15051949716233254
2161,0.20186817231837623
2162,5.540804664525501
2163,2.834522388987911
2164,7.778511396774439
2165,1.411870450170003
2166,2.9902878957297667
2167,1.0745343333517012
2168,2.4832306172967735
2169,0.4538103130471476
2170,6.4441526169874095
2171,0.054942754525313234
2172,0.6383643200408557
2173,0.16794174278636742
2174,0.1963130305819822
2175,0.8874736707409809
2176,0.13512546092973501
2177,0.22347751666341387
2178,1.7108638653032704
2179,4.342810859316365
2180,0.10804735838905882
2181,0.09594042991210563
2182,2.1435976644635146
2183,0.683632450754575
2184,0.11676171384531893
2185,2.99774096171915
2186,0.05222410289416599
2187,0.12808277441199162
2188,2.697249255046992
2189,0.22531998939315745
2190,0.44547846618896336
2191,0.12814680259257033
2192,0.0946150949427137
2193,1.8549194815522507
2194,0.05958076548717725
2195,1.4204528475349347
2196,0.055279332240026735
2197,11.008856647594815
2198,4.596145849733878
2199,0.10659959144343464
2200,0.34131325083756986
2201,3.1370205371984357
2202,9.37763520775363
2203,4.269303774262701
2204,5.443306981521729
2205,0.8954088113544567
2206,4.9968059418002735
2207,1.0905267376926222
2208,0.9690499420161072
2209,3.3931749346344064
2210,0.10597588586450511
2211,3.7788057136370554
2212,0.5801042294512924
2213,0.023728447109555767
2214,0.18606519734806773
2215,0.3746863965709304
2216,0.3733663467421112
2217,3.1394629462604744
2218,0.17835550356349056
2219,1.288656671949388
2220,3.690200624731279
2221,0.0695983139723703
2222,2.7453738544497686
2223,0.031811743214496896
2224,0.28798552353813034
2225,0.4619993478889165
2226,0.025734968385989966
2227,0.6971759505065355
2228,0.9134886554516609
2229,1.9759782047227432
2230,0.6783836097617619
2231,0.7453196316324507
2232,4.043020087517205
2233,0.0694392854333731
2234,1.4284360144404316
2235,2.291821924175621
2236,2.5504076810857663
2237,5.754186653423465
2238,3.2375921662439806
2239,1.7654568965476085
2240,0.7032940851869235
2241,6.3276240361457425
2242,1.7323822285349404
2243,1.3152440795735307
2244,1.089885830153681
2245,5.099177009669452
2246,5.899066471042284
2247,0.18568474140153896
2248,0.5434886410594806
2249,0.1391869011926612
2250,0.09378902685462767
2251,5.152461283100941
2252,1.3517574059694106
2253,1.6605400290925372
2254,0.94842785666248
2255,2.441709784783476
2256,7.453094148254169
2257,1.6842744379169436
2258,0.6310624847409931
2259,3.943231457779915
2260,0.08862456389317813
2261,0.28992839310685814
2262,4.321518383523877
2263,3.227492809376467
2264,1.1140357554625124
2265,0.39153333875700513
2266,3.095822707463018
2267,11.035059042547465
2268,0.1751103394583653
2269,0.9353535603588491
2270,0.05172481593633107
2271,2.20625047515201
2272,1.7047295214693685
2273,3.5545118791398407
2274,0.7771022821640438
2275,0.05381692497020988
2276,0.2478660055157684
2277,1.4495596760118596
2278,1.6995196616621966
2279,0.08010104852534128
2280,1.5192871820191327
2281,5.921725522322612
2282,3.474978596099782
2283,3.210471879792725
2284,3.455264602364986
2285,4.324248076375845
2286,1.687110981568257
2287,3.7628122266585198
2288,0.973743113764966
2289,6.360475688595186
2290,0.1620327792176368
2291,0.03781294036715838
2292,0.2826767255901857
2293,2.6203611779106915
2294,1.3611398047185794
2295,0.1603237322345708
2296,0.21153611691113006
2297,0.5641761455430805
2298,1.6990783340750144
2299,6.555841709660916
2300,0.8318791542834296
2301,0.3445830815854676
2302,3.7297191577011084
2303,0.997454940235964
2304,0.07166241086925283
2305,2.6631819037743583
2306,4.809216543823657
2307,2.2669340924982233
2308,4.18734536733202
2309,0.9616379472787935
2310,0.5507866165155952
2311,0.23829726255205302
2312,1.996995042066792
2313,0.34422759770810984
2314,0.3330600881250244
2315,0.07456991111368694
2316,0.02976540925413919
2317,0.7867980030598827
2318,0.7802054146182835
2319,1.130743324446507
2320,0.16781694769996897
2321,0.039060492947550984
2322,7.611452109816931
2323,0.05752939949544733
2324,1.5402546175826461
2325,0.2720971270030236
2326,0.19077123465356927
2327,2.108681692876754
2328,0.02730478624811641
2329,0.6157515687203357
2330,1.060498341211908
2331,0.43989356298170845
2332,7.529303304696516
2333,2.8430013017499403
2334,3.2379450061132142
2335,0.05742661827622893
2336,1.6170672021552512
2337,1.1358908314580618
2338,0.846364773623016
2339,3.5161495798756714
2340,0.05915164551565781
2341,7.100453685295141
2342,0.030671804367963677
2343,0.06673622621284758
2344,2.603224719112694
2345,0.3915638910655038
2346,1.2331204565120937
2347,2.1377846514397794
2348,0.23368406172406136
2349,0.3248969568346254
2350,2.549782945739949
2351,5.831379184824229
2352,9.435445039237896
2353,2.321067002060074
2354,2.173979644477586
2355,0.933945398088283
2356,0.062310866056070766
2357,1.093022676477394
2358,0.1228684664264204
2359,0.06562970940393512
2360,0.031314176107955824
2361,8.160422562572194
2362,1.126563964221514
2363,1.0899097102559596
2364,0.15346787415054297
2365,4.722600234161929
2366,0.9467684749506733
2367,7.646782254197028
2368,4.670837254788509
2369,0.4505614592411756
2370,4.0487727869126715
2371,0.5667024223228485
2372,0.8293310836072467
2373,1.1152299981242548
2374,1.6799276535469254
2375,2.066291022874972
2376,5.881410357164251
2377,2.836801551205896
2378,0.15539465107642858
2379,0.609329306719965
2380,0.4124817189317337
2381,11.856501929722695
2382,1.0583959747982181
2383,2.0888810721942197
2384,1.2345758043346091
2385,3.6059138195964566
2386,1.3238364082988716
2387,0.13800783045027828
2388,0.5613597942641925
2389,0.02733538669277006
2390,2.2523762164234995
2391,3.1593436765840806
2392,0.8293908616147325
2393,2.7786317218528653
2394,0.06886727189040051
2395,0.039310439009961284
2396,0.24999373331152042
2397,0.06647173200297568
2398,3.4842888615492082
2399,1.7760809588288535
2400,1.172214545346538
2401,0.21829133389124916
2402,0.023850198789516712
2403,3.280545243122986
2404,0.6016971795122562
2405,0.8404346546432978
2406,3.5381154082979793
2407,0.0541151972540403
2408,6.46057123160881
2409,0.36235521924896114
2410,0.75802826529437
2411,0.8731168111255587
2412,0.2705400898156308
2413,2.6612942466339558
2414,6.530651786333845
2415,3.1686582667715992
2416,0.07120703849670304
2417,2.257321899967881
2418,0.06362760121322163
2419,0.091883514958505
2420,1.4691214402987196
2421,0.6111113614319554
2422,0.241192961616186
2423,2.77731807024374
2424,0.18006135160519646
2425,1.2103983255934159
2426,6.600405799498103
2427,3.4954103454069307
2428,7.975675204830939
2429,3.3695839507305867
2430,4.4350505692077276
2431,2.727257239113044
2432,2.0157744386091796
2433,0.09028884835488785
2434,1.0109879730772033
2435,0.4648672228201885
2436,0.2217392356320016
2437,0.3735379130386742
2438,1.3321568746889647
2439,3.2058315060178177
2440,0.34831228835128863
2441,0.5100311911540361
2442,1.4779203477918104
2443,2.244095303922681
2444,1.1819916312933154
2445,8.1295986385976
2446,0.30946789095174126
2447,1.077083413998787
2448,4.911374383024078
2449,0.723007130927181
2450,5.635448992658965
2451,0.742405706292659
2452,5.390854921517865
2453,0.6217172125619941
2454,1.7921933109539006
2455,0.21643211794900236
2456,3.592828840595765
2457,0.059512832500195866
2458,0.19554474215594067
2459,0.040246512721268154
2460,2.0002287915788393
2461,3.0548606063602852
2462,0.08907756489864319
2463,5.267263312428809
2464,7.315060979295886
2465,1.7954596242163192
2466,0.6863311138279697
2467,1.1970816404541922
2468,0.14380587419436447
2469,5.237541082894457
2470,1.494077049432248
2471,1.5762367913443551
2472,0.32127203078123057
2473,4.322984374401591
2474,0.6812110106232883
2475,9.914944847838617
2476,0.08077470474746028
2477,4.942401029605389
2478,0.503472838438912
2479,0.12760293452513305
2480,0.7720776549616003
2481,6.544609533469541
2482,2.494592049969291
2483,0.35548270239912305
2484,1.7427387618365058
2485,3.4388624269350125
2486,0.3187172358875898
2487,2.3611797368657315
2488,2.683257577562929
2489,4.1785559990590935
2490,0.7814385138129749
2491,5.2351532430986385
2492,0.24625701015546042
2493,0.42576316313496176
2494,1.091766397767006
2495,1.4318142632519648
2496,0.09716284168408963
2497,0.7823529645984904
2498,0.6952146582310642
2499,1.227936297541939
2500,3.913067084688028
2501,0.8234138316723503
2502,4.6951128465386045
2503,0.4159989292609967
2504,6.060778384783186
2505,0.847068018440577
2506,3.607326611941466
2507,0.14331653229624614
2508,1.447259404918263
2509,3.619323242518593
2510,1.1052400917727918
2511,2.3844799464954
2512,0.041660565460086056
2513,0.29634010977316794
2514,0.06967536381902399
2515,3.4986900526833695
2516,2.6798576566603916
2517,1.7498987799223655
2518,0.26053872911678244
2519,12.892899806627437
2520,0.07026351081232649
2521,3.7977971083422886
2522,2.48795955050552
2523,1.0046104433417558
2524,5.025954972091938
2525,4.367913843332611
2526,3.4894265178760118
2527,8.18788233872761
2528,0.14735461862977525
2529,0.1947049010010789
2530,0.594215349811256
2531,2.110207793623279
2532,0.11980321656222723
2533,0.6802084880129335
2534,0.15908637107364837
2535,0.23141771130062824
2536,13.364801103326492
2537,6.529806969576827
2538,0.038628179271869
2539,0.05828966195608476
2540,0.534668934296662
2541,0.3186896415980701
2542,4.3442811662294005
2543,1.0168624765415868
2544,0.9355372477702448
2545,0.3348252257908394
2546,0.05739325820750762
2547,1.3601616103718983
2548,1.8590266841769978
2549,1.0059067432102977
2550,3.395033787525464
2551,5.20144744516846
2552,0.2106459283031613
2553,0.04822762334803178
2554,0.04072797391743717
2555,3.7303201233787124
2556,0.20963416110335054
2557,3.0374110573659054
2558,16.892039781947403
2559,2.910215113666813
2560,0.326283193559323
2561,2.4803506250208
2562,5.951047309496578
2563,0.08413660937569861
2564,0.3257068431778213
2565,0.04175533441178873
2566,0.19054712902992368
2567,2.30598050534321
2568,5.74966248799303
2569,1.3344512891776787
2570,0.03093060991555723
2571,0.37698968140470224
2572,4.019819321891598
2573,1.4674468494477217
2574,4.782441527836551
2575,3.064627574402685
2576,3.8733737231389522
2577,0.8041207113321602
2578,2.336035398974697
2579,4.249188420716981
2580,0.39422913280349337
2581,2.776748733736389
2582,0.1917175937592361
2583,1.3260569542995782
2584,0.9210075621166238
2585,0.368951697871714
2586,6.88947975490237
2587,1.9531160391441
2588,0.9114934874729415
2589,1.303874402250377
2590,0.2205273045289764
2591,1.740969102221778
2592,0.21863133931259596
2593,0.6982968661031721
2594,1.0959160076821064
2595,4.975640230496145
2596,0.04191575963210245
2597,0.9202420985963624
2598,1.9706533175209437
2599,0.40900004168872706
2600,0.16770000173484778
2601,0.18403266947943456
2602,0.351116849262404
2603,0.27489362211199164
2604,0.4000202043122394
2605,0.5085159123729632
2606,1.0850904958464749
2607,0.8008167932934693
2608,0.6192366686082066
2609,3.4691471487473877
2610,0.2580161073832625
2611,0.29766023663110397
2612,2.4340606827751734
2613,2.4084246207126236
2614,0.04908538743859511
2615,0.057846166115426825
2616,1.9838687061621803
2617,0.2028062725217456
2618,3.3974279841035173
2619,2.414954756034181
2620,0.532397029415967
2621,0.4002071028054617
2622,4.951899620486611
2623,0.7764713338438587
2624,1.9148480817731905
2625,2.2245349848979163
2626,0.05461978897834051
2627,0.09672728193285568
2628,0.23237501790916176
2629,2.998630493434759
2630,1.2389984351715604
2631,2.955769242048045
2632,0.42065307151443004
2633,1.589956944221443
2634,3.29772634613753
2635,0.08585560712571358
2636,2.255118418965304
2637,1.8577703843284175
2638,0.8262672513084848
2639,2.324835486718866
2640,0.1964851451139954
2641,0.04012870268193667
2642,2.761699849152512
2643,2.75156195171338
2644,0.46091179630853574
2645,1.0536444597470631
2646,0.1331137244022457
2647,6.287369041113528
2648,0.047786608489234814
2649,3.080364143967301
2650,0.525001789952513
2651,1.302726442355803
2652,0.08908979312762118
2653,2.1840436772367715
2654,3.201645979644719
2655,0.719609441385709
2656,0.41560690990622845
2657,0.21121754521587355
2658,2.5004026822283194
2659,3.4581401651875443
2660,0.864498001092242
2661,0.15167598408010902
2662,2.96447482741228
2663,0.3936341175422862
2664,0.5036435853523609
2665,1.171320737777057
2666,4.306478223340771
2667,0.8609648726547657
2668,0.5205321739601294
2669,0.2753906477072139
2670,0.03063462922430749
2671,2.0232352922093635
2672,4.2464236708023275
2673,0.22069669406936354
2674,0.1924686182529246
2675,4.612600302334193
2676,0.26156893980737456
2677,1.9134992700305524
2678,1.112740020782348
2679,0.06228455024901948
2680,1.2581295026931985
2681,0.5062507309151443
2682,0.23796578569537166
2683,3.0097089404747694
2684,0.49328103919683236
2685,0.16782251692138767
2686,2.050434817849418
2687,0.07582592896026435
2688,0.5616544369326013
2689,0.5605315590017004
2690,6.028626262017229
2691,0.7699807369473937
2692,0.2778219075123966
2693,0.328327836511228
2694,2.275345818109714
2695,0.6529230443761932
2696,0.5175634819186032
2697,0.14336915132982403
2698,1.8547303979477505
2699,0.12471675324044552
2700,2.673355828214162
2701,8.012352455156888
2702,0.40703586153754756
2703,0.4429827087263799
2704,4.1776996336957115
2705,0.14032905846170468
2706,0.1202753922317788
2707,0.34782549034379384
2708,0.07708460111458293
2709,8.050534673817507
2710,6.987981672168377
2711,1.547023690619961
2712,0.10892108388376234
2713,2.395016484681113
2714,0.42191736358112986
2715,0.7357293972127594
2716,0.5041951561642359
2717,0.3402382129552233
2718,0.17745623886949063
2719,0.043111523817977775
2720,2.786762418969114
2721,0.07519653816085596
2722,1.7864810846299033
2723,0.9614518680973627
2724,0.7801235175603219
2725,2.450653661310927
2726,0.03688620842106604
2727,0.9397153903871327
2728,0.2850573929254598
2729,0.4526369266644159
2730,10.977622781882154
2731,0.22891453174900464
2732,1.717612963476773
2733,5.298658707899861
2734,0.6090777718725293
2735,1.4108190156818219
2736,6.9884728135277205
2737,7.984011306906629
2738,6.598308006516703
2739,0.866926564398558
2740,4.343899447604739
2741,5.673790238917849
2742,4.296467761600902
2743,3.2453900621203604
2744,3.6713157452682177
2745,0.13796415335390416
2746,0.07442974348215059
2747,0.8205297334076371
2748,3.6433646738975005
2749,0.7687885774466998
2750,1.2624960137067924
2751,0.08534875117318302
2752,3.904494439201022
2753,1.7804236661422446
2754,0.020145260409340664
2755,2.2886539050859707
2756,0.15176228847466203
2757,6.57115864775767
2758,0.06420895819860009
2759,4.709061603331396
2760,7.5337646680343635
2761,3.3337536321386585
2762,0.16435179231693098
2763,3.8408033896697544
2764,0.1920825397008365
2765,0.9194291197538971
2766,2.447565555018281
2767,0.05261440323719574
2768,6.269224437674075
2769,1.9951938729606482
2770,1.1548429093083254
2771,4.540592799730322
2772,0.07825407025442827
2773,1.2166428406443552
2774,0.9196140712298089
2775,0.07143268476906675
2776,3.1534347804718252
2777,3.5224092269456238
2778,0.11535580701642087
2779,1.0059624645584493
2780,1.7499721530140357
2781,0.909475976074719
2782,3.6804473265056044
2783,3.3695699727574455
2784,1.365899562957189
2785,0.36004899722194034
2786,0.26767232655529505
2787,0.16633649989157268
2788,0.05503887632312371
2789,1.2493202620671724
2790,2.6018796390143946
2791,2.368654246234162
2792,5.317314945754568
2793,0.42508949439128646
2794,0.3221251293873928
2795,0.4372492171693759
2796,0.42699203767717975
2797,0.4199246465661082
2798,0.5640418478178455
2799,0.10686251990215508
2800,2.2857839844827748
2801,0.60921765152038
2802,0.2991950850242349
2803,6.12234390386018
2804,0.18189665130060956
2805,5.050388853502383
2806,1.160011057109704
2807,8.060413567654972
2808,3.705698193278254
2809,5.822371293341861
2810,0.3906400853813624
2811,0.14027262536163737
2812,0.07905452346646577
2813,1.0914323535042467
2814,0.2842087018941314
2815,1.690353453855897
2816,0.5244200219029763
2817,0.34317994484673364
2818,2.719646090142418
2819,1.5794904797086353
2820,0.2561574766795552
2821,3.1568200922585596
2822,1.8931657613304704
2823,0.23875969802814645
2824,2.654997607711226
2825,0.0626207358046586
2826,0.38059580812403737
2827,0.7753142257292205
2828,2.2391987485133518
2829,2.1419697816281325
2830,0.0570346708797963
2831,2.432071177681384
2832,0.39447501741167124
2833,1.0751499676375884
2834,1.1809188283485659
2835,0.1657799928160612
2836,1.9478324178539785
2837,5.279346730003436
2838,0.7285896460669576
2839,0.28096004553960136
2840,0.15842606443528862
2841,0.46738687810254154
2842,1.2883232228945747
2843,1.003631718259431
2844,0.05915123639311161
2845,0.13586228845380546
2846,0.45757072618603345
2847,3.213898834186386
2848,0.11125883607358206
2849,3.501111873017462
2850,0.35797478655384474
2851,0.7499716982588918
2852,2.5817875462576816
2853,1.8575952398115916
2854,0.15624060859534994
2855,0.1994974964416843
2856,1.430167440729239
2857,1.8197574570047839
2858,0.2674915059310295
2859,0.2624489466840033
2860,2.4354947206423487
2861,0.02609304462312739
2862,0.4956648603640426
2863,2.512620098558634
2864,2.3717081751053
2865,0.28254803683165
2866,1.1649522562115562
2867,0.08494168743380183
2868,0.08226101950679333
2869,0.49728704285058317
2870,6.396806221755412
2871,0.522005870697013
2872,1.7996815715171872
2873,0.6587749923847518
2874,1.9748144229256626
2875,9.29763869906582
2876,0.03346204017136033
2877,1.6787630402365492
2878,0.6017900275837407
2879,6.145379203332189
2880,3.3585676917669196
2881,2.5477938048049573
2882,1.6020604099225642
2883,2.0501078943303885
2884,0.36957981134648143
2885,0.26848815642609425
2886,0.7491043477024071
2887,0.195812792473884
2888,0.12029045647810979
2889,0.3359374658300618
2890,0.14044269383621158
2891,0.13621603122196665
2892,0.9045934014625518
2893,0.07338403199287877
2894,0.3652724355343394
2895,2.2318678727767063
2896,0.19143242395766624
2897,0.07498436406153156
2898,1.864641268810495
2899,2.4344556230653955
2900,5.68466545960478
2901,0.4563232644460944
2902,11.498825382114443
2903,0.26818327102224626
2904,2.706526741399465
2905,0.037740919517028425
2906,3.0329247155312693
2907,1.2186356734248878
2908,0.09196324994514868
2909,0.20866694893576593
2910,0.042688297970130365
2911,0.9909376160974512
2912,0.12026310247274347
2913,0.331090829626134
2914,1.7292741956660134
2915,0.5343427529866787
2916,0.12357358333757572
2917,0.5455904057206622
2918,0.20718302285813378
2919,6.531993359847032
2920,0.992386549861636
2921,0.3781584790797323
2922,0.05257732047462148
2923,0.19604978347543117
2924,5.649239963186448
2925,1.1530438532472354
2926,1.0914023641567603
2927,0.19650683265629576
2928,1.4532541576324225
2929,5.46118646727626
2930,0.15325960167151373
2931,1.436175505392712
2932,6.976745469953092
2933,0.9899784601204783
2934,3.8273874754511743
2935,0.284790812027007
2936,0.3284084113360646
2937,1.1043998591994064
2938,8.841007015243662
2939,1.6123468503108063
2940,0.090903449964411
2941,10.009435371533016
2942,0.6678384286091789
2943,0.10798848133579127
2944,3.672987454296756
2945,1.0411848070771237
2946,1.1686730993008099
2947,9.64982873054825
2948,2.7081287376664545
2949,0.1672430218974315
2950,0.6956761076978533
2951,0.1283556696251552
2952,3.2701257756726303
2953,2.8744523287805936
2954,0.20718914154145643
2955,1.298937524526279
2956,0.10840548949992322
2957,5.8158385324436415
2958,0.13007281875079543
2959,0.4794386106608247
2960,0.11347713371007664
2961,0.6178827187017367
2962,0.6929965400249085
2963,1.9965449092491432
2964,0.12781757761541815
2965,7.232561955680987
2966,1.2231147527230433
2967,0.03187322304989255
2968,3.569737414332904
2969,4.684120319674477
2970,2.2019591880914064
2971,0.4238372648490582
2972,3.7045841591983866
2973,1.2409505135046992
2974,0.3478754785916915
2975,4.85552488456925
2976,1.533702336436011
2977,7.169875765550073
2978,0.034773041245460164
2979,0.21608918132732985
2980,1.2495082582017512
2981,5.668881968278501
2982,1.0553835876848436
2983,0.0673705446157612
2984,0.7480237277205639
2985,0.06330506028254611
2986,10.510942047958022
2987,4.063204124819629
2988,0.3453141991335712
2989,1.1475217505304978
2990,0.14347332254072925
2991,4.467329130434603
2992,0.7864686028799817
2993,0.9944988087360902
2994,0.24549811519196515
2995,1.8422205004711323
2996,1.3085653980133767
2997,4.039812922205753
2998,1.9157166415877915
2999,5.933080963937595
3000,7.52286894734204
3001,4.542113192839217
3002,0.3218543119024966
3003,0.04498174546753004
3004,1.9122259714148613
3005,3.947141676449134
3006,5.163993544427445
3007,0.053655207089607304
3008,0.6791218670454224
3009,4.910734475911012
3010,0.981608764507482
3011,0.031306239962022614
3012,0.3052911244522057
3013,0.4839148428835362
3014,0.6632257599120017
3015,2.327674429496952
3016,4.180973004368209
3017,0.022090165477423703
3018,0.1942801042543213
3019,0.5690875880075561
3020,0.08865063235780067
3021,0.28668047459380985
3022,3.424114230305412
3023,1.4377666626912893
3024,0.04375541319037298
3025,1.1997590009817158
3026,0.3386808678679957
3027,0.2672300232029454
3028,0.4984592502179153
3029,0.08460025550466874
3030,1.910415109615617
3031,0.18893699682851206
3032,1.5285788357797103
3033,7.281328978260969
3034,3.0271664414187125
3035,1.3746870904903874
3036,0.5055445976944575
3037,1.5799877220088512
3038,0.17243344204822236
3039,0.058741109298201644
3040,0.4120005416275708
3041,3.1369628961295306
3042,0.07221205480210788
3043,4.420929684660178
3044,6.815279801568392
3045,0.33751855695243027
3046,0.40745796968036063
3047,1.3127880219707355
3048,5.013071651950163
3049,0.9370565607479828
3050,0.6196976960913915
3051,2.1455344048151157
3052,7.451538122408566
3053,1.1255824907808258
3054,0.38678099274033584
3055,0.10255342859313604
3056,2.1090931210799733
3057,0.29663052934998735
3058,0.5550147684634943
3059,1.494995979457057
3060,0.025122306376075224
3061,8.318681155384205
3062,0.11783002948702948
3063,0.9111076438135619
3064,5.324871541416476
3065,0.05114222257514744
3066,0.7188401267053378
3067,3.7363789758530044
3068,0.1398079414979349
3069,0.24741465277691638
3070,1.2796812060651432
3071,0.3969082678395693
3072,8.427738303694582
3073,0.04894124439106733
3074,6.19625914754117
3075,0.21275885992152693
3076,0.17111523178260657
3077,0.1433770185719021
3078,0.0451031286674302
3079,0.16239315738783233
3080,0.12582420860039126
3081,0.9514283956729095
3082,1.3738133023332573
3083,2.1394564457491994
3084,5.455340387989302
3085,1.3064878121411532
3086,1.2846552045651154
3087,3.169766369597258
3088,1.0697312049877623
3089,0.5279574597299062
3090,2.232270801652053
3091,4.4960274574813734
3092,1.3624370181800307
3093,8.74503041903034
3094,1.4643320523827037
3095,1.8683405567735893
3096,0.12472260532717033
3097,0.6262759925018324
3098,0.4231985435546084
3099,0.48507229331342056
3100,0.3225359616653991
3101,8.309949725123458
3102,2.5413545509461564
3103,1.1686681928928535
3104,0.05992311305222263
3105,0.024518401931313827
3106,6.320212272242211
3107,3.448118866800557
3108,1.866542298299909
3109,0.9564185044356353
3110,0.3552848618532871
3111,4.565356089331241
3112,0.906193078866566
3113,2.81569780027324
3114,1.1758477557503455
3115,0.15536022674545263
3116,0.4747295634486688
3117,0.09979317859853279
3118,0.10954016527394383
3119,0.8631440464505691
3120,6.944197213273789
3121,0.039240815410251643
3122,7.437086499172089
3123,4.46569199458745
3124,3.1347506625317854
3125,6.08761346143017
3126,1.2901686870991982
3127,0.44779614811815577
3128,0.16710078767073666
3129,6.144739930857739
3130,0.18255367596698452
3131,0.41335010728240207
3132,0.16574695217708751
3133,0.10131358608563662
3134,1.0798758528971648
3135,0.11779286558836909
3136,4.214560592780082
3137,1.650300243466527
3138,6.692684044303676
3139,7.424150995094612
3140,0.08562095444516746
3141,5.23095218387822
3142,0.9200596537646822
3143,0.42460689778498006
3144,0.9554702134438773
3145,0.04152174394030704
3146,0.09556175524825244
3147,1.0820436199146224
3148,4.321802594862358
3149,0.7676273970389011
3150,8.876200141849147
3151,0.8374433777294941
3152,0.1846730054979791
3153,0.11690963705430035
3154,1.8072085395341895
3155,1.2843261311810648
3156,0.6740726306096402
3157,1.607079578087338
3158,0.6270462218398838
3159,0.11196924209825404
3160,1.7701766723252326
3161,2.086091525577836
3162,1.0815250670022718
3163,1.515678385171434
3164,1.611837139985386
3165,0.17665972194950874
3166,0.2421639822819719
3167,0.5402924338934818
3168,0.07000356780578097
3169,3.0480498443720583
3170,0.2207901555020208
3171,1.257938153055584
3172,2.095247017452296
3173,0.05496647317474403
3174,0.2483965378936137
3175,1.0491848289547698
3176,0.12879154074204224
3177,0.07971189732630628
3178,1.186356261935185
3179,1.1226861540457271
3180,2.87138002335048
3181,4.9043163663230755
3182,4.258418017698403
3183,0.039847190492989286
3184,0.08049314306787816
3185,8.468697405444445
3186,0.07425420892267728
3187,5.734964251514468
3188,0.05598510126161604
3189,3.3152188878132813
3190,0.21153094229229574
3191,0.2571547133842088
3192,1.3532318468402662
3193,0.1330794044039178
3194,0.55842195801122
3195,2.774345319020239
3196,4.17295700921043
3197,1.3656014670784802
3198,1.206433105096645
3199,0.33835302773092674
3200,3.161051269304028
3201,0.26026088328382235
3202,1.2578742670229353
3203,0.17735901854347963
3204,2.292271210035409
3205,1.3598108897335277
3206,0.4562046197928611
3207,0.26008056046140815
3208,0.13891750509022333
3209,0.2928197185648568
3210,0.07419474760186844
3211,4.56259206567716
3212,0.21966546010101942
3213,5.9626502440063245
3214,0.06592511871680858
3215,1.0641380547057593
3216,0.850427384295769
3217,0.18504384931663756
3218,0.07907923276004045
3219,0.9126686371570469
3220,8.315921340995715
3221,8.003430045618535
3222,1.0052081553342322
3223,8.660689926727304
3224,7.055897813085776
3225,1.202995734158122
3226,0.29084249115336336
3227,4.501454706430778
3228,0.9448174658943367
3229,0.046391157509870815
3230,1.6338600056106238
3231,2.1642164255622407
3232,0.5605313529296531
3233,0.07555081535314712
3234,1.492153130530645
3235,0.13196576016875478
3236,0.046297465677384395
3237,0.08089234058269046
3238,0.332559467099546
3239,0.8186026684271124
3240,3.396099210753934
3241,0.7224786976849713
3242,0.15965945780727892
3243,0.039798884026034716
3244,3.404796107734147
3245,3.552246384340238
3246,1.4733481252028962
3247,1.38127619968889
3248,0.8251052600061379
3249,0.18483780238082576
3250,0.2450455595492697
3251,0.48309397221083594
3252,0.46496372673189923
3253,0.03458917543404961
3254,0.10243850297933482
3255,0.34226694358723053
3256,0.7242319278198652
3257,0.33770126784401466
3258,1.716326649953692
3259,1.382451470788582
3260,0.04782449238819847
3261,0.6635151367953671
3262,2.8193490761899573
3263,1.0788166365298513
3264,0.11274021398258102
3265,0.5625556324739308
3266,0.06006284688943228
3267,0.2884112153261773
3268,0.07418521341606467
3269,0.10632277334703737
3270,1.0626315232513746
3271,0.20710908367349684
3272,0.6525491531796654
3273,0.48262157770969955
3274,3.912073489289133
3275,2.3151238139699912
3276,0.4938198952710269
3277,0.6328748487415613
3278,2.466179202779659
3279,2.2302362909041493
3280,1.7090281175635536
3281,0.8465452406544516
3282,1.0221218836388153
3283,2.5610202140107727
3284,0.3002731740366105
3285,0.18610853426550567
3286,7.430608391189354
3287,1.8793005929507351
3288,0.025963928428670183
3289,0.020693484964167577
3290,0.17856792656703627
3291,15.450082874569354
3292,2.562402567039279
3293,0.41354054954848485
3294,0.5150067151071062
3295,4.041224766337124
3296,0.04615005806206722
3297,0.2807988968074654
3298,2.0926778782927378
3299,2.3523494682123385
3300,8.64233188665048
3301,0.33709619916708045
3302,0.5832520868612847
3303,2.2105758202296504
3304,0.041919493970492924
3305,1.64257571118109
3306,1.405882596854863
3307,2.633950060273631
3308,0.08084946701024456
3309,0.0284579914508966
3310,0.08354831807615555
3311,2.4004797415335775
3312,2.6600005041162316
3313,0.8628458496589206
3314,0.04640577700651184
3315,0.9035581750114325
3316,1.0012379733526853
3317,1.8521354827541898
3318,4.8576443836278225
3319,0.24681264853727564
3320,1.4829533210689518
3321,0.11741561690546326
3322,0.03434268946515339
3323,0.14033507164330966
3324,0.45553020925217735
3325,0.169117638379436
3326,0.14317662267927725
3327,0.5126996083745345
3328,2.6876542565192163
3329,0.1869682929659955
3330,4.315510879894546
3331,0.35013575419409126
3332,5.676495044940429
3333,0.13666592551402312
3334,1.48883522936086
3335,1.7130279231416847
3336,2.1628975031929567
3337,0.9362034830482202
3338,0.07805881882125296
3339,0.03150527286712823
3340,1.9991532299684134
3341,0.3796348435742152
3342,1.7667115873624453
3343,0.2029496029339012
3344,0.7550264051319419
3345,0.9457780686317221
3346,1.954984333409472
3347,0.9862376077597594
3348,0.03688878654985027
3349,11.41614340130863
3350,0.5688880994680295
3351,0.11338200889711562
3352,2.7756403740144524
3353,2.8482125416051005
3354,0.37035923068992477
3355,2.12820076503849
3356,2.0188633180127544
3357,0.1708938098058455
3358,1.0742173326875888
3359,1.9801233998676657
3360,1.1585076188371741
3361,0.26153317273321935
3362,0.16007892724747408
3363,5.830858379675553
3364,0.11954538922519292
3365,0.501045779349563
3366,0.9657788059260324
3367,4.38105333578631
3368,0.13054443271596716
3369,1.3993519469369282
3370,0.4647603813757847
3371,0.02495549379307719
3372,0.19164256310325223
3373,0.7992253810101577
3374,6.20324974636952
3375,0.2291832685595675
3376,4.955235271290822
3377,2.458666578110874
3378,0.15339383338693413
3379,0.4685350110376843
3380,3.726262797955883
3381,0.6339354820080781
3382,0.5691793602109694
3383,0.6875746192753858
3384,1.3188466510093142
3385,0.5686721817708787
3386,0.42006958207999584
3387,2.83105295104728
3388,0.27804330581705383
3389,0.9410842930802964
3390,0.8348830351896405
3391,1.2445106143474485
3392,1.6365012437879387
3393,0.05069611390076451
3394,0.47146876447341163
3395,3.994114198402116
3396,0.08058291851962396
3397,0.941777124673219
3398,0.6791729786554168
3399,0.11474494720983719
3400,1.1468244490715933
3401,0.16270107263585598
3402,0.20878995925665805
3403,0.2166100847257434
3404,2.032840680951928
3405,0.399047102959701
3406,9.648242054296926
3407,0.4082920522283543
3408,2.483194862720187
3409,2.899507818391311
3410,0.6502333733828449
3411,1.4082405878794662
3412,1.0810115482931995
3413,0.055970643768939975
3414,5.070449884334098
3415,1.7522556391290607
3416,0.43422092619825536
3417,0.46165223179658177
3418,1.758755326079714
3419,0.14821836354269205
3420,2.077587505415785
3421,0.34058764228235494
3422,0.05486024576610091
3423,1.934020924367842
3424,0.06628182185131948
3425,0.07274218252481088
3426,0.06416360123083802
3427,0.8312863205139083
3428,0.7600334180446556
3429,1.8208798694028467
3430,0.6147317770412398
3431,0.6294907461013454
3432,0.6491280644639592
3433,0.10650213632645752
3434,15.245075274083893
3435,0.32617206655378395
3436,0.6911200755216313
3437,0.05939271057536438
3438,0.6019375062470698
3439,3.9859439429742967
3440,0.17142683850231627
3441,0.06636636981482563
3442,0.6829113250115261
3443,0.6837590800851094
3444,0.06498565997155949
3445,0.2940708307085138
3446,0.35779707688590323
3447,0.23369608889169682
3448,0.895688320937539
3449,6.626394910563578
3450,0.9521335285214092
3451,1.4939954862363949
3452,4.2903077645986585
3453,1.5596880382223242
3454,2.413751881557297
3455,4.630371370469053
3456,6.40606851109794
3457,0.5639314477681554
3458,0.06965126808299317
3459,1.1543693800816697
3460,0.5663922217247075
3461,0.36268548281896196
3462,1.5563234143287046
3463,2.2933252471574974
3464,0.03833806612823756
3465,8.197092423210384
3466,5.165334894352058
3467,0.3444106481545762
3468,0.3060998297588449
3469,0.463286991341165
3470,3.943338787761712
3471,1.085806925885268
3472,0.3745245679245901
3473,0.39135680698312003
3474,3.2011310681612857
3475,0.7017674163148917
3476,9.425520355826066
3477,2.157924838126254
3478,2.4197119690197035
3479,1.9598634680796638
3480,0.12745738333663673
3481,2.7825420695189393
3482,3.489879852431403
3483,2.882771333844838
3484,2.499425458425895
3485,2.256980152913971
3486,0.7828588863958297
3487,0.0426115175486962
3488,0.030321347356688268
3489,8.685036253267178
3490,1.198947115304195
3491,0.8765042815730786
3492,0.046749105588465775
3493,0.08075893749151478
3494,2.774830837889988
3495,1.1563085678305214
3496,0.3287336113954628
3497,1.6691474483888808
3498,4.8989520270144045
3499,1.0542936230271371
3500,0.20260383403137977
3501,4.67998171329555
3502,0.11351755551066871
3503,5.875250217575341
3504,0.5909369796523409
3505,0.8584042227996194
3506,0.08557756544556143
3507,0.17326563003792855
3508,3.7074281437861374
3509,4.251727002474578
3510,0.568617967038524
3511,0.2726414239231775
3512,1.963091677276793
3513,0.052312826265963557
3514,3.7005170065957387
3515,7.785409269577551
3516,0.10115975494836525
3517,7.033913059537824
3518,0.9211660575481462
3519,7.115720852738206
3520,2.978567118832972
3521,0.5913886388292002
3522,3.589388444753891
3523,2.5212511830310356
3524,0.12250192525278168
3525,0.24277142887533634
3526,0.11871158967732684
3527,0.12848422225815959
3528,0.9740824404243098
3529,3.6628704189476067
3530,3.6529369767945283
3531,0.9021091038973199
3532,0.7940637670914258
3533,1.8468077234465206
3534,5.879552013548243
3535,0.2820497666091275
3536,0.6919845616915711
3537,0.2677025822917943
3538,0.16638422406153236
3539,1.7074266050200628
3540,0.20994602747537006
3541,0.051626996414968554
3542,0.9471545016944429
3543,1.7945942365712222
3544,2.500487041781807
3545,0.6921475986235694
3546,3.344582248613798
3547,0.10236022416777382
3548,2.92471504216995
3549,4.634887862793439
3550,0.23161466723425372
3551,3.3319443400616713
3552,5.972453554008474
3553,0.5488139046799283
3554,0.9980323960044775
3555,2.4664246370539304
3556,0.06405254680586693
3557,0.516495564988256
3558,0.28648805460996873
3559,0.3039270381853631
3560,0.22654140564655756
3561,1.44743336205726
3562,5.4433981253156825
3563,5.691905844748127
3564,1.0064613174144186
3565,0.2275493975157118
3566,0.694446204459402
3567,0.6966856559492173
3568,0.9332649010729316
3569,3.140470106165668
3570,0.13756665952866212
3571,0.6743971032214181
3572,1.3435904784538812
3573,0.6311038126586959
3574,1.7667979986235762
3575,0.713264988037473
3576,1.0021670346949394
3577,0.2523489596739917
3578,0.46681191754253115
3579,1.131521666653884
3580,1.2801529509001628
3581,7.076859190173602
3582,8.306568021139578
3583,2.351131307081046
3584,2.5337829666731224
3585,0.3541024436581917
3586,0.9391902753346868
3587,7.973485663022613
3588,4.79453080335866
3589,1.0626901073511041
3590,0.8444816456530169
3591,1.5427862163052213
3592,7.191869480095621
3593,0.1863667939564536
3594,5.9168277400653935
3595,2.2543318431385755
3596,1.2052649101529926
3597,5.51155529197896
3598,0.9117057260783227
3599,0.6649817306603739
3600,1.275297728832311
3601,2.545854092804504
3602,2.0045166626913966
3603,0.16799927066231252
3604,0.1900504949603369
3605,3.4718105953915464
3606,1.0161674069013906
3607,4.728896443221655
3608,0.4297437539283938
3609,0.07626605732359001
3610,0.6419564388566477
3611,0.6638878222424578
3612,0.1857911466108778
3613,1.4910174810705692
3614,1.6716469191690746
3615,4.608900703065643
3616,0.10107541808305498
3617,0.11193994366968793
3618,5.433963200754588
3619,0.04372779058803543
3620,1.296824233865909
3621,3.489373400915259
3622,0.16622770967804212
3623,1.8801375936805407
3624,0.07825987984094812
3625,0.22645544198450787
3626,5.053433738295341
3627,0.07526328882250577
3628,1.323702935111708
3629,3.332222632095302
3630,2.0977513190163277
3631,1.2918337078424673
3632,1.9935514084842931
3633,0.0952878189312972
3634,0.6805354636150938
3635,4.470753995180589
3636,0.17703979940797174
3637,0.6850411379918808
3638,3.8909149202235715
3639,8.359897320374204
3640,2.476990660430547
3641,0.10552032196566066
3642,0.9364008870476241
3643,0.6104844207487864
3644,0.19973651869807152
3645,0.26673068725181426
3646,0.07487004775129032
3647,0.7924928070519484
3648,2.2319884276793047
3649,1.5743781162302541
3650,0.24545556666361265
3651,0.7557691439932013
3652,0.05183222060769964
3653,0.5932744828563865
3654,0.036887519248641656
3655,5.174629602916933
3656,0.22832041607391992
3657,2.2962083190781475
3658,0.8074406110757525
3659,0.07156885748399897
3660,0.5223780586091011
3661,1.4182683096057622
3662,0.20768560368752503
3663,0.23794593955462334
3664,8.80627176791671
3665,0.6117005610771279
3666,0.18063534010659238
3667,0.512611682894908
3668,0.511170852747719
3669,0.2030110346552801
3670,1.1380015336942573
3671,6.9656399548128025
3672,0.5920348385209888
3673,0.31128123787538226
3674,0.0369943127544044
3675,1.8675189109262715
3676,2.062005926915937
3677,8.637852640124676
3678,0.5174026367633622
3679,1.295757616995517
3680,0.05008245842801862
3681,5.0192122853817995
3682,0.9278447114496416
3683,11.426961199502735
3684,3.2711805473579547
3685,6.280533435293907
3686,0.1433479216837616
3687,1.8201643997629513
3688,1.3771430714484465
3689,0.9696068676362377
3690,5.29587526579885
3691,0.988740904007275
3692,0.8651669076155475
3693,0.7337400223701116
3694,10.959483949716972
3695,0.21806938474727128
3696,0.899192337740838
3697,2.9460216479813406
3698,0.24523515710491234
3699,1.4593885982578811
3700,2.5369510080241957
3701,0.1939264719406138
3702,2.0954041393194105
3703,0.33853206009974157
3704,0.2004475580155965
3705,1.0745493398043973
3706,0.03506636542234168
3707,0.08682355024090965
3708,1.5965071937845678
3709,0.49795049516664236
3710,0.6349889343867521
3711,0.9191416600115141
3712,4.279471407771752
3713,0.03062342113650015
3714,0.6839812842004998
3715,2.8973799100460678
3716,0.6838093422319043
3717,1.6058724666399524
3718,0.22963292215303854
3719,0.47534933962607395
3720,1.2471564636778387
3721,0.9606267352390216
3722,2.381240156822903
3723,0.4591840639753044
3724,0.2778853953285468
3725,1.4209014157851296
3726,0.6317769466440873
3727,2.7958201460552203
3728,4.731124190436917
3729,0.7019189167422003
3730,0.14676149730410815
3731,2.527515239719105
3732,0.35786149340036966
3733,3.0503163189814018
3734,0.041621182903443174
3735,0.8403894310817521
3736,0.03195951900245365
3737,1.3530349864776867
3738,1.058712856222721
3739,0.6600953201298307
3740,2.611467577732913
3741,0.2960409145020131
3742,1.8882244809816076
3743,0.26818498674498636
3744,0.9043407793576694
3745,0.33951992041344814
3746,7.7784396903802815
3747,0.3392698547583998
3748,5.633553200260342
3749,0.07211317823130557
3750,1.0350609153603751
3751,0.8557349577724309
3752,0.18100439301614937
3753,0.7350351038448736
3754,0.08334451531353006
3755,1.4852259792908837
3756,0.5668682500456388
3757,6.334641329916974
3758,3.9163107285377055
3759,0.0861840472730942
3760,3.6550599695477874
3761,0.09264641263977846
3762,0.49260954290299575
3763,0.7461417114371905
3764,7.216943982674752
3765,3.11641510771926
3766,0.21316077872039388
3767,0.21068427575324994
3768,0.6102399011401847
3769,5.1680092936814965
3770,0.6644940045922649
3771,0.5940875839095068
3772,0.0851015289177072
3773,0.34989524618181334
3774,0.42198448352893414
3775,3.558554531502791
3776,0.6956406094725192
3777,1.4871264495061602
3778,0.36943442539992544
3779,4.921451772823164
3780,1.0928378539563521
3781,1.1769417162043108
3782,0.06564079251205622
3783,1.3362089764128848
3784,0.2959133547373431
3785,1.4590211252088459
3786,0.7387767546041657
3787,5.282353094835814
3788,1.0430827449859352
3789,2.221617605919951
3790,3.110835805575599
3791,0.8611183831193793
3792,0.07465133739801096
3793,3.1154464824967585
3794,0.13196648562307903
3795,0.9947882592607173
3796,3.2702254395291552
3797,0.05964207887736335
3798,0.4273033317248094
3799,1.581745302653744
3800,6.395677438961728
3801,0.04829291893028651
3802,0.2895319896177667
3803,0.3139950512586617
3804,1.5482549845086133
3805,3.793086203577311
3806,2.146024660789154
3807,1.2113724440234699
3808,0.7237231631747147
3809,2.907878841177417
3810,0.6375661362858419
3811,7.508564252712217
3812,0.5089452063803273
3813,1.558566189311645
3814,0.08427406105052873
3815,0.31619960668415714
3816,3.5331178196367947
3817,0.26656217070991456
3818,0.8621067512145212
3819,0.23203856920709623
3820,6.667346692215701
3821,2.710151736028889
3822,5.992088881486508
3823,1.2546055500035678
3824,1.3429747285955833
3825,3.4577942540949276
3826,3.7108473404989613
3827,0.16064806471547968
3828,1.7136925134703231
3829,0.5636450464436996
3830,2.134727645501817
3831,1.8639356276001937
3832,0.4098024462602064
3833,0.07900809251565892
3834,1.292232643721181
3835,4.315577285321028
3836,1.483719810952567
3837,0.19637278030386224
3838,0.04647092942085911
3839,0.03672229335943514
3840,0.2566994080357783
3841,2.729363960846567
3842,0.03195444387980313
3843,1.4684175904320145
3844,0.3873756049896279
3845,2.2545212408301696
3846,1.355651642569936
3847,5.866058053634582
3848,1.331964244375205
3849,0.20589573281939355
3850,2.0953483124899535
3851,2.772386589263733
3852,0.8318538610079174
3853,0.042363706065858035
3854,2.7629188602330066
3855,1.501253164518962
3856,0.07217868605454003
3857,1.9643891962706932
3858,2.48867929654742
3859,0.05076238979761245
3860,0.12709484055514084
3861,1.2187992106543852
3862,1.9986910622307668
3863,2.398245030523386
3864,4.6215917561834035
3865,3.2205482468993747
3866,4.077301622215403
3867,0.20311292216989568
3868,5.0188984315673775
3869,2.679564482585862
3870,0.4107728669775505
3871,0.11207864346591201
3872,3.731775407447326
3873,3.6621147987970435
3874,0.14410204166204693
3875,2.1724440723046206
3876,5.744728502407515
3877,0.47487064325031025
3878,0.085476658896378
3879,0.24175041942522216
3880,0.7098634938330433
3881,0.8570047232467466
3882,1.4107864669202081
3883,0.4178102182912332
3884,1.5434303706431254
3885,2.2635292450346567
3886,1.2277173271168027
3887,0.04996156483042518
3888,0.38873800253940494
3889,2.0858353092704673
3890,0.956532430741688
3891,0.15514555856111986
3892,0.063211562039376
3893,0.941592039296386
3894,3.2643183027104765
3895,0.5910040259167113
3896,1.815149366419087
3897,0.36911883933576567
3898,0.672858679211747
3899,2.7488761294573556
3900,3.3153871425471433
3901,2.142376412429712
3902,0.6760903094701614
3903,0.588468966394242
3904,1.58403709612057
3905,8.511331945202073
3906,0.285275815033785
3907,4.783404022885882
3908,4.046194221218062
3909,2.334365881014937
3910,0.8713496057213213
3911,0.08625609425027067
3912,0.0948714715456006
3913,1.5755069455069566
3914,0.04604306204415133
3915,5.255583546018453
3916,11.125473521196767
3917,0.05785290195655422
3918,1.9569822492939617
3919,0.20200817676365468
3920,0.3952001388708728
3921,0.2758274466000532
3922,1.149532364018263
3923,0.2912760440911242
3924,0.9819228304706671
3925,1.3450813447064522
3926,0.03157881109913649
3927,1.4967077010074645
3928,2.563101812051495
3929,2.591295738183709
3930,1.1263496344732307
3931,2.7433891279557687
3932,0.08340215285043535
3933,0.061514490641175694
3934,4.007311342250063
3935,0.05129438668764563
3936,0.2439223787693525
3937,1.3483026080742135
3938,3.7450223334626855
3939,0.1341229752805637
3940,3.2167798204389433
3941,0.9509872924818059
3942,5.278880124116348
3943,0.6299137393375744
3944,1.2312741819853013
3945,2.96754523923933
3946,2.3848028762396623
3947,1.227953749442423
3948,6.684805185763855
3949,5.767420734430297
3950,8.315936405430952
3951,3.3245888147843585
3952,3.870938318977867
3953,0.5240703731670154
3954,1.7231747411719331
3955,2.7598305178469467
3956,0.16970369905356458
3957,4.643663569559088
3958,1.5430941730912169
3959,0.08721772772365355
3960,2.62838691996739
3961,7.944222729723112
3962,0.37361668969379863
3963,0.05724911213539666
3964,1.0055265656824255
3965,0.1625382718343283
3966,2.44857597246594
3967,0.08756581532634283
3968,2.198583384395017
3969,3.022127887448172
3970,1.4464325133892446
3971,3.2970321818493447
3972,1.4700327593039988
3973,0.13059458101369584
3974,2.836037455744208
3975,1.8799525960243233
3976,0.08085537905109871
3977,0.12835014179955176
3978,0.49234709964447054
3979,0.22499018010390381
3980,1.5539950581164756
3981,11.063054808255018
3982,4.616398926240269
3983,1.808767116130612
3984,0.8739320517350659
3985,4.20327454151458
3986,2.1625510891952975
3987,0.21286931185954627
3988,6.294290378162049
3989,6.938603753640891
3990,3.9134289373094773
3991,9.175425219820875
3992,0.17539954362573487
3993,2.6937442693963805
3994,0.07834036601818817
3995,0.2789759677248632
3996,0.16929051866519418
3997,0.05872428362115721
3998,8.140609724688595
3999,0.9324781216272082
4000,10.294893280259053
4001,3.8069250251216387
4002,1.0121006955970109
4003,0.031150828816906555
4004,0.2360535758669317
4005,0.22676010725110318
4006,1.0187135191762422
4007,4.585936218417485
4008,1.3029096148745187
4009,0.39014572694671384
4010,1.9110329852827281
4011,0.2385368957440271
4012,2.20717512933295
4013,0.6888426278114173
4014,1.294122879150192
4015,0.39002499693352577
4016,2.1385433952614967
4017,5.47924895277977
4018,0.4030036018287149
4019,3.3471316069960397
4020,4.055947804570139
4021,0.04479137084537653
4022,0.6225657273301942
4023,0.04651078803522023
4024,0.33461122714584496
4025,0.1649024037354993
4026,2.092758358484665
4027,2.057242469119455
4028,0.1546426297028744
4029,0.4063829503635447
4030,0.06314775471088409
4031,0.05248018209708252
4032,0.9798219444119396
4033,1.0572241330788466
4034,0.2679359484057605
4035,1.4742913500907346
4036,1.282156825743194
4037,3.1694989596349927
4038,2.403545909814981
4039,0.9429130852459044
4040,0.28709646940095324
4041,2.0671728328975973
4042,6.371586581187032
4043,3.948083949176218
4044,0.520999386274976
4045,1.3991671477651861
4046,4.501809353770941
4047,0.04499656796537027
4048,0.635904380522883
4049,3.5314567784387525
4050,1.0014318675964027
4051,0.12583156482446656
4052,1.0965304478534752
4053,4.261083737422375
4054,2.7763087842588896
4055,0.043299220482005116
4056,0.22864644474787393
4057,1.8551369487332945
4058,0.054380833569255
4059,0.3915605225787721
4060,1.7284903045667595
4061,0.18021622215879535
4062,0.6639722755641335
4063,1.450130601094153
4064,1.0207589657602727
4065,3.7097884502560516
4066,0.48661861262393247
4067,0.08190226554140653
4068,0.5962760625770858
4069,11.661843214664415
4070,2.466869636894212
4071,1.1258688987375565
4072,1.2805393573024353
4073,0.23111897049294367
4074,4.402094081565088
4075,1.229119770896642
4076,0.4137674157180473
4077,1.9341127517399204
4078,0.06094452982605672
4079,0.22671123791673148
4080,2.905099962077912
4081,1.6361674854202517
4082,2.4722270309617547
4083,3.6066065716701274
4084,1.0341892352527586
4085,11.060377810734536
4086,3.4704704001301305
4087,3.415421264025682
4088,0.2320038945193474
4089,1.204972407326281
4090,2.2501824596898006
4091,0.1414372059324022
4092,1.4837905783086978
4093,1.1217552122119434
4094,1.1847731563389687
4095,1.002292776159397
4096,1.3729033449636088
4097,0.2349002986679319
4098,5.266615136164461
4099,0.46079382205939223
4100,7.939814502783612
4101,0.1935856305705526
4102,3.054330951201907
4103,1.6876670697284375
4104,1.0678717407291713
4105,0.3474189788132421
4106,0.07994582345523339
4107,0.403182145804778
4108,0.015490940796092624
4109,0.06857005165997997
4110,0.9978352483682016
4111,0.9030895843551912
4112,3.459307552815466
4113,0.3401196614854908
4114,0.025365947879974343
4115,0.7887432608767599
4116,0.09903330349570902
4117,0.039150896955157014
4118,0.3964998075160274
4119,0.5930310885373866
4120,8.311666898715684
4121,4.25350977603191
4122,0.11354221710032869
4123,1.5811960266170257
4124,8.74805831521012
4125,0.2807879679443751
4126,0.024722604260229965
4127,0.9921337275547003
4128,0.05994466601351928
4129,0.7243769711747683
4130,0.8821518823883086
4131,0.1371907385752879
4132,0.4969296986383239
4133,2.9201895776478706
4134,0.6844106429130301
4135,0.35119494056137374
4136,0.6724438407426352
4137,0.7544944513449512
4138,2.0335589113672268
4139,0.8252178733267131
4140,0.07508867737409837
4141,0.23479873661823056
4142,1.67933494026813
4143,0.38336069575280635
4144,1.1488075186395785
4145,0.8544508561492867
4146,2.880736623887305
4147,1.2124376589393027
4148,0.049416620876155115
4149,0.11300530550015318
4150,5.54127849968806
4151,11.069511485203414
4152,4.481744597649653
4153,0.8417434158515634
4154,0.07836433927671516
4155,1.251060200156965
4156,0.8015663231448797
4157,0.3402439828235928
4158,4.2888584242488506
4159,0.23682124916101177
4160,4.502458072225393
4161,1.4541375132425154
4162,5.103542304592468
4163,1.540962568375842
4164,4.028941726489754
4165,0.2181428539337292
4166,0.08656468554059514
4167,0.5224513356527087
4168,3.3404464854600424
4169,0.18387539371510164
4170,0.2436945180969051
4171,4.030293332425692
4172,0.20464968436737313
4173,1.1129058427368093
4174,0.07987201185891848
4175,0.11017470265296776
4176,0.3407555473440492
4177,2.587447367349405
4178,11.858329685899742
4179,5.2611167145447775
4180,4.45943547302033
4181,0.972943598320508
4182,0.1359683264690898
4183,0.017654504883544996
4184,2.186319414962493
4185,13.677796909923645
4186,0.0653098964067399
4187,11.31470645911774
4188,0.10235942945094831
4189,0.14576924792499682
4190,0.5453886647586459
4191,0.9208680012169853
4192,0.31438704478500773
4193,1.5819910074862624
4194,1.0815723547983778
4195,0.7946504734649418
4196,0.16805438522468652
4197,0.049849299684016024
4198,2.7702064228077576
4199,0.3657950822263417
4200,3.5311637246815546
4201,0.3527090377262221
4202,0.45483588987157886
4203,1.6986715246695183
4204,4.972528073760807
4205,0.0516824697721452
4206,1.8753030846344945
4207,0.10048108984049106
4208,0.07297850745930817
4209,0.16757771569335395
4210,1.5122866725462152
4211,4.026320154237143
4212,0.14788962763125726
4213,3.8753359808858177
4214,0.4692836782234412
4215,1.4428869955260697
4216,0.5116905738841497
4217,0.06268838235497262
4218,1.6324273557665703
4219,0.7079763958952127
4220,0.21888707928474754
4221,8.024318446968739
4222,0.12296260093265025
4223,1.0891361192150066
4224,4.475988912847108
4225,1.9098792251252115
4226,0.102185605306612
4227,2.481654121688585
4228,1.0207979171964878
4229,0.5163415492874852
4230,1.3926828208792357
4231,0.12392144959561238
4232,1.8237452761881352
4233,0.09088701284401197
4234,0.533542061989261
4235,0.15785633951517158
4236,1.3774585271577997
4237,0.3239470826201667
4238,0.9831446382670314
4239,0.0484990333429066
4240,7.528839525324939
4241,0.5548809090526516
4242,0.9552143398123996
4243,1.058557514768831
4244,1.3126508407077522
4245,0.16370560313301347
4246,0.31335372240146686
4247,0.07206682172376956
4248,0.26540181723414785
4249,1.9668656566596034
4250,1.455505901492521
4251,0.48336299598673715
4252,2.636431830378232
4253,2.8635037042091276
4254,1.338076274286743
4255,0.34926966880007104
4256,0.8757571851790953
4257,8.883095817389462
4258,0.2560077165827871
4259,0.7412984003070889
4260,2.2159263602693353
4261,0.6118608101667262
4262,0.04678685198342461
4263,0.20930611572421307
4264,0.6175924844532568
4265,1.0081728590323245
4266,0.09954755515964342
4267,0.7861936435377401
4268,0.6435370504238007
4269,0.32533144628211075
4270,2.3335700683194336
4271,3.732566327086224
4272,8.711568852502573
4273,0.04189409404658107
4274,0.3228894811237849
4275,0.24377748022713364
4276,11.622983493299195
4277,0.906388279751985
4278,0.04192990293353145
4279,0.07702043337376951
4280,0.5707224069605973
4281,0.5899222180823964
4282,0.046390321316460204
4283,4.235843516629391
4284,0.970191974255152
4285,0.4028985011089524
4286,3.4203408590412674
4287,1.0014128899597323
4288,3.5080645384393865
4289,0.7730859165395062
4290,0.6866946775779392
4291,0.7665798141891376
4292,1.1919533120160921
4293,0.19376720628189886
4294,0.07146627430520686
4295,1.3407002844465141
4296,1.3531544640024047
4297,0.6681868578125287
4298,5.155997958834552
4299,1.1549245610954393
4300,0.34378397879145794
4301,2.7163053967394255
4302,1.4147613644205232
4303,0.07966115533866638
4304,0.07935091134902646
4305,0.03904593702714842
4306,0.03929369125975932
4307,0.053632466711640556
4308,12.127058066404043
4309,0.7453582406097046
4310,0.3893536006238139
4311,1.8170961468335216
4312,4.9188934634523225
4313,1.3773321697457868
4314,0.2293856523679219
4315,0.26023064900803894
4316,2.0081166030774185
4317,0.26884445989346395
4318,0.029962833339886863
4319,5.274664650029644
4320,2.0027030795477114
4321,7.668761531501025
4322,0.21149470008311566
4323,6.785421388142652
4324,0.10198742178562636
4325,1.2462960619647574
4326,0.8373766705141601
4327,5.591341413109918
4328,0.0985399305303345
4329,0.5984907728954303
4330,2.821288123486691
4331,0.5051076956538056
4332,0.547585237423323
4333,0.5234994351019925
4334,0.05674561882218765
4335,8.494198974329947
4336,0.5584309657987108
4337,0.6533592968395578
4338,0.13439522825045602
4339,1.9654017476876433
4340,0.08461411572478612
4341,0.385234055938949
4342,0.2273738386670443
4343,2.241386095190747
4344,4.915182076882548
4345,4.83416757828245
4346,0.25017672555096965
4347,4.838601167662278
4348,0.05683845218018671
4349,0.15297223704494212
4350,0.4213386859208786
4351,1.5492880221880847
4352,0.10656721020684382
4353,0.04597397402716536
4354,1.6270465786024366
4355,1.4924237705063463
4356,2.9218678582466504
4357,0.09817839216839931
4358,0.028496287847077376
4359,0.14544328703158452
4360,0.40448318089843993
4361,0.2582100076234185
4362,3.7552784637930205
4363,4.275762142480993
4364,0.09985340521460684
4365,1.3299357851728266
4366,3.0067661824293914
4367,2.519844644655631
4368,0.4331505178440742
4369,13.00180849026972
4370,1.5946505158279338
4371,12.327811426257218
4372,0.9370356920350278
4373,0.3338824939206926
4374,0.10754130848603083
4375,0.5418223590563287
4376,0.49848677345296954
4377,1.3203223493307465
4378,1.5422818591527128
4379,1.6831501793434658
4380,0.5943318040146262
4381,0.4865203861679992
4382,2.3203199403683685
4383,0.47462212195298725
4384,1.356682893949283
4385,2.1079875407890034
4386,0.20295004161799832
4387,0.4246341958529778
4388,3.9337316608833843
4389,1.6902893809766713
4390,0.6579199818232271
4391,0.7490774361167352
4392,0.08718138982776802
4393,3.433104108799478
4394,0.3333465440769272
4395,12.965773665247243
4396,0.7384063567209094
4397,0.2617204957567335
4398,1.6523375553046056
4399,1.8429388381487215
4400,0.9199042754796687
4401,0.8542260930563079
4402,0.06758440684614836
4403,4.848874095636356
4404,0.5472949191217169
4405,0.1713242753596734
4406,10.690142761906674
4407,0.09452177916956747
4408,9.920453129023926
4409,0.11619855383572623
4410,2.1729709619717488
4411,1.111052345687056
4412,0.02314236183829111
4413,2.4285872473101855
4414,0.22602765338038824
4415,4.5639157709336065
4416,2.8398430327831847
4417,0.08096269844215143
4418,1.2869307904666931
4419,0.11807648843424742
4420,0.31429486930697137
4421,0.14396538259875585
4422,1.3347849927394788
4423,1.7898042218466959
4424,6.133216929438438
4425,0.7927747594952133
4426,0.166019165694668
4427,0.33563710308109884
4428,0.22857023101772383
4429,2.3828567984658964
4430,0.7453828706712828
4431,1.5984604177581518
4432,0.05836819727564442
4433,1.1539613360339234
4434,0.12364015383357745
4435,0.0296857704853776
4436,2.9524109100272122
4437,2.2719940520835804
4438,1.8789707116998597
4439,3.170828910243756
4440,0.033456865830262306
4441,3.7078302790634123
4442,1.2229327950824933
4443,3.048664858823485
4444,0.5978204365101989
4445,0.8109803919434537
4446,0.4362715391131028
4447,2.9106153927933676
4448,0.7759690640145294
4449,0.06382725910378266
4450,4.908863052129767
4451,0.45565257948486526
4452,5.032975907187216
4453,4.600776622413287
4454,0.3929682001758885
4455,2.774773916829651
4456,0.17052643687536667
4457,0.06170489906774756
4458,1.698803368678896
4459,0.5794245420113087
4460,12.86581960980747
4461,0.19663984278045998
4462,1.3617117894749007
4463,2.911692081356808
4464,1.3247001502297238
4465,4.089350634177759
4466,1.3091933692022268
4467,0.5149604382954178
4468,3.0046672703999295
4469,0.8411837068059851
4470,0.08560560063737019
4471,0.7067857043801519
4472,6.801048806704829
4473,2.9955022603125148
4474,0.9110134220360058
4475,1.5800041002498713
4476,7.2689488141867376
4477,0.28282194930518845
4478,0.05573282568869615
4479,0.15170484696924066
4480,2.4642234492225903
4481,0.18411818634551164
4482,0.6423326708425914
4483,2.033418932047348
4484,0.37347798603605975
4485,0.4260279616762485
4486,0.5460396929996973
4487,0.2733413705418296
4488,0.6676725735613378
4489,1.6099278763663132
4490,0.08195626958703375
4491,1.9231998240732024
4492,0.8727642084487093
4493,0.23361417203007545
4494,0.07909013618403665
4495,1.1861333867522692
4496,2.622047108977772
4497,8.687799782420548
4498,0.27000259214948674
4499,0.16211174664517758
4500,1.050792210819932
4501,0.057511541973895165
4502,2.258580241709936
4503,9.208467800775928
4504,0.03225593540070134
4505,1.3353818655961178
4506,2.288951623952246
4507,2.7838165161691357
4508,3.8285440667787465
4509,1.0718631478406864
4510,2.5084479921371985
4511,0.18022009537908862
4512,4.411411711541813
4513,0.5014743499932637
4514,0.8651247242310431
4515,0.15731975383782792
4516,0.32523323369756685
4517,0.07221700115300742
4518,5.074361278589608
4519,1.2663496961731275
4520,0.13062207710529222
4521,3.505164947812111
4522,0.4667264407923963
4523,1.0702972456278848
4524,0.3470822137945273
4525,0.04163141148023152
4526,7.160458193747957
4527,1.9301309576048604
4528,2.70593307508679
4529,2.134113677276429
4530,0.07769494079645924
4531,0.08058405395270242
4532,2.812018689607581
4533,0.22424542146296547
4534,0.05296657062187486
4535,0.9752216372259804
4536,1.7652460673749388
4537,1.5741227967071953
4538,1.846645388560408
4539,7.14412549551541
4540,2.7654478747363194
4541,5.788080594392742
4542,7.268037170097808
4543,0.2500986345069655
4544,1.4804803423169304
4545,0.5353675500949242
4546,0.44872158340021184
4547,0.7439004288122569
4548,1.1022365307695434
4549,2.6656405308697573
4550,4.757406700800717
4551,0.06896136142336864
4552,0.7988796866359509
4553,0.23456573506856748
4554,0.988725154637164
4555,1.6439146559684992
4556,1.6937104646452
4557,1.9649097452130986
4558,2.568786502547333
4559,3.5154738916051143
4560,0.18511386539285002
4561,9.327821151091953
4562,3.3225744500193564
4563,1.9394961993821853
4564,5.943976087265269
4565,0.055256821824107474
4566,3.7258180265234384
4567,1.372186425015368
4568,0.5374159233730167
4569,0.37449122424081227
4570,2.684456926029616
4571,0.12216368175382974
4572,0.7434794539521401
4573,0.8193599018345545
4574,1.446883931938467
4575,0.3967020045438677
4576,1.6000628607263114
4577,4.602705103934275
4578,0.976140342248362
4579,4.4381334709423985
4580,2.13591228203824
4581,0.5609247289202455
4582,3.9877512687577896
4583,1.2299976063961435
4584,3.384516033071882
4585,0.3992062406023624
4586,0.43955501098384786
4587,0.17658554941690946
4588,0.2232175796164916
4589,4.349464517768666
4590,0.04663820936723549
4591,4.198772526234153
4592,2.752545664213205
4593,0.8663699767046025
4594,0.2773681223497243
4595,5.809681478172644
4596,0.10703437929036197
4597,0.25650522811725085
4598,2.1512938001356243
4599,0.18100196501235138
4600,3.1618136499902425
4601,2.2006820588202665
4602,0.23469145151135115
4603,5.653981427252681
4604,1.1426584478190884
4605,0.6720154214041867
4606,0.6857913965660062
4607,8.486730645725876
4608,0.17642614930394757
4609,1.5984500428851498
4610,0.033758141093773696
4611,2.431993943467934
4612,0.8306162037680466
4613,1.922937321536964
4614,0.20756337529267693
4615,6.554357824556404
4616,0.3943513394534276
4617,2.018912557130135
4618,9.51823704935612
4619,2.4653403977524437
4620,0.5798983419122379
4621,0.140727298492125
4622,2.3740110870105493
4623,1.0362482980991485
4624,2.6230178547455
4625,0.16815197254301434
4626,0.06928962311375067
4627,0.6712414468672147
4628,2.910420345598415
4629,3.415060234083642
4630,0.3449256964685756
4631,0.43100448446331374
4632,2.1503025753995404
4633,0.36347673624132226
4634,0.5089166277135873
4635,1.8769316991957674
4636,0.5360655340921734
4637,3.1099208406803065
4638,2.61079860213531
4639,0.34614285658410615
4640,0.042278163121482054
4641,0.40068922455994754
4642,1.229121613757413
4643,1.1840062273916967
4644,0.6797287028228213
4645,0.053247623029095414
4646,0.3962089916147996
4647,3.277478606036632
4648,0.6518154772815355
4649,3.71508002273189
4650,2.29920291412886
4651,0.5338366943384651
4652,0.05914768592263589
4653,0.7570382380588735
4654,0.12319902846757946
4655,1.9639085303029038
4656,0.8640744021902154
4657,0.40600804513537503
4658,1.002726409551866
4659,12.466245318542764
4660,0.2925842254032529
4661,6.908844137462151
4662,0.11561601116622319
4663,1.2641104335789541
4664,0.4532958660250942
4665,0.3870464251363004
4666,0.08613561343339224
4667,0.07397135882979754
4668,0.07895207302006874
4669,1.4946732950554646
4670,0.5439417824383905
4671,2.864030070328411
4672,3.052414523197589
4673,0.8518642632937283
4674,4.821759522027987
4675,1.7341827800757783
4676,0.01920812155420784
4677,7.598699046519803
4678,0.18762438924609467
4679,2.7137674163024146
4680,6.62208210053365
4681,2.3217235564034824
4682,2.3783529238074603
4683,1.3541614470550234
4684,2.9878799390601376
4685,1.8002380472303736
4686,1.9429414469477435
4687,4.595168019755013
4688,1.1145218173116198
4689,5.583490460558167
4690,3.95355196254814
4691,10.868425141698928
4692,0.2356374895897521
4693,5.254383763528463
4694,3.593162734813248
4695,2.1828877397951616
4696,3.7379539868051133
4697,5.682801585624522
4698,0.08622264748576434
4699,0.11147121599937287
4700,9.60319471537196
4701,0.7529565861741198
4702,1.217440455150352
4703,7.2266948898262875
4704,1.2313205393879592
4705,0.29581955920596276
4706,0.2727983939284492
4707,1.2141396664748534
4708,0.32555559336450335
4709,0.18784699736195748
4710,0.6183292817496561
4711,0.561071758343586
4712,0.1006212675675376
4713,0.07799763056538966
4714,1.739051996797344
4715,0.5795484753866427
4716,0.7335765243573574
4717,2.7625700878001087
4718,2.2291768224681547
4719,3.192095880589651
4720,0.23938539007331003
4721,4.121032485805117
4722,2.0706995093215044
4723,3.819457987015031
4724,10.483559555790123
4725,0.43421009069283734
4726,5.17194560301456
4727,3.2702192162258603
4728,0.2176377153070786
4729,1.2294095638993758
4730,2.7633961609779174
4731,0.38124434102853455
4732,5.794705030934953
4733,12.786608463589012
4734,0.19582391960004453
4735,1.3678294771088657
4736,1.605530830075932
4737,0.13936289782193131
4738,2.1885966020713745
4739,0.3438519793568268
4740,2.165484875260514
4741,0.8145930403677313
4742,0.8451375744254934
4743,8.585844019819682
4744,2.961658575347573
4745,1.5573685074593526
4746,0.7522319664539795
4747,0.09860315201726191
4748,0.7760810541622074
4749,1.6867740427027618
4750,7.2260102557621675
4751,2.5515613945178934
4752,8.059096517001908
4753,1.5560993902046274
4754,0.4887748046321078
4755,0.10724811473418738
4756,4.334268576174744
4757,0.10275900639981395
4758,16.20230304754508
4759,0.2893289887764565
4760,0.49502260381179886
4761,4.010029636537128
4762,2.3916407270961986
4763,0.2595614269970874
4764,4.394862548657128
4765,0.17596521467333143
4766,0.5087348148029717
4767,0.6670447648180082
4768,1.5899938858647973
4769,0.12994029697393278
4770,3.5496034797870966
4771,0.7724151677178392
4772,0.7409739626713803
4773,1.379209215027619
4774,0.5576403220561241
4775,0.19791242203213555
4776,0.9591103067547433
4777,2.1864835456756415
4778,0.07599843843544227
4779,0.11010017138502531
4780,0.18244644994564196
4781,1.5852078257662832
4782,1.3704843518427716
4783,0.62692336682877
4784,3.0184149827205977
4785,2.333132977103194
4786,4.45952599834242
4787,1.490730166140586
4788,2.0668076723102566
4789,0.10516165527964214
4790,2.7481031275474486
4791,5.871455248666962
4792,0.2353757180004083
4793,10.126852107786657
4794,0.27525851644049004
4795,2.5831769595281266
4796,0.527613232875462
4797,6.036135092662676
4798,6.711066395414335
4799,1.2549269358140143
4800,0.728945809779338
4801,0.4338140111759593
4802,0.17345245506110396
4803,2.608783259228655
4804,3.505668233352324
4805,3.3143566137330023
4806,0.06343292528898968
4807,4.99173765039278
4808,1.5124250047053494
4809,0.19371614610191945
4810,2.5964966052520473
4811,0.4792680212794498
4812,0.5564140381624321
4813,0.13885286511875217
4814,1.1661074104113445
4815,0.9476016948425405
4816,2.8781362654163782
4817,0.9289648722561565
4818,4.02269369123421
4819,2.3741536856803043
4820,4.146649389185473
4821,5.644451132977759
4822,0.2185330529768602
4823,4.990800035140275
4824,10.314434566761399
4825,5.242416197941618
4826,2.293067016511191
4827,0.49517876018641804
4828,0.6505590600168039
4829,0.6990458431133102
4830,0.3368732603758637
4831,1.474403885726061
4832,2.220046624104035
4833,2.028050448426476
4834,1.7487916267955037
4835,7.731647163496166
4836,1.1634609939833438
4837,11.78732102306186
4838,3.7655653622819933
4839,0.17747899812747164
4840,0.7156393667304355
4841,1.1346409442779315
4842,0.28619064784102693
4843,1.6033356849829146
4844,0.2747948860615988
4845,1.2529230225788668
4846,0.07921680712570446
4847,6.5510948213599445
4848,0.6333561797779791
4849,0.32982132518895946
4850,2.14999793396668
4851,0.15776671937649922
4852,1.8815494125956318
4853,0.5933497882526487
4854,0.141592115735418
4855,5.419169439982348
4856,0.40658012256825216
4857,0.8636253314671571
4858,0.09552538787068088
4859,3.5065904024196843
4860,0.05574515397826199
4861,1.4978902258811115
4862,2.8840655662266954
4863,4.010794829341036
4864,3.1813534345234666
4865,3.543141789226943
4866,1.7160031568495175
4867,0.08634119396092108
4868,2.865742565020118
4869,0.058421413019254784
4870,15.767996699497488
4871,0.852951159896495
4872,0.08235330487478423
4873,2.4648205883131613
4874,0.9277533486559186
4875,4.408883187470467
4876,6.145141680953956
4877,0.4882532706788446
4878,1.1768925448840775
4879,1.599867224178828
4880,0.8026041083541143
4881,3.531077187340816
4882,4.541699942541316
4883,2.660372849032023
4884,0.40975589475604357
4885,0.5134080973605814
4886,1.8228451518692044
4887,0.28908730661230064
4888,0.11989502274139811
4889,0.14367155106788426
4890,0.4129816483742892
4891,0.11858437092719848
4892,4.83920766740268
4893,1.9551454206185022
4894,0.8760787679620881
4895,1.3010166552020277
4896,0.12623339360125324
4897,2.285343224668617
4898,0.5163799658676845
4899,2.9519108519491546
4900,0.164102707131628
4901,0.9669770019850842
4902,1.556728139356022
4903,6.5326767422965055
4904,0.31001997107396334
4905,0.2755392899433453
4906,0.1145181037338789
4907,1.981874262762572
4908,0.20387071975074977
4909,3.219926889457179
4910,0.05742441035762175
4911,0.20457770463481056
4912,0.823605784610154
4913,0.16827296979831557
4914,0.4560255448820987
4915,0.20665276967514104
4916,5.189414630944077
4917,0.3837015017369364
4918,0.1366309023876517
4919,0.08610550748226004
4920,8.557663115261558
4921,0.8297618246275137
4922,0.38364967607787126
4923,0.29560137333044245
4924,1.6261515658029868
4925,1.3158265711852963
4926,0.7214178901183756
4927,0.4826303384902325
4928,0.4581874833857945
4929,2.10423783945007
4930,4.379053458005547
4931,0.017793294042520457
4932,1.0299646106059703
4933,2.864425616854355
4934,0.07425274183811069
4935,0.6545764547009516
4936,3.9549915231236703
4937,3.0667091941773394
4938,2.8905213471966835
4939,2.8109369495766554
4940,9.663830793682337
4941,0.3701692568243319
4942,11.196385802935481
4943,0.6278275701948159
4944,0.0245418653966485
4945,0.16488773384849553
4946,0.16272703967697377
4947,1.4356910992539846
4948,4.043432767906209
4949,0.3425017436863729
4950,3.027791420816868
4951,0.547979987242885
4952,1.3545182017521176
4953,0.026835940224781238
4954,0.1349360094279513
4955,4.208158632966828
4956,0.11810325467513551
4957,12.26648106694512
4958,0.5661995009304285
4959,0.5996745850155953
4960,1.0586679788730575
4961,8.789662415057688
4962,0.20722393094679445
4963,5.149142370312672
4964,1.1848722835830925
4965,0.15728370940848538
4966,2.139572578989723
4967,0.7079606021414004
4968,0.09712460070550816
4969,0.12753725567562077
4970,3.1437639474541275
4971,0.40377334987479824
4972,12.056045621400042
4973,0.8937470977605022
4974,0.4084896416425764
4975,4.497218652591549
4976,2.495989636592533
4977,1.0878669560210341
4978,0.1442003018575289
4979,1.9291718312275126
4980,2.452383199006744
4981,0.23498774963019067
4982,2.201652793810334
4983,0.16917330493177862
4984,0.2544513572303033
4985,0.23154359241772382
4986,2.4297639190880904
4987,0.4367008100828522
4988,1.7326512822496956
4989,0.36887111401142164
4990,3.904953095930301
4991,1.3402509892420653
4992,0.37989836628480117
4993,3.73416150992909
4994,0.5298399287418888
4995,4.360544718626549
4996,0.5923503202723922
4997,1.2428945201763357
4998,0.07597653088395975
4999,0.08320047289335919
5000,2.419975708144351
5001,1.5545869594349249
5002,4.3638249021873765
5003,1.6298467546687205
5004,0.3737005136917312
5005,0.0614926301828291
5006,0.7038702263833081
5007,2.6184571409543804
5008,0.3574818978388885
5009,0.07556859363758539
5010,3.6204060579814765
5011,4.309196506818742
5012,2.323459950178866
5013,0.7268354151615075
5014,1.2733796858044726
5015,1.4513227854937512
5016,0.3598227805932073
5017,7.087989756380905
5018,0.1344249283104828
5019,0.4870793312550882
5020,2.2398896912975736
5021,0.2523909459008591
5022,2.0264874309921206
5023,0.8928420786042641
5024,3.820779828958213
5025,0.06961833478390123
5026,0.22354021462034995
5027,1.2990311538468953
5028,1.438464219637895
5029,1.42137724378141
5030,0.13031392180125737
5031,0.47102603414205657
5032,0.22238434954408834
5033,0.11210762654342082
5034,0.07017158546868463
5035,0.767072219454124
5036,0.22429090199904544
5037,0.08491416740209347
5038,2.752020936078848
5039,4.081350608830723
5040,2.5009562242473837
5041,0.5850403534896456
5042,1.3285803336719302
5043,1.2420898460519747
5044,0.04771527298352084
5045,0.7634089306876619
5046,1.0700086168870926
5047,0.14775459593762502
5048,2.5704509179186816
5049,0.9943568325775114
5050,0.5464213312229673
5051,2.681694854481228
5052,2.0757706102978686
5053,0.7757489090395354
5054,0.0954731794118947
5055,0.19809708842508258
5056,0.30119314107777034
5057,0.49029085874186484
5058,6.440231840345073
5059,1.0327789379554764
5060,0.43257563081419725
5061,0.2725483594899998
5062,6.005247752757324
5063,1.5332095099737817
5064,2.885253333275398
5065,0.5910786482702091
5066,0.19357976181713116
5067,0.3766088220009385
5068,0.1368379365444303
5069,0.6388646807784963
5070,11.770512808781842
5071,1.3030866511912884
5072,1.7490074431531442
5073,0.18567168996526043
5074,0.14391451304029268
5075,2.0895024146566454
5076,4.425783004966043
5077,3.035961615313581
5078,2.126672132410603
5079,3.232687986886753
5080,3.8365389712050715
5081,0.23452981259058936
5082,0.10644887218927952
5083,1.8323862632010055
5084,0.03343852366922377
5085,0.4801313751343643
5086,1.0827400500486628
5087,1.3772470829342465
5088,2.25448858354126
5089,0.23178221409016142
5090,0.8760002262593058
5091,5.0483893735048095
5092,0.18013666636356243
5093,0.5202633878878791
5094,1.9803981605617422
5095,9.61972825461652
5096,2.9361739974874497
5097,0.6977050950829177
5098,2.8430529399113187
5099,1.5016221288290952
5100,0.07488702818009589
5101,1.0847683239624697
5102,0.12880253834126396
5103,0.4332722473831099
5104,3.415906687969489
5105,1.3095597046797525
5106,0.14247347386354714
5107,0.9955941652333069
5108,0.0883973328405094
5109,6.3634635726130675
5110,0.14037652609891438
5111,0.3365838166111373
5112,0.17469559704863716
5113,2.248473386208773
5114,0.7566689708361345
5115,2.4545015737621227
5116,0.11362965815689212
5117,0.17068521070868226
5118,0.2872450770597439
5119,2.0899808684225674
5120,1.7824330468526062
5121,4.138223605749312
5122,1.673729619735691
5123,0.049067157113867485
5124,0.09833361490193596
5125,0.5239894710786313
5126,5.690571436517727
5127,1.9243144709464024
5128,2.4873926209249326
5129,1.9206618875774257
5130,0.11767595493673434
5131,4.35022406013507
5132,0.3074048809333526
5133,0.18880383358773029
5134,0.07336761645032465
5135,0.11872402240271429
5136,0.08844200811403538
5137,0.27258082006805956
5138,2.0100500166756166
5139,0.13795255297705164
5140,2.365468685581495
5141,5.444444629881694
5142,6.672385791193783
5143,8.206008634730537
5144,1.710088265319419
5145,0.2018390070625116
5146,7.0430373158868695
5147,1.6727401823321597
5148,3.393419507118246
5149,4.978695734484539
5150,0.7219873286319699
5151,1.613282127397556
5152,1.8213894933882853
5153,6.566013278387657
5154,0.39094254997449124
5155,0.47589109927628837
5156,4.067941520097512
5157,0.12138596382377248
5158,0.15181893978499067
5159,0.05060938962615809
5160,0.718585155231101
5161,0.9628396273229768
5162,0.05625715780850535
5163,0.08034865642886552
5164,2.1329281247501157
5165,1.9429236623728499
5166,6.9304585195597905
5167,0.03732620506151815
5168,4.000264110524578
5169,0.06698796218640024
5170,1.8888883161490098
5171,0.7587838473718258
5172,1.1803621253849994
5173,0.3991332318006233
5174,2.8539718379827343
5175,0.24248036258970018
5176,0.11254328637866143
5177,1.7838880725648931
5178,1.6131549470803659
5179,3.412924078944498
5180,7.66527564281919
5181,1.2088357566337953
5182,2.6459118190578295
5183,0.3008583907257087
5184,5.245357876554435
5185,1.7844438667073077
5186,0.6017433552664206
5187,0.0669702371820736
5188,0.058974846395416156
5189,0.5624234423284598
5190,5.155790318529629
5191,2.127617799428733
5192,0.6018473766036299
5193,6.076369688012864
5194,0.05362091258043944
5195,1.215478004096925
5196,1.7391153673312707
5197,0.32634723830263324
5198,0.06164142082094275
5199,0.04998075645961369
5200,4.13053425840881
5201,12.248969451470554
5202,0.16102588955128985
5203,0.31435699489325025
5204,1.43238272842318
5205,3.7645860077926594
5206,0.13517165426342626
5207,1.0320422589669906
5208,4.88397170478253
5209,1.256898631706398
5210,0.036125761075934584
5211,0.37945742130533944
5212,0.05548824755436975
5213,8.42897187590458
5214,0.07050479706295591
5215,0.775876803370438
5216,0.5363393979602622
5217,0.0951909037831182
5218,1.9408345539195282
5219,2.687762653807301
5220,1.9607809900226254
5221,2.8236216266598815
5222,0.43275535266982695
5223,0.04588649875378904
5224,0.06001584570357622
5225,0.06745486282479696
5226,6.38748782389138
5227,0.13022933663148067
5228,1.667606398808421
5229,1.2008547059871022
5230,9.314145805444504
5231,0.3209067100466942
5232,0.03407211954498253
5233,0.09776321769871887
5234,0.5025349035454816
5235,1.597381453509839
5236,0.29839726198742733
5237,0.2105608713439014
5238,1.1253139723992662
5239,4.142429355114236
5240,6.07170213177071
5241,0.36192826422818786
5242,0.1115891974678181
5243,0.6729744328699805
5244,0.04818374813883219
5245,0.04157684516796677
5246,0.20860619577883477
5247,3.693607034155435
5248,0.05182999673577683
5249,4.294375919591887
5250,0.12046645994317
5251,4.434349686433893
5252,0.07943678044430955
5253,2.459247274497356
5254,2.7302198145763343
5255,1.1555723260108315
5256,2.291615794661369
5257,3.9974894584294303
5258,1.0162831420578065
5259,1.49352207811851
5260,0.08768919447625248
5261,8.325136267671818
5262,0.06880542825097334
5263,0.09626554929185992
5264,5.768294780296536
5265,3.7759679686182173
5266,2.835902358895705
5267,1.2940046043757891
5268,0.06835890141156625
5269,1.9156679071981935
5270,0.2772528690438551
5271,0.20189697669156328
5272,2.7855300897650204
5273,0.4240799743969373
5274,0.8882775173689328
5275,4.275699214178331
5276,1.4260861688041317
5277,3.41214858232968
5278,0.4863203313600366
5279,0.11100677655221673
5280,3.1857016640068707
5281,0.9331832809681498
5282,0.12633220485449478
5283,0.056885418367104826
5284,3.614093970507032
5285,7.915895052547899
5286,0.0964499135243539
5287,2.2152127049439247
5288,0.7829872423923456
5289,1.6842061606279382
5290,0.5107282907808008
5291,3.342998792480203
5292,8.487335550026867
5293,1.808318614310246
5294,0.45311732213614475
5295,0.2826834958861901
5296,1.5586184460059318
5297,0.5300303473162458
5298,3.4818699309861403
5299,0.1643436172912383
5300,9.681962046750346
5301,5.050783094959301
5302,3.0197904738812964
5303,4.3727536354084195
5304,3.840787804276629
5305,0.8216144069830025
5306,0.3160543485620574
5307,4.4540093120184405
5308,9.171200662900429
5309,0.8213316347137078
5310,1.5533576359477257
5311,4.154225010774452
5312,0.2639741620383959
5313,0.9080363552172039
5314,0.0463282890603684
5315,0.7187190683454849
5316,1.0911527806579095
5317,1.3041370019098266
5318,0.0965609901252999
5319,1.2212619152262936
5320,0.05188270478897082
5321,0.11683336739482728
5322,0.8086954900461677
5323,3.21799897299943
5324,4.50654210782278
5325,1.7035081888794448
5326,4.459325843645836
5327,0.7227869516548457
5328,1.454444175676363
5329,0.15843383578411196
5330,0.6631945925997395
5331,1.2646426204219456
5332,1.4500264659399682
5333,4.500660201221651
5334,3.0380572695928527
5335,2.8833605308953905
5336,1.2448406711051412
5337,0.06456946175031716
5338,0.06485123633923033
5339,4.5950903566483
5340,2.898957245670586
5341,0.2658556438191355
5342,0.7893851353930055
5343,3.3270193007451008
5344,0.7552929243790634
5345,0.4020438507056079
5346,0.44062134983237733
5347,1.0660673860683847
5348,0.10474459435774075
5349,1.103815003448893
5350,0.21730999534400683
5351,1.716878644149718
5352,0.8488198647558641
5353,0.08520887635780555
5354,0.05452515130944807
5355,1.947666318004145
5356,1.5600187800736094
5357,1.8158231039376829
5358,3.04176013135128
5359,9.317693498200708
5360,0.49573543515824425
5361,1.060758214699681
5362,0.13184200017877035
5363,0.826469613397766
5364,1.8655149717024533
5365,3.0909252819014763
5366,0.9499790639885828
5367,1.4045547689738442
5368,3.391049093890736
5369,1.139053817980515
5370,0.9284767636141108
5371,1.7288360731756285
5372,0.4019989830472259
5373,0.3562227497003683
5374,2.693127222172286
5375,0.3052641790328837
5376,1.2680962534440057
5377,7.489019620764838
5378,0.6345314517087324
5379,0.06162854960857611
5380,0.1880790153694304
5381,1.7026529442638954
5382,2.064566578373566
5383,0.15736879655436292
5384,1.9610839707777938
5385,1.7538372441061845
5386,0.260625877048433
5387,0.4317440013749283
5388,0.12193535388240467
5389,11.441917935842593
5390,3.0116916418023543
5391,0.0934361696758356
5392,0.3956143612853922
5393,0.9949576354612883
5394,4.139025944188242
5395,4.742617211930636
5396,3.9981967564142566
5397,4.909789753167603
5398,1.7175484854139156
5399,1.4719249229806115
5400,0.1212603080173324
5401,0.0609528520688969
5402,0.05239536464731462
5403,0.8445706285488404
5404,2.6760022429517574
5405,0.8647230864860133
5406,0.033698770033329634
5407,3.575407846601946
5408,3.007360236733729
5409,0.3262843471556417
5410,0.4002615972639245
5411,0.11186193643369338
5412,0.3766986836265942
5413,0.43118758422699455
5414,5.426669851932823
5415,1.3644180913566715
5416,0.26712497786239514
5417,1.1507721741664543
5418,1.6502880638045911
5419,0.811197740240226
5420,1.3198750830216353
5421,1.0608593117256935
5422,0.9991016800549362
5423,0.0679059832433425
5424,0.17348488683613555
5425,3.934059093705844
5426,0.4860112812469558
5427,0.43183249657741873
5428,0.7579991329127411
5429,2.2959862643645508
5430,12.075481785113272
5431,1.1420576544917718
5432,1.5257288175348431
5433,0.07842870560546894
5434,3.929521724690209
5435,9.290130674945246
5436,0.5387689578154646
5437,0.16902506997160535
5438,0.4263345362823031
5439,4.523287790759563
5440,6.55855674544452
5441,0.034992963687568976
5442,5.0715474893154955
5443,2.4115087477423627
5444,1.7892578240433519
5445,8.22110266024854
5446,1.3295909875189573
5447,1.9099075573768771
5448,0.9761610892980093
5449,0.22373299634447794
5450,6.664022992096145
5451,0.29396311847797646
5452,1.0166203078561935
5453,0.5512933837697802
5454,0.14036213193516417
5455,0.199827734320778
5456,2.6113365655087106
5457,0.7020390388047041
5458,0.9830132104548315
5459,10.597626787073466
5460,0.07665451100834997
5461,2.100389679578748
5462,2.3978727945016054
5463,0.18255301727035939
5464,2.9524412236007125
5465,4.477452436411333
5466,6.658848774588206
5467,1.398735741036723
5468,0.16665691327610854
5469,0.7967828454153207
5470,0.2958137605895931
5471,1.337006759904721
5472,0.53857359114585
5473,3.825074671664976
5474,1.1567314604625398
5475,1.9974928445640348
5476,0.22825534829237865
5477,0.24013355908044187
5478,0.8581507871084909
5479,0.06731261652351302
5480,1.2794481445868167
5481,0.048172093240211517
5482,0.03314263490764484
5483,0.9632379989398182
5484,0.19589736791491685
5485,3.555111372318374
5486,0.5880393396100669
5487,4.4027905547800685
5488,0.8114040348585569
5489,0.6031919174041017
5490,3.8005883682593478
5491,0.9088187775910411
5492,0.7949108645556213
5493,0.11957471686682739
5494,0.40920760177082893
5495,1.902483529545077
5496,0.6830041641089939
5497,0.178384671101436
5498,1.218345832954581
5499,0.27945747626703044
5500,0.47639271420670193
5501,0.4985331970771232
5502,0.07089332861796668
5503,0.2060793058064243
5504,0.06907865850242959
5505,0.8794114309756552
5506,1.537926270892393
5507,2.454623370167682
5508,0.6261729122454365
5509,1.1741170902528109
5510,0.6378798339673248
5511,0.07619412419579084
5512,0.06011394275721097
5513,1.8117095860240648
5514,1.3959363685603874
5515,0.865164274985774
5516,7.892954445666524
5517,7.476789318710056
5518,0.2100502200566015
5519,0.18323686595633282
5520,1.3868707137752194
5521,2.5644979494149083
5522,3.3094555510514208
5523,0.12375139343655861
5524,0.12093703009217213
5525,0.06644335750083481
5526,12.672153118745637
5527,1.6228682647530601
5528,0.41737483306883694
5529,1.2798098685940098
5530,0.8468017888657402
5531,2.2471460628733295
5532,0.31278373646629887
5533,0.23142692456339498
5534,0.08572950934509131
5535,4.803692973421072
5536,0.17001900100790399
5537,0.9719470674391474
5538,2.911738789137771
5539,0.25112015198923515
5540,0.3347539923954419
5541,0.8750496499326778
5542,5.859988688356863
5543,0.8139313078954513
5544,0.2508095079941391
5545,2.018258679746186
5546,1.5154381793872607
5547,7.677556458153777
5548,7.6385836963321445
5549,3.6514805828589862
5550,3.8180011647264136
5551,1.8180733017676851
5552,2.340247771993354
5553,1.3996876646203753
5554,2.4236221633301827
5555,1.6477278239982363
5556,0.2926724732730939
5557,6.098342797170629
5558,0.9917332848457964
5559,1.3967275020454064
5560,2.533075976488251
5561,2.961258640182838
5562,5.001847086759206
5563,0.10205763483265111
5564,1.6992775925969714
5565,3.0739360530368094
5566,0.3103015577072137
5567,6.47521992961832
5568,2.6499579858155147
5569,1.5296747442887841
5570,0.18483983130014817
5571,0.6892694648259041
5572,3.064338852559234
5573,2.1136198187617525
5574,1.3195898635240346
5575,0.10712384445066692
5576,0.14176936778318389
5577,0.08894499971671166
5578,0.8814427351627505
5579,0.07995597838716588
5580,8.852322014057103
5581,0.32090928298455695
5582,0.47878719016290794
5583,1.1491986923988018
5584,0.6051644746918062
5585,1.1785971244629572
5586,5.4767237723486755
5587,0.23534290346578224
5588,1.1308769492431656
5589,6.2754310828227755
5590,0.15882110048221226
5591,0.12357304737077712
5592,0.13202611590689153
5593,1.1631330610874038
5594,0.1397815593199452
5595,0.3254429868542317
5596,0.33231969433499403
5597,0.10063977204889725
5598,0.1772104805723989
5599,0.10248884394518776
5600,1.9656340057124906
5601,3.0353832980587248
5602,0.8394602923423672
5603,2.1323104687161996
5604,0.6057289637737624
5605,1.6957306636641474
5606,0.9656837579986206
5607,0.7061737683621685
5608,1.7698760208782551
5609,5.2890196588626495
5610,0.8592427896009869
5611,2.359411118495971
5612,0.809735166259671
5613,1.344861479847943
5614,0.7500317801962926
5615,1.259194636188838
5616,0.4247580461525562
5617,0.20289673767888647
5618,0.2666526357756659
5619,0.9451491880013969
5620,0.6248417817626737
5621,0.15535055782471988
5622,0.019009920786227853
5623,0.40927984821014485
5624,0.825842424089378
5625,0.063882367928468
5626,0.5522652848982128
5627,0.5989954163944372
5628,0.12305503882065438
5629,3.2865136133534887
5630,4.908192982889204
5631,0.4052460485894255
5632,2.3888889964349307
5633,5.758134127663951
5634,0.13119425453964573
5635,3.156167137352753
5636,2.8535395029104063
5637,0.04459100600720316
5638,2.320401926574756
5639,2.4603537157697293
5640,1.7804610981820643
5641,2.2652032970975124
5642,0.4713071372590371
5643,1.3898683693118683
5644,0.8563540454199248
5645,0.7590510956435232
5646,0.3248694897501333
5647,3.6442927434955794
5648,1.8826646679254402
5649,0.8669558544435092
5650,4.422298402602847
5651,10.810288117369502
5652,2.3164877895211964
5653,4.390430530861698
5654,3.34094571667361
5655,3.9785436651324746
5656,1.4698631401040634
5657,0.29904254110858614
5658,0.6679519131291627
5659,3.8783193028817085
5660,1.706195218773456
5661,2.266315891156525
5662,2.901802829771578
5663,0.3382239074392288
5664,8.552318719768646
5665,0.1672767658000165
5666,0.08649748657892159
5667,1.9721768436681164
5668,0.883725560703728
5669,0.24329869080144373
5670,0.6422807379286619
5671,1.5940089981161591
5672,1.4909288387652384
5673,2.2591357365588314
5674,1.8053646623396555
5675,0.5621002966969427
5676,1.0221223277782543
5677,1.441341353671215
5678,2.385995473661672
5679,7.041297850816465
5680,1.1970714300051393
5681,8.515993712122478
5682,5.478354314278775
5683,3.4108823552667156
5684,0.38932264817058737
5685,1.121333046159866
5686,3.12348031545409
5687,1.1370471514340617
5688,1.7722659270791603
5689,0.046120776765688924
5690,3.008715124267365
5691,0.7302007934291121
5692,3.278323015539667
5693,4.276934858367698
5694,0.4963667120739869
5695,0.06973033193351916
5696,0.7194553953371091
5697,0.20012501324656884
5698,0.07616117709178147
5699,0.32115437331499597
5700,4.898163587854859
5701,3.5543326717947377
5702,0.39374281524899246
5703,0.8979802880514582
5704,0.5154063973917972
5705,0.06794904691769836
5706,6.113339094105543
5707,2.196810370147769
5708,1.5535000600602995
5709,0.018138106749304377
5710,3.4316998632212314
5711,4.66242546619839
5712,5.310164730975446
5713,0.10571405449493268
5714,0.06797999758929549
5715,3.3026303869866305
5716,1.494976718844855
5717,0.2680754582585144
5718,9.788873939912925
5719,3.885978851050319
5720,1.9212883615399805
5721,1.478987641039723
5722,0.3513048098014424
5723,0.34465799368270644
5724,2.0080439818508333
5725,1.4896682148178517
5726,0.10631185180302488
5727,0.12292309024110722
5728,1.075521190242605
5729,0.18180439436839008
5730,0.2699277016013045
5731,4.3994506236597175
5732,2.2480646084983076
5733,5.189060426714767
5734,1.4623323924074767
5735,0.3726055536592702
5736,13.90443830674067
5737,5.344342776203923
5738,2.9599965752327373
5739,1.5260625056713062
5740,1.111000398066613
5741,0.3193775569585252
5742,1.8761120902996788
5743,0.09317282499276651
5744,6.076128870586526
5745,4.345433924115824
5746,0.04073732930883132
5747,4.957974563990993
5748,1.5278720902415341
5749,0.28372337404999687
5750,0.27387702724435686
5751,0.6417062481077386
5752,0.6296903571147351
5753,1.0761078002153464
5754,2.180786377014233
5755,1.0748944464774877
5756,2.4666632258986096
5757,0.33605755257855097
5758,0.8414022121825867
5759,0.49229057435789864
5760,0.3819718146033391
5761,4.670064469427693
5762,0.09217816284944755
5763,1.7246912214162524
5764,8.696928964716989
5765,0.05775410114184683
5766,3.4167334466997747
5767,0.06405164044320515
5768,10.354173970411019
5769,3.5772300253987876
5770,1.1145122438625936
5771,0.4670360939669071
5772,0.27136027938497637
5773,1.0233647850982073
5774,0.46494974541183687
5775,2.723241970576919
5776,0.5092554270840138
5777,3.1870162018147274
5778,0.12282948466810473
5779,0.14139298167827974
5780,2.9014187598465417
5781,0.3268472684492263
5782,1.6426396848250555
5783,0.24063980513754613
5784,0.07077092627208537
5785,0.8699939964849228
5786,4.522199110927816
5787,9.018722923709625
5788,1.421216439752223
5789,0.10472891115646038
5790,1.085211428836261
5791,0.23492478883183937
5792,0.0816693548491207
5793,0.7793844604268172
5794,0.51858862135305
5795,4.662377337624816
5796,0.6937362870015774
5797,6.847556368861952
5798,0.39033859082407396
5799,3.357566646417089
5800,0.13005932715192864
5801,0.16527914914592645
5802,0.8538638386638921
5803,7.417584512128377
5804,2.0841070267314326
5805,3.7800384060572885
5806,0.22202358919751403
5807,6.5114155697880225
5808,2.2220798539619295
5809,0.9828727531890755
5810,3.226158133134848
5811,5.654820137630205
5812,0.08327177492127555
5813,1.0951091153411485
5814,6.171129761366606
5815,0.5130791754746906
5816,0.13697806197447632
5817,3.8071941752159324
5818,2.5708508396557144
5819,3.6857175399243953
5820,0.19555107320976775
5821,1.2759278149872681
5822,0.2624580910436333
5823,2.110362365462537
5824,0.979711090587617
5825,0.4216125038880132
5826,9.125444046054959
5827,1.7351633628867167
5828,1.0225029843234525
5829,0.8597524979678974
5830,0.17711061662124972
5831,2.625459809034415
5832,7.203039504280076
5833,5.27089612002491
5834,4.9226826915813024
5835,4.558393839336032
5836,0.06503745861700147
5837,2.6132377461809706
5838,0.8048257941807972
5839,0.8080952125045293
5840,2.419717846558286
5841,0.9304020399272481
5842,3.6036680816775144
5843,0.5817533866955336
5844,8.301020878905028
5845,1.6224866990243978
5846,0.1289591978153109
5847,0.4572108432305071
5848,0.4394353158242054
5849,0.0934364968385274
5850,0.811713603173328
5851,0.8591954927087364
5852,5.841115406915199
5853,3.6213447245192247
5854,0.29448831315590107
5855,7.735767635840068
5856,0.5290991304309296
5857,0.2765800751284725
5858,0.25297164948268275
5859,9.230334005532082
5860,0.030484757648619708
5861,0.2593578473253505
5862,0.18092127933446422
5863,0.12859722766729084
5864,1.6046705823261231
5865,0.19177959552476398
5866,2.7150023881391334
5867,0.13723304991391908
5868,0.7944000984003067
5869,0.3506450782342343
5870,9.35700104620778
5871,4.514977123839587
5872,0.05050537508337541
5873,0.02202783479318546
5874,0.15392457638760482
5875,1.9890113607961748
5876,0.3608173281738586
5877,0.5855616271932627
5878,0.16384053229445722
5879,0.8058630052440445
5880,0.6685822386237386
5881,1.0069625745613582
5882,2.5019535688374477
5883,0.08045747598673922
5884,1.3404071610012944
5885,0.5794438518740352
5886,0.3160452550058691
5887,0.3375496367256542
5888,0.548553545002433
5889,1.3735554602788338
5890,9.590954606288626
5891,0.8873081403244253
5892,1.777440202703918
5893,0.10699738256420786
5894,2.2054573547350955
5895,1.2242859569008582
5896,0.10387045039258277
5897,6.435502596907121
5898,0.6015309086965195
5899,2.3500599939474736
5900,4.760642323636292
5901,0.2857609232960729
5902,0.18399323555780872
5903,0.4775042996963833
5904,3.944340693101848
5905,3.8540146768431915
5906,0.2244900376992435
5907,0.3217053751017305
5908,1.678879188068762
5909,1.5272266267474437
5910,0.2699770329278286
5911,1.4576767070759948
5912,0.05820633241266982
5913,0.9143901057762138
5914,3.2050189646086795
5915,2.321739483676004
5916,0.9759873661179245
5917,7.302100548179923
5918,0.5553039423005951
5919,0.14014366340415055
5920,0.1449441866748469
5921,4.2737301541951815
5922,3.270888989823301
5923,3.418232909122926
5924,0.03343256176891529
5925,0.10392195108274808
5926,0.29868339265544835
5927,0.06501859108541719
5928,2.3528324934737403
5929,2.794362139530885
5930,1.9138654107731954
5931,2.4052551734094116
5932,0.15254619012124676
5933,0.32066939780064296
5934,0.7272518737066214
5935,0.125122834575703
5936,4.675419582132969
5937,0.061991889230935585
5938,4.9933513488547945
5939,0.31326250142946077
5940,0.18768640956084878
5941,1.9944350764507581
5942,0.35958014561627344
5943,0.09685350978345311
5944,0.29503405722580844
5945,1.2876258411323511
5946,9.114242367333434
5947,0.7415046005948163
5948,0.3933615438667353
5949,0.47660107635117877
5950,8.748590197470897
5951,0.6690108042133889
5952,4.981025456575152
5953,1.8741712484623925
5954,0.32205421267885415
5955,0.9321724861972049
5956,3.4054543078023687
5957,5.038006032370694
5958,0.10561455502772654
5959,0.23915183935917345
5960,4.058983636029991
5961,0.02556610021731035
5962,3.1646089795521135
5963,1.4116860081096523
5964,0.9457018178542875
5965,0.424530662438526
5966,3.020099687986199
5967,0.15752132724220508
5968,0.17673679429631645
5969,1.3692163057173592
5970,1.5763816729809836
5971,0.1532594713175603
5972,3.6574514155454274
5973,0.39988138618610325
5974,2.004935303552167
5975,10.271491510139759
5976,2.293930909584038
5977,12.356329666884989
5978,1.417169100527397
5979,8.82111467845198
5980,0.07085521870979655
5981,3.2729459262845717
5982,0.101983183479995
5983,3.4549581038704975
5984,4.248014997273909
5985,0.09401727167838675
5986,0.359522381012115
5987,7.532040013168631
5988,9.426607478666138
5989,2.422421754684465
5990,1.699952429425796
5991,0.40840760654758573
5992,3.243567173309639
5993,0.5096505973830919
5994,0.22449316845723993
5995,3.533692935112538
5996,7.388045765878941
5997,4.258499924764205
5998,0.9774158367903717
5999,0.10936780067509744
6000,1.7617388049173504
6001,0.05532239602012062
6002,0.341612759327103
6003,0.04893827895002327
6004,2.0861256241316664
6005,0.7867476905663818
6006,0.20940603954621
6007,0.3778276806131368
6008,2.5859246313116895
6009,1.8501939737616038
6010,5.539834189039612
6011,0.0976108755887814
6012,0.2452895342411867
6013,3.811978207229904
6014,0.05155369525734584
6015,1.6133338481855373
6016,0.026582789153213326
6017,0.429291938899491
6018,0.8885647989917802
6019,0.8738689502723673
6020,0.0771379221654658
6021,0.08378191926891299
6022,0.7762435604437093
6023,5.60227054608095
6024,6.480462802448741
6025,0.07221286278769197
6026,3.250661468037483
6027,3.489351118754313
6028,1.511844850447764
6029,0.06629051009134707
6030,2.6059612398353766
6031,1.149230869138257
6032,5.622230945117376
6033,0.8356243567764726
6034,2.9315906896898443
6035,0.0551771025942375
6036,0.4370399192453981
6037,1.0362469701014667
6038,0.1669571845751408
6039,1.8677215911939282
6040,1.291131585687631
6041,0.20804335576428357
6042,3.328475419302701
6043,3.1146764571141263
6044,0.10304344187621528
6045,1.1315829599897
6046,0.08028068794684667
6047,1.4174753767956543
6048,1.8568332375237473
6049,1.6219954471412317
6050,0.1511440881324651
6051,0.19434699673374467
6052,6.993319852557874
6053,0.14366078458401443
6054,0.14497563562129095
6055,4.758063698387296
6056,1.0266688297525444
6057,0.2025962702804629
6058,0.16029622033540086
6059,0.025582096586078854
6060,0.6578470434550796
6061,0.8518952657172453
6062,0.09987712635671658
6063,10.496202426998211
6064,0.2775660312779148
6065,0.6804002928484949
6066,0.8297417288019697
6067,4.236152582730269
6068,0.7274141783929913
6069,8.899311059964097
6070,0.92302280628091
6071,0.20563284831734308
6072,1.5331530345377575
6073,8.208406546537232
6074,1.3629119015545355
6075,0.04921634868990227
6076,0.3874372533882906
6077,0.7116072598041543
6078,1.734854404267707
6079,4.8693555310218155
6080,0.2806934238820933
6081,0.2723695412616634
6082,7.143961188061475
6083,4.62366996641661
6084,2.25107301161529
6085,0.3212779188520051
6086,0.4409386737323533
6087,0.8494320574447292
6088,0.07659369342268618
6089,0.07365505399547641
6090,0.1098787628854068
6091,1.8657537166514335
6092,0.08712655690625251
6093,0.07899575989748853
6094,1.312285483960753
6095,0.2982548072731772
6096,0.1838780637167636
6097,2.049425751556579
6098,0.05292161050676788
6099,0.5643289449874638
6100,1.0585842032162913
6101,0.8095879281403466
6102,2.762246080710419
6103,6.966703259293997
6104,2.9915731255243627
6105,3.886899643865301
6106,0.0771227896158142
6107,2.379255583545122
6108,6.4758655134457825
6109,4.653075541181115
6110,1.6190925659368958
6111,0.07705416916536645
6112,1.797527138251207
6113,1.533954691661301
6114,0.49819264800670554
6115,0.3489918713189303
6116,6.0999833399381975
6117,0.869150304100259
6118,0.964386108434186
6119,0.5745380917080651
6120,0.018825317158422495
6121,1.451046232140924
6122,0.07522837036313162
6123,0.5876483014473379
6124,8.77553355215041
6125,4.287553556736896
6126,0.24107593367454788
6127,1.2198648579729132
6128,5.575148248573263
6129,1.3608521025285008
6130,1.1890858316666892
6131,0.047385025436468935
6132,0.5146482190452669
6133,6.622544240323384
6134,1.1392714865661664
6135,7.869681363365314
6136,3.2534150828264163
6137,0.05356057487823974
6138,0.4848690252104022
6139,7.633011174070969
6140,0.07611752617577047
6141,4.129490358636415
6142,0.3498729793681014
6143,0.11492901021212332
6144,4.534940790163465
6145,0.32028376961160165
6146,0.4226355843680803
6147,0.9301003089383564
6148,0.248953816349086
6149,3.118125457521292
6150,0.24864374961066543
6151,2.0202430720131854
6152,0.16769886594018923
6153,1.3612673370206654
6154,1.185508207968062
6155,1.2168900647474539
6156,0.04638306340304905
6157,0.9057316028008232
6158,4.014855641343277
6159,3.500412966421089
6160,2.44980273461659
6161,0.022164640761648542
6162,0.10807825221879039
6163,1.1885691621968224
6164,0.1460951718348279
6165,0.6882543494922282
6166,3.33235060887026
6167,2.0693073854481674
6168,0.3535432863114223
6169,2.8717609670739774
6170,2.3335594547153358
6171,0.8107427699129326
6172,0.10964177370948994
6173,2.9523476564072837
6174,0.5875906123309325
6175,2.577447222640243
6176,8.458375610556152
6177,2.1388881506680404
6178,2.2694107872997895
6179,2.0711444932886756
6180,2.4438315121366205
6181,2.2783078109285912
6182,2.020206461830478
6183,3.0617352880883564
6184,4.735178321736937
6185,1.986755676725359
6186,6.720467055918917
6187,0.03603899421501845
6188,1.7689197710861921
6189,1.624275173275543
6190,4.50551515330392
6191,0.4900687393139146
6192,0.8066927556114092
6193,0.0602909506491469
6194,6.392655657545337
6195,0.1821070206350245
6196,0.7123043151855718
6197,0.36250795247909906
6198,0.5142284531836729
6199,0.09999715455371311
6200,0.5416123093935961
6201,3.860148642740886
6202,0.8172389868031134
6203,0.1097022986869857
6204,0.0697117581404701
6205,0.06223747312336145
6206,4.985907258357052
6207,4.964159337027093
6208,3.2598655990041125
6209,0.1507772368737701
6210,5.617867619451806
6211,0.7590039893061649
6212,0.3550676496601962
6213,0.047461056514018884
6214,0.19468172412006376
6215,0.7948758605286548
6216,0.4909883154292255
6217,9.83240690360412
6218,5.1803969722283805
6219,1.6695989272813925
6220,0.033289265005408256
6221,1.243196992703875
6222,5.599860441854322
6223,2.7091979445804277
6224,0.13114131338669077
6225,0.1191078830272942
6226,4.575402473003681
6227,3.4955043902612455
6228,0.19696268797268593
6229,5.19808209970466
6230,0.20960404041329472
6231,6.792916004683116
6232,0.09389364891892207
6233,0.0439830956509562
6234,12.839377598599565
6235,2.425531406191772
6236,1.4710063463093976
6237,0.13832818933885266
6238,0.23208636059182947
6239,0.13772867829719418
6240,0.1429929667508465
6241,0.3424098891538113
6242,0.1048064105092801
6243,2.526211041982728
6244,0.36141739666226047
6245,1.3187423817400874
6246,0.21956031090034245
6247,0.25580834940990366
6248,7.159190946162489
6249,0.08277257461687373
6250,0.6164655183815296
6251,0.7407716463038938
6252,7.114951083322106
6253,0.6539121985681693
6254,2.1309594081341703
6255,2.753719898432969
6256,4.6745987072547965
6257,0.661341935802759
6258,3.056896585270663
6259,4.490798433100748
6260,1.6536145225799839
6261,3.8842780348790256
6262,5.005624918218588
6263,5.743869282124296
6264,0.8138246234490812
6265,0.39544411835707405
6266,4.261227929662814
6267,0.596977053636697
6268,3.921604627941692
6269,2.794316723254422
6270,6.161250610197529
6271,0.5366177825911997
6272,0.8479840138498154
6273,0.3289797939180247
6274,0.4026212285579113
6275,1.2725508097057925
6276,0.9083890634281773
6277,0.17582269611802345
6278,0.37367646176342084
6279,0.10461887528347569
6280,1.9576520238937105
6281,0.10382455425742504
6282,1.4269882755121233
6283,3.5750006315177787
6284,0.12147787373182745
6285,4.561949169004437
6286,0.19699105394809435
6287,2.023480053222171
6288,0.0918234981702924
6289,1.627136249261345
6290,0.15311434717952138
6291,0.24329715659601742
6292,0.6027651311180391
6293,0.9490458133780757
6294,0.860315472205221
6295,1.1668680037638717
6296,0.01844165805033649
6297,0.020752629766482907
6298,0.6185435254693594
6299,0.8352211239315996
6300,7.556134769609081
6301,2.167766598959388
6302,3.0452644791136994
6303,0.07724553141128193
6304,0.030642975028517025
6305,2.899826598705202
6306,0.21686079966797978
6307,0.9027074129458084
6308,4.4766847052631356
6309,0.11841018974492809
6310,0.9547166606779001
6311,2.5537253690949173
6312,1.4336059346783392
6313,1.033360718373321
6314,13.619753497259996
6315,0.14397813857964853
6316,0.7171432955544916
6317,0.36726507219088156
6318,1.2738936823292586
6319,4.143855535487017
6320,0.26624990947267874
6321,0.8824477191341762
6322,0.5878244428987481
6323,0.8939813411079297
6324,1.390472784082403
6325,6.728354568484983
6326,3.567935279106789
6327,0.2671448184009839
6328,8.587907022155534
6329,0.5250489328738199
6330,0.5005520728212672
6331,1.9352136133972166
6332,0.7025401095937462
6333,2.004864241902533
6334,1.0581920901084187
6335,0.5682166610695745
6336,0.4429881226344734
6337,0.1884131231398325
6338,1.5333778087911987
6339,0.3651401254789507
6340,7.313471430367734
6341,2.973980043493162
6342,8.462193974724878
6343,0.3957524571701245
6344,7.466183379314303
6345,0.8036082442589265
6346,3.6068000632340946
6347,0.9696829938777543
6348,3.4758073243252126
6349,4.241534810051856
6350,0.8292127802320668
6351,0.15804829140559273
6352,2.150678512946448
6353,5.7507758812123395
6354,0.351258838041568
6355,3.5164464138825
6356,0.08854750744057359
6357,0.7166194197327242
6358,0.06966525021223843
6359,2.3368750468288253
6360,6.902954532892202
6361,8.857543024842466
6362,0.9303743999548705
6363,0.506790423134081
6364,3.743790223681926
6365,0.061869555819511944
6366,0.2741202314712799
6367,3.8601555142141333
6368,0.3102939202582482
6369,0.20021876517387482
6370,0.12699782814859994
6371,0.4811210641490716
6372,0.2275035887653682
6373,0.09704118795237383
6374,1.6463514747764545
6375,0.23977810961182505
6376,0.24404466731748806
6377,1.4858191887992134
6378,2.1427952722047117
6379,0.15170216467231645
6380,0.053732978265791445
6381,1.5592956786216725
6382,0.060923322381362485
6383,1.175828984377783
6384,1.167845733932165
6385,1.3228155631500254
6386,1.140848863399357
6387,2.4892653097016115
6388,0.2294531044587404
6389,0.18252576628688777
6390,0.35272642192794135
6391,0.7275987947232243
6392,2.2427785942281
6393,1.2681859927937906
6394,1.3907863314251308
6395,0.25513344755584294
6396,3.068600356975879
6397,0.25029667100051145
6398,1.4387795155807146
6399,4.6311036069302745
6400,0.13169621019998307
6401,2.5954964394195725
6402,1.8400551912670622
6403,0.08569804229459425
6404,0.7116280791310245
6405,4.469361189200438
6406,3.2740885142929077
6407,8.543962336382702
6408,0.1983628721338993
6409,1.4207994909740913
6410,3.3263450669850263
6411,1.273865862268988
6412,2.4179564542474905
6413,5.36366213497509
6414,0.09732915207720841
6415,0.2601348852963801
6416,4.4309382856207025
6417,0.0708182569717859
6418,1.409605315486146
6419,5.3477254661267075
6420,6.156677024842938
6421,0.550324326515331
6422,3.5795918697786266
6423,0.1442043694891318
6424,0.8803799640681845
6425,1.830991650045628
6426,0.06099819473438422
6427,7.809095173029682
6428,2.783942453965517
6429,0.17323528284078704
6430,0.19424326748953788
6431,0.10514200946434678
6432,0.3796554111014986
6433,0.11863434755550038
6434,0.7300751673823358
6435,3.0226193563099537
6436,0.165622702665278
6437,0.06754799179208366
6438,2.661270543722435
6439,0.5780897901052393
6440,2.221675315465286
6441,9.377159456784334
6442,0.220505642051104
6443,4.4573671775868
6444,4.623060765927217
6445,0.7862299018477044
6446,3.5241902874816677
6447,3.889355680580191
6448,0.8571386609267965
6449,1.3505165198432367
6450,0.1379502567218251
6451,6.754488217834874
6452,2.1646983598285816
6453,2.0788159856326605
6454,0.6558393788441939
6455,3.437603878231526
6456,6.471815537402069
6457,0.04636284850579229
6458,1.1480462863343017
6459,0.07959127561997342
6460,1.1521825629749693
6461,2.1624533241814654
6462,0.24804078982645236
6463,0.6386098931766072
6464,2.32692853125286
6465,2.387510841165583
6466,1.376642852850359
6467,1.2485516954327553
6468,0.412764553335627
6469,0.3245236339951281
6470,1.2771278339322034
6471,1.1866807461486104
6472,0.05514242467488411
6473,0.24961130361144881
6474,0.09378038360644265
6475,1.9011773483933667
6476,0.07919742397062945
6477,0.11858639382503222
6478,0.8042858030113224
6479,1.47646998567514
6480,5.328975250126225
6481,0.09006746049897305
6482,0.07266100365905899
6483,0.3626024756389153
6484,2.0085346582724166
6485,0.11493721526308225
6486,0.06994839895287404
6487,0.24600921193965053
6488,2.14982066462418
6489,2.722855313341477
6490,0.2444311327399789
6491,2.1429087830590845
6492,1.319703172735507
6493,1.6930875578257871
6494,0.03727152809986488
6495,3.366812374263981
6496,1.2276880860133406
6497,0.13676866218183736
6498,0.16808906711076235
6499,0.5017402757827443
6500,0.11376840109833176
6501,7.150178815964814
6502,3.071471513879777
6503,0.43660539362254547
6504,0.1335553867550441
6505,1.0660326468421368
6506,0.3139799598824352
6507,2.59019598862458
6508,0.3305773098328082
6509,0.14435400913924504
6510,0.442405995007244
6511,0.47597599767062426
6512,1.0285570804314645
6513,2.0285331316356325
6514,0.8439775431241434
6515,0.24759354426892216
6516,0.15569597433137525
6517,2.1059884253500982
6518,0.0581966322870021
6519,0.8930863472469327
6520,0.0656718169189027
6521,0.23681973371641252
6522,10.09263264260478
6523,0.8225911880541951
6524,0.11433407768520244
6525,0.04746378430646908
6526,3.5444424130786922
6527,5.078248855999343
6528,2.1864433534169057
6529,1.5854557710733796
6530,0.2918923346442026
6531,1.039133707158511
6532,0.10116801747177928
6533,4.184207559437379
6534,0.298795257628301
6535,0.021936684455011797
6536,0.43461349521656295
6537,1.7305401781369856
6538,5.604085405529981
6539,2.162160837298833
6540,4.608380037679963
6541,2.2702463132412776
6542,0.88544593714507
6543,0.7225159585135104
6544,1.3249017060028652
6545,2.5663457171643134
6546,0.06307000420626861
6547,0.5315971606181717
6548,0.9500937297167907
6549,0.14034808021966416
6550,0.042546653850734285
6551,0.08417957548170885
6552,2.111593974382758
6553,1.4937913797491036
6554,0.08128558160939592
6555,0.2721578692780376
6556,10.676148172503412
6557,1.627320677907568
6558,0.36918305804202545
6559,2.2645423135967304
6560,0.12117602660243935
6561,0.10265475181192495
6562,0.8767295332309577
6563,1.90598229633303
6564,3.003623179688613
6565,7.088803831516528
6566,0.03762088316936792
6567,0.3970290276726489
6568,0.5016356839218407
6569,2.9210185478164514
6570,0.8519484813840095
6571,2.8653308209244184
6572,0.5161493013739892
6573,0.09182547039395868
6574,0.16735287344978822
6575,5.362902804238855
6576,0.3805017578958306
6577,0.5300739442213124
6578,2.9480070455909315
6579,0.4001363962533433
6580,0.8976119427263288
6581,8.895173850123857
6582,0.11399191625782357
6583,0.9901172696823787
6584,6.6129802434156275
6585,0.11110981502434389
6586,0.7743810250284323
6587,0.057974624070241385
6588,0.3057215422893813
6589,0.07102285104933764
6590,1.1450900414052687
6591,7.13403961661068
6592,4.686159558072969
6593,0.6428402054741248
6594,5.418572275544092
6595,0.733268638899035
6596,6.40897042418463
6597,0.5509764166887631
6598,0.7055554157338143
6599,2.0568935223815563
6600,0.3377806023885783
6601,5.715004310278226
6602,3.413883580542632
6603,0.05062092841971352
6604,4.670444545137089
6605,0.33828810665882303
6606,0.8803830985015311
6607,2.3220006212997415
6608,0.6373128837849398
6609,2.8435795340057037
6610,1.26455539038083
6611,0.7123707782846376
6612,0.4837976179542795
6613,0.5904249450373349
6614,2.652051066774448
6615,4.694656535658289
6616,1.1553042990223132
6617,0.03904242623855095
6618,0.5968433808370328
6619,0.1001217017827194
6620,0.21047238334052346
6621,0.833823908593816
6622,1.8997377068214734
6623,7.834542903586637
6624,1.2959208774867612
6625,0.09963349065252598
6626,3.2064247145133873
6627,0.43600536650850075
6628,5.996002059365344
6629,0.48710691722657484
6630,0.17753857873841644
6631,1.3160319003740728
6632,2.6353653291162753
6633,0.5871150785358143
6634,1.0053207377129718
6635,0.22250300596141265
6636,3.5173401104135222
6637,8.728938965261891
6638,0.2881201531144205
6639,3.0265017199562907
6640,0.8953074007611663
6641,5.136877890319001
6642,7.098702625150063
6643,0.194465966905928
6644,2.6800806709502094
6645,2.8047927129735664
6646,0.6270967920496682
6647,13.674711143902183
6648,1.346664741755486
6649,0.06348564689782074
6650,7.432627927171655
6651,0.8352629930994098
6652,4.325007556189702
6653,0.3326830319430197
6654,0.46990808699980324
6655,0.7934813163894219
6656,0.05914657601465671
6657,0.710127045640869
6658,2.526137665060795
6659,4.229901576285718
6660,1.605906657880416
6661,5.560598882643312
6662,1.9692034212322733
6663,0.2449430138675525
6664,0.9016483513923532
6665,0.5736621680039378
6666,0.3854023995423945
6667,1.4257801813607545
6668,9.223638844214149
6669,4.721317249271651
6670,2.7419813175675594
6671,3.8724299857263356
6672,3.843775028319098
6673,0.36832106460173664
6674,0.17742656264307816
6675,0.15837965273449905
6676,2.7749427709162475
6677,1.018505271524808
6678,0.6717091862273139
6679,0.41116587985647196
6680,0.052215933772828
6681,0.7111190079433283
6682,1.3640324040017315
6683,0.9691913015794225
6684,0.17849781681523214
6685,1.654599332042437
6686,6.7651528295762
6687,8.494585410129167
6688,4.313357328903338
6689,0.12179868534672875
6690,2.9406561933485706
6691,3.3160715365842535
6692,0.812706186106994
6693,4.9934134826464955
6694,0.21286373645621248
6695,1.191386898324506
6696,6.650018340010066
6697,0.044759818579431454
6698,1.135711210872724
6699,4.138030370690382
6700,0.16550201341479717
6701,1.5200961842184144
6702,6.8988167570423915
6703,4.995512506538022
6704,2.8868565665266495
6705,0.30544470634129073
6706,0.7969347355483594
6707,2.533924302635578
6708,5.693158449552719
6709,0.28171137552139097
6710,1.719658574880863
6711,0.13049890331776134
6712,1.536764447561659
6713,4.721995673906435
6714,1.4129385671941994
6715,1.0610887592998266
6716,0.6556671528584306
6717,2.2730979455669713
6718,0.7803779796607686
6719,0.9943141855080455
6720,0.01948304694196883
6721,1.5079533630813358
6722,0.07296222002778797
6723,2.223353109921537
6724,0.4321168459387994
6725,3.8163602958073293
6726,6.2240928060117335
6727,3.2243982261255466
6728,2.5387122569812597
6729,1.5963807717251601
6730,0.8743624300584405
6731,1.510094947761977
6732,0.04844178255004028
6733,6.387478087630496
6734,0.6201252489396392
6735,11.620366415112578
6736,0.7657866774392873
6737,0.5441933660263507
6738,1.9184490871798912
6739,4.855629911571775
6740,0.22948935563444123
6741,0.14736310811695708
6742,0.12357304737077712
6743,2.383157243044372
6744,5.413073412088206
6745,0.754405289512514
6746,0.1740482327060644
6747,0.07821303019533038
6748,0.7629419820435663
6749,0.6393663487408636
6750,0.9494437062509675
6751,2.6720286938445046
6752,0.38179538539230673
6753,2.9415420457803267
6754,0.966285883064788
6755,0.05342689943213384
6756,0.7568995221275654
6757,1.8972374496445674
6758,2.6016868037044554
6759,0.2960316795118243
6760,1.567063650063979
6761,0.05243297804963764
6762,0.6320123722055417
6763,0.5704710989315385
6764,0.5208154797994181
6765,0.07722384948536215
6766,1.2907286598011194
6767,0.7216217501071265
6768,6.8521521774468575
6769,2.3874600587128816
6770,3.6904133596966444
6771,1.0406445675194864
6772,0.06944419473724303
6773,2.7255644235310466
6774,5.135100767679804
6775,0.08369062853607767
6776,0.08038301479262243
6777,0.04143337309135396
6778,0.09457765879140476
6779,0.34576342543728866
6780,1.6732292314259327
6781,0.03288264418305147
6782,0.32252714051095654
6783,1.3253057059585478
6784,0.9220914818724288
6785,0.09112819558466856
6786,2.3352662643381983
6787,10.54133736716115
6788,0.7224417827620699
6789,2.683503201382082
6790,0.2063645803670563
6791,1.7108060821322806
6792,3.1067296429178066
6793,0.9511585250912243
6794,2.4559687205517107
6795,3.180944898339635
6796,0.5534923360773247
6797,0.030560110099691125
6798,0.04397470644424891
6799,0.7467001731596834
6800,1.1560068899657439
6801,1.3314680782718349
6802,1.160366096440133
6803,0.3221374119113396
6804,0.9576795556245443
6805,3.1978819357225587
6806,0.06070227176115196
6807,1.3122048822930197
6808,0.38050742786221603
6809,2.0637156450749465
6810,0.09631103154371781
6811,0.5189588210892263
6812,1.0501734664866298
6813,1.431545282222228
6814,1.2329935650659865
6815,0.35216704661899323
6816,0.4112440496671108
6817,1.7088749015904612
6818,0.17952001171004667
6819,0.45159544687057634
6820,0.870419905579574
6821,1.1763318833340977
6822,2.2767942493029456
6823,7.9159144510018695
6824,0.14593979254487446
6825,1.1665144889198877
6826,6.333062878521085
6827,0.08552651117108641
6828,0.702099870690984
6829,0.18269174022955528
6830,1.1714840085693599
6831,1.5542139924603706
6832,0.45410290855046453
6833,0.08279469789684159
6834,1.3765516367207298
6835,1.426388127455926
6836,9.081937328350612
6837,1.1040333683202384
6838,1.1529405669660004
6839,7.939517780503371
6840,1.911806908835291
6841,0.021739842983126548
6842,0.06767292498853289
6843,0.02026136000349536
6844,0.6986382572524561
6845,0.11706915769799733
6846,1.2062311962231742
6847,4.582682958027009
6848,0.6548929392342493
6849,0.7786288015448414
6850,1.1803679032528906
6851,0.3413734913223258
6852,0.9010482593749611
6853,0.432358197111568
6854,4.532215043093141
6855,2.2685563003096476
6856,0.37567556573626215
6857,0.327790485898849
6858,0.6587181306697076
6859,1.416222184326887
6860,0.6694321336126663
6861,1.286168010884252
6862,0.032978870016240995
6863,3.7341830266802845
6864,0.21051741144526973
6865,0.2902311629963331
6866,6.486416258673502
6867,0.11976496830033598
6868,0.7960494633879927
6869,0.5209296666151466
6870,8.136249711214916
6871,0.06591431319692406
6872,0.038360541102415366
6873,1.6398523766923327
6874,0.3745684576911744
6875,0.08932725242307618
6876,0.3260281629012794
6877,3.9621194262319053
6878,2.329950071689694
6879,1.6327101625285456
6880,0.3702708834632883
6881,3.076449296046497
6882,0.23534067445194712
6883,1.9712409873826129
6884,0.49115061549880185
6885,4.2337477066414015
6886,0.7186005778750435
6887,0.42086709824271384
6888,2.6793467033177567
6889,3.3747744707627056
6890,8.201782917475253
6891,0.3735825446832619
6892,0.2672968986890897
6893,7.98197964224549
6894,2.1132254330231657
6895,1.6567558091872439
6896,1.7786150423264755
6897,4.523682976812399
6898,0.0824987707811167
6899,0.2352451280339111
6900,0.060209264181259804
6901,0.04730795647909335
6902,2.6049316312745097
6903,0.6495264524599567
6904,0.5747317783571182
6905,0.09826631823413401
6906,1.0189389867432357
6907,0.33297461297521197
6908,0.12145017219857868
6909,0.11399200173429089
6910,1.780808524704807
6911,2.359880601682315
6912,0.5063578547524842
6913,2.4922881036928914
6914,4.658769181050012
6915,0.18891920043535604
6916,0.29985468661837483
6917,3.888952703743274
6918,4.4430960486798625
6919,0.2802304402629168
6920,7.7774868678377445
6921,2.1676181902198284
6922,1.6235058106667668
6923,2.042937598938797
6924,2.5099680359417667
6925,1.289696869323595
6926,0.14134575912474287
6927,0.10055947287619507
6928,1.8223784155122096
6929,3.665613406010266
6930,0.05745392651683265
6931,0.08631019691338325
6932,0.10999514436881412
6933,4.983943751413744
6934,1.1803125419684053
6935,2.868215792264417
6936,6.5240549665898735
6937,1.8838505119677822
6938,6.135477617223025
6939,1.267629720181628
6940,0.8610932912008512
6941,6.323136309986382
6942,4.78660588101955
6943,16.33748878346038
6944,0.20937679159209555
6945,0.26907416132698503
6946,0.3773943302482928
6947,3.7443927511286486
6948,1.6868958171972641
6949,7.964301843423256
6950,2.020188739561024
6951,2.776339419477239
6952,0.07176098617497084
6953,7.356860032420478
6954,0.026813929354408593
6955,0.19770332062665597
6956,0.34205312744888555
6957,0.9935558557755053
6958,1.4056791767912826
6959,3.82522052263643
6960,1.9463344132322842
6961,1.8473000422877845
6962,1.2386016024642141
6963,2.333757156447773
6964,0.2927983185823029
6965,5.143357838895302
6966,7.400367124303163
6967,0.047710334274350785
6968,0.5594398329536625
6969,0.027475456103599985
6970,0.743084569541977
6971,0.8419869605730546
6972,0.04746344785970397
6973,3.3095424060452707
6974,3.2761269738760372
6975,7.965167998114115
6976,1.285943911963516
6977,1.3776568842775347
6978,4.674742890089287
6979,0.08966951628993414
6980,0.6430499125774536
6981,1.5928848732185523
6982,4.035864431843571
6983,1.071523199226248
6984,1.3106710990717032
6985,5.11822250808426
6986,0.3739465596001852
6987,0.9669495414245728
6988,0.9748148253607049
6989,0.07250609859932217
6990,5.530332409849679
6991,1.385163063456222
6992,0.4841111531961661
6993,4.309827217245665
6994,6.459094646318867
6995,0.054365129747552796
6996,2.3385376486721436
6997,0.38558921079334935
6998,6.942197626985067
6999,0.2566426299686093
7000,3.49968839369157
7001,1.719840127998729
7002,3.8898684311767795
7003,2.1148828471703958
7004,1.437402766617193
7005,5.373290089858109
7006,0.3753785222669118
7007,8.981874310407079
7008,2.041374875751317
7009,7.577264840748793
7010,0.8954144763053455
7011,0.4675524672212469
7012,0.1300790278864252
7013,0.12122656326874598
7014,1.6746569846434443
7015,0.21375104613319978
7016,1.182875126088936
7017,0.2960239237317004
7018,2.1707008753800956
7019,4.419453087909737
7020,1.5095732027634639
7021,0.9498305655607231
7022,7.284366820084516
7023,0.041776396481805006
7024,3.4842680851626326
7025,0.11324806033019888
7026,2.2175661034498546
7027,0.024809893249291004
7028,1.4014773678111343
7029,2.911298957700625
7030,5.48173850191025
7031,3.2451538551596597
7032,0.14161600427323134
7033,0.9415678437437076
7034,0.0943740675651834
7035,0.8692471414138832
7036,0.26866733274662785
7037,0.7796277363717636
7038,0.7416839845902166
7039,0.6357593545242847
7040,0.47526924791792174
7041,0.703364192298974
7042,1.1820075215818282
7043,1.3478001705095288
7044,4.902290290252633
7045,2.2474888337568353
7046,0.9918663574767936
7047,1.703626495291028
7048,0.0837174169923066
7049,4.042808941866857
7050,0.25830432517071134
7051,3.234942776798411
7052,0.9269953871629758
7053,0.0997205018512533
7054,0.02501516611382031
7055,1.332619970171832
7056,4.977064164188802
7057,0.6646351658422007
7058,0.23755357844102726
7059,5.171830567152318
7060,1.608986021218683
7061,0.05154635974448786
7062,4.832347132524889
7063,0.45840701108932874
7064,1.7859321647065123
7065,0.11537267730290382
7066,4.352060244570739
7067,8.796378708610932
7068,0.42883477944937753
7069,5.057491416680962
7070,0.10750117806614566
7071,7.094127483797306
7072,0.8012504208964433
7073,4.818723994783724
7074,0.06275123234914814
7075,1.0897139781254959
7076,0.07832206100279682
7077,0.1551568083104614
7078,0.6309649673570162
7079,0.8018371936874586
7080,0.1506319029937393
7081,2.1781562736265387
7082,0.07750132429226228
7083,0.44064921544274166
7084,0.29571128480940956
7085,1.896533153222062
7086,1.1838179180810031
7087,1.1921021626471466
7088,1.4098517496997949
7089,0.12387144701580634
7090,4.9863995075006295
7091,4.388662058981654
7092,0.08231584285386509
7093,1.9201435178928505
7094,0.6656137241611764
7095,0.1240696797867141
7096,1.460300886126729
7097,0.7466549022914797
7098,2.5381895673580637
7099,4.5118051121770115
7100,0.7143848562173585
7101,0.47569507707309144
7102,5.122728850255864
7103,11.58505788615566
7104,3.2401834764322737
7105,0.3434176655616087
7106,0.5105838867140993
7107,0.4571167908797607
7108,0.3326832709668627
7109,6.778877700851232
7110,0.0990985438075555
7111,0.13702995237292512
7112,2.24120355807385
7113,0.03758675549860167
7114,0.8215466551646146
7115,1.0835120227803898
7116,1.0157020345425078
7117,0.2673015595956513
7118,1.1490476566227374
7119,1.3454676903801168
7120,0.8696253245812502
7121,1.1374283530407738
7122,0.06845829409061772
7123,0.25935129244956656
7124,1.009303401440445
7125,0.05083886204997731
7126,1.3939238082793606
7127,0.17557775171466555
7128,1.7078724719560305
7129,3.2466451633199105
7130,0.06990705349173638
7131,0.04145470000014112
7132,0.04486501957438718
7133,0.1785364025703465
7134,0.19691989084345224
7135,1.0546000782484959
7136,0.22966096467934904
7137,0.3779307330568883
7138,1.15499349219892
7139,2.241707684798507
7140,2.238838153758041
7141,3.6220337507552554
7142,2.0746892568266198
7143,0.22272978829489418
7144,0.20273399013526516
7145,4.841469800863097
7146,2.6973030158634006
7147,0.18131506522908086
7148,0.48517402409169164
7149,1.6479268401289555
7150,2.3467757426882985
7151,0.13549555856984008
7152,0.3146541266126242
7153,1.790315763832081
7154,0.15700809110579272
7155,0.45390748426899097
7156,1.025500881609113
7157,4.369832354676979
7158,1.6672981215310945
7159,0.23547388387386517
7160,1.0637963346530852
7161,1.314815132153818
7162,0.44469218288824075
7163,5.762757148568841
7164,5.883247912757498
7165,4.690843819789372
7166,0.0696685917752106
7167,1.6338242606452718
7168,6.851877234948555
7169,1.591737348850931
7170,0.17834807613880588
7171,0.7044280699938803
7172,0.552546644700996
7173,4.523014028931156
7174,1.6647378552520995
7175,1.8229465040237585
7176,0.039411950068575285
7177,5.811678557588923
7178,2.15006751812123
7179,1.48735218190944
7180,1.5919885464555639
7181,0.07448013286588827
7182,0.3058130507095014
7183,0.0925647481116
7184,1.5305059907138854
7185,1.6639728633071464
7186,0.19513913730396337
7187,8.57426880546436
7188,0.34914596622871624
7189,0.8998545967301249
7190,0.29772122353856967
7191,7.510280490388148
7192,2.906939699855764
7193,2.3448134435802297
7194,2.278687113546484
7195,1.3659078746548743
7196,1.1506847281144776
7197,2.9054909357162435
7198,0.18212842286177583
7199,0.19496853540100817
7200,0.14550302284643601
7201,4.0655625687129975
7202,1.805646541337719
7203,0.8500420794448441
7204,0.07832043649038534
7205,0.04802046140947579
7206,0.09688360102818822
7207,1.2061180317964415
7208,4.763181427278633
7209,0.8238254141142392
7210,0.9155237097251379
7211,1.651279610604489
7212,1.1907126680941928
7213,2.355501703754112
7214,1.860894117100326
7215,0.1277026060238758
7216,3.8074171300146302
7217,0.10723387098109582
7218,1.747486893384833
7219,2.7113103472281135
7220,1.4260932347076491
7221,0.8675586816622611
7222,0.4951073858850298
7223,2.794553014501777
7224,0.8958195105142738
7225,0.07128981653430108
7226,14.452856094416719
7227,1.4860131979905762
7228,0.16621525478884466
7229,2.1844079702307884
7230,0.7183769367902209
7231,0.3883097965000493
7232,0.575583157943643
7233,3.795487681924111
7234,0.829274039194057
7235,0.10107833614421832
7236,0.0956398078283755
7237,0.9026084369747112
7238,0.4924062312039394
7239,3.050102586816407
7240,2.8591055015178695
7241,0.29156907448154357
7242,0.309356141171947
7243,4.395111941780597
7244,0.9527444619630193
7245,0.29648887276223834
7246,1.0826744294587112
7247,4.695608611955065
7248,0.20259782423685252
7249,1.7868815535349478
7250,4.086155201148964
7251,5.3290219738359985
7252,0.2475343715974358
7253,0.04747602434110747
7254,0.2025125146788304
7255,1.6431953715681802
7256,4.087903703517991
7257,0.4894751936740367
7258,0.09864437992096373
7259,0.38921720742452603
7260,4.993081945012939
7261,0.039403616207627404
7262,0.8176912713777409
7263,3.424944942903781
7264,5.125510455091396
7265,1.6326671993204949
7266,0.522950364188232
7267,0.03725960854262266
7268,2.2841634983951007
7269,0.0542642645468753
7270,0.5926711472896157
7271,0.24571788692159427
7272,0.11818895020217068
7273,0.7092514890785674
7274,4.718200109159826
7275,0.9156928153580093
7276,3.16858999666355
7277,0.47954516057793584
7278,0.30871885983191416
7279,1.8989242238162736
7280,0.07395038444982785
7281,6.41168006098745
7282,0.1273767976850561
7283,0.03812960871170214
7284,3.320486965502891
7285,1.0087121387683933
7286,0.2578768790617493
7287,1.7288629509592057
7288,1.7411734381546349
7289,0.20915285060564667
7290,4.1188443154089995
7291,0.5108326024665738
7292,0.06532537334296903
7293,0.40652488634561884
7294,0.06025159575840103
7295,0.8158316953265506
7296,1.911738881065792
7297,0.04088253622390081
7298,0.0849233742103905
7299,0.38371445055818243
7300,0.9820290658479149
7301,2.717226929124059
7302,0.17568506712531298
7303,2.125841236857319
7304,0.10316251049368821
7305,1.8703282437467903
7306,0.33882252541245617
7307,5.1280586147812635
7308,1.7804719379355198
7309,0.1083187220999479
7310,0.018533298887180548
7311,0.3449395173741407
7312,0.7475696729897252
7313,0.5566469390595952
7314,0.9101971793326021
7315,0.032993975797751235
7316,0.8964082935298426
7317,0.13652442713542884
7318,1.8602975962144221
7319,2.1073252964473523
7320,0.09952741755682357
7321,0.046233936212196666
7322,1.5864929357405964
7323,0.8487171400332283
7324,0.14461978117039548
7325,0.028678782603863338
7326,2.3529258892400753
7327,0.4403308208143457
7328,0.6864646011011364
7329,0.1868894164925975
7330,0.47853165785035384
7331,3.196612968217379
7332,0.10395663722934025
7333,3.123983160279314
7334,0.04634602350175504
7335,1.1492658689430566
7336,1.3697764661237517
7337,2.6845439087431453
7338,0.7760523180954213
7339,0.5199843866202174
7340,0.768465131093601
7341,0.1433683481245554
7342,0.11176810929679822
7343,0.5286654423483507
7344,0.1323328783864304
7345,1.9656400653243054
7346,0.17282293139969784
7347,3.787291518033734
7348,1.26484168139334
7349,1.24421394596088
7350,0.10732524159265319
7351,0.26126296598444554
7352,0.7820682921738722
7353,1.140838075483119
7354,1.189036924489116
7355,0.0532849679349096
7356,4.211083499143694
7357,1.9417590252191932
7358,0.6221977267142188
7359,0.3297165745375622
7360,3.276830360629426
7361,2.9036099933311923
7362,1.4436825586129607
7363,0.44907561158704035
7364,0.17448524469214666
7365,0.04494916171151854
7366,6.934296838692073
7367,0.035883313358661545
7368,4.679675627047681
7369,0.17229371416259887
7370,5.349021749214188
7371,0.16574807761412158
7372,1.3335937765669148
7373,2.675642712667921
7374,4.803193133788588
7375,0.18235691796313677
7376,0.09390951213516065
7377,1.0401869862696758
7378,0.19463046045646143
7379,3.0804306621674855
7380,1.1994260706433582
7381,3.439918932142368
7382,0.28896735315649563
7383,0.04080511278398709
7384,0.4969893937408383
7385,3.788639907170319
7386,0.11876257561809307
7387,0.08711227591296611
7388,0.8185029982566352
7389,2.230853122758379
7390,0.9255618342402501
7391,4.715205767563969
7392,0.7441062893640491
7393,3.0507488038010484
7394,1.3867606013277216
7395,1.520228002779334
7396,0.22432965553008874
7397,0.8009078222797421
7398,1.3909208619349367
7399,0.1128165414721026
7400,0.7043101480323909
7401,1.3186081647900778
7402,2.8460766520098346
7403,0.07216962168617844
7404,2.0274099663999
7405,1.253412722832778
7406,0.4633194031078521
7407,0.22549193306340137
7408,0.4388908017571217
7409,0.9559173361801537
7410,2.815880292772576
7411,0.2173715669621663
7412,5.93251351465073
7413,3.381765262492725
7414,2.9640411633444974
7415,4.929536628047156
7416,3.91753977276698
7417,0.7557267031315147
7418,0.6208132817040604
7419,0.3691036879630858
7420,0.8109460696421931
7421,1.1360765000464261
7422,0.6548645607699067
7423,0.44823020317848655
7424,0.24557719194242
7425,0.08143760574588262
7426,3.659993057491108
7427,1.6463122501214424
7428,0.4875490095074666
7429,0.16877967118162485
7430,3.832644818526134
7431,0.09030912863609059
7432,7.615244012548168
7433,4.109825624967723
7434,5.402575046070572
7435,0.7732118854376806
7436,0.3392467758697742
7437,0.8142351236412517
7438,0.9916101808786537
7439,4.817954477245685
7440,1.6839756328867586
7441,0.08878102041393104
7442,4.507917023130775
7443,0.26342959092049556
7444,0.30995109101579665
7445,0.2198202205857357
7446,0.8219292769707356
7447,11.518214966955862
7448,0.2775227204166293
7449,1.04864875555389
7450,1.1249004257706219
7451,0.9109028867339276
7452,0.0480316853520487
7453,0.14613223688741384
7454,14.800010672456148
7455,1.3949474815240366
7456,0.17067414313812523
7457,0.28820197311032164
7458,2.142675675507509
7459,3.267197698201487
7460,0.16421813710897487
7461,1.1557343365063288
7462,0.23700806118086531
7463,0.13893540004670887
7464,0.04293202020906394
7465,1.1175543275374993
7466,3.201262194111306
7467,0.21334729032118227
7468,0.1502318753784151
7469,0.10769864618827608
7470,0.16767663033910069
7471,7.91978429803659
7472,0.4445935809811677
7473,0.1575751447581466
7474,5.9551600076345395
7475,1.0978350763058606
7476,3.8804232254281303
7477,0.07373871248938402
7478,7.654914963880867
7479,1.2192169704999303
7480,3.654120836841975
7481,3.1414424162634074
7482,0.378709786652669
7483,4.640163874945234
7484,1.3564472122709628
7485,0.2967579832584456
7486,0.7004467654434627
7487,0.3097244614365354
7488,0.5015294949628193
7489,0.11932057015977648
7490,3.1345856694564302
7491,7.5288495232599715
7492,3.0288133076913892
7493,0.3747665355381373
7494,5.8455152344098344
7495,0.7829872313344499
7496,2.581405848186056
7497,0.6307630384836235
7498,0.72474873437987
7499,5.398232538689463
7500,0.6233115773946809
7501,0.17064155569335251
7502,1.698049376718929
7503,3.1957650973835214
7504,0.23558202732012867
7505,0.023594857427686997
7506,0.03273058505349787
7507,6.016117807981946
7508,11.013712223840578
7509,0.6298731423500536
7510,0.08328271540548818
7511,0.44327205846806683
7512,1.150629994473928
7513,0.16249284228269667
7514,0.7945148241298627
7515,3.982611521224738
7516,0.5289203704019155
7517,0.5696691122366565
7518,0.10879382160830017
7519,0.5503960864300503
7520,0.7029685080230623
7521,0.8562158245946483
7522,2.4128444808824727
7523,8.352577410425486
7524,0.10856904960353161
7525,1.9084273147654451
7526,0.1848382899396297
7527,1.6934058138169727
7528,0.04182978650167312
7529,2.448777652763459
7530,0.5027973978298586
7531,8.760002889331442
7532,7.627449256630835
7533,1.5763903560671524
7534,5.832684688180743
7535,3.5539097280359364
7536,0.0580116929633481
7537,0.9656705255105111
7538,1.28140744373146
7539,0.9874291320844808
7540,0.09776658478837069
7541,0.046014660301359964
7542,0.07692664256346739
7543,0.5442707755500085
7544,2.4095277856269113
7545,1.6397314700139787
7546,0.16248690583563963
7547,3.3205396992720613
7548,0.8957426230782093
7549,0.34797107921098847
7550,1.4602177440064295
7551,1.8768822558910256
7552,1.4180138776587488
7553,1.1414769178247164
7554,3.3637775613715672
7555,0.07109275377791083
7556,4.435862023533563
7557,0.09801891533124828
7558,5.613795437810831
7559,1.9877614596561082
7560,1.7074880149483822
7561,4.04144849636336
7562,0.13567779609956454
7563,0.18384177396671786
7564,2.984158765948156
7565,0.701494931512582
7566,0.12442653515169386
7567,0.7081272030042435
7568,0.6942195253943766
7569,1.0421327004585836
7570,1.2365854008692074
7571,2.549751292670475
7572,2.310530406436989
7573,1.2442653147764018
7574,0.06931771096782835
7575,0.10330372461717394
7576,0.6325941688607737
7577,5.403968532057686
7578,1.2165382737251629
7579,0.6690524429837184
7580,6.876974840631213
7581,0.8748398031543683
7582,0.1476123780988577
7583,2.7391807740646854
7584,0.2754930191533369
7585,6.624109566940717
7586,1.7688162482800185
7587,0.03551291804205289
7588,1.5423723629449015
7589,0.08523428143929662
7590,3.723586318352732
7591,4.256338648269345
7592,8.431726676057373
7593,0.031099144081999982
7594,0.41265765186132564
7595,0.12920616212175787
7596,0.9104522760932607
7597,2.597214826076229
7598,0.4981834530180105
7599,0.753179664332648
7600,0.049119094641425984
7601,0.0702319138017396
7602,0.06110768965587103
7603,9.626751496753366
7604,0.21331884156947237
7605,5.495828486338967
7606,0.7699774748270813
7607,0.047293326493493076
7608,4.662044778708315
7609,0.33423398095400436
7610,0.36549214743020175
7611,2.2188760757310404
7612,9.42945961396236
7613,0.7807706556429126
7614,1.123234620495956
7615,0.3450297246608013
7616,6.1171344690472855
7617,0.33330963409148295
7618,4.776124452800612
7619,2.1746371098130557
7620,2.41682315961829
7621,0.22489133781714682
7622,2.5866144989104085
7623,0.03045137585608189
7624,2.240798183695154
7625,5.833668562116343
7626,0.49493500374842936
7627,0.04234084026361533
7628,2.341995158711134
7629,2.7859736896028013
7630,1.6419242482641387
7631,0.0471590163606807
7632,0.1456005654464893
7633,0.6134417933748735
7634,1.365873593892072
7635,0.05954634104734441
7636,0.6944558908463546
7637,0.6008226725201957
7638,4.973750226206892
7639,3.1438217017995793
7640,0.1192591721989931
7641,1.4243835573275858
7642,2.996084458587746
7643,0.5269307509670058
7644,6.6975751052036365
7645,0.0674953975870956
7646,3.1235069546463134
7647,1.615882077558187
7648,0.5656969847491431
7649,3.129715723201996
7650,1.2126865330397743
7651,0.4189541481251391
7652,0.23056441376410267
7653,0.22117104164017304
7654,0.3207540374901264
7655,0.06513343548372537
7656,0.05071877642619825
7657,0.7454765994848414
7658,3.137023435458264
7659,7.752169770587771
7660,3.0931435174216197
7661,1.1028764998113494
7662,0.026270810085057203
7663,0.22720668883184453
7664,2.486853334370533
7665,0.6376321480159821
7666,0.2094713735965706
7667,3.7147648135980376
7668,0.2675442534489649
7669,0.7112458406910271
7670,0.9759858504643744
7671,1.7168971335929684
7672,0.14837151370258506
7673,0.025781385034493544
7674,3.810155328415068
7675,0.5712387308271152
7676,0.25775886284089244
7677,0.731022031355451
7678,0.7352369754652914
7679,0.11190134843397284
7680,2.9140078634016855
7681,3.089127762757843
7682,0.0381970429894312
7683,0.9360790390668303
7684,0.2185351411832434
7685,1.1583509167345591
7686,0.1992058841396746
7687,0.9283238234802893
7688,0.8901295063717994
7689,0.16576610921624396
7690,0.5104810065735308
7691,0.7574128974903548
7692,0.18843816305535144
7693,0.5529830131707316
7694,0.09781204708907984
7695,1.740020428950615
7696,6.3426709100108765
7697,0.12316572325117159
7698,0.7829341663115584
7699,0.14817081100438464
7700,0.6158255644502882
7701,1.2155270462516186
7702,0.7865286087047423
7703,0.14752184436235422
7704,0.598174515449514
7705,13.269892245032413
7706,9.605826850193925
7707,0.6348351736862374
7708,0.06843096129570121
7709,2.366275349560275
7710,2.7282345889750808
7711,0.15879621616039388
7712,2.004237978142071
7713,0.024198001403732714
7714,0.30904794578772476
7715,4.62363946947835
7716,4.867103007477771
7717,4.222081682490556
7718,0.5516379000020138
7719,0.09679146727160085
7720,0.2943195464031714
7721,3.7146828216152032
7722,0.2603683362037275
7723,0.5117140858847266
7724,1.4828204882080183
7725,0.05850039078106209
7726,2.6291048257184375
7727,0.5227198202571378
7728,4.490764716863714
7729,2.654074027156004
7730,1.1849557490340707
7731,1.5922693481458499
7732,3.1732371473112915
7733,0.029915926869835255
7734,4.748126694810317
7735,2.7292491368827143
7736,9.168175411616891
7737,0.14148060242854527
7738,0.49721305114317826
7739,0.7664407865324538
7740,5.929421342350905
7741,0.9489756971713083
7742,1.9578103252003658
7743,5.343673786565326
7744,0.07088813779350651
7745,0.8735082951907412
7746,3.5704292297897364
7747,0.36819494373405537
7748,0.769498045556027
7749,1.1170550685039764
7750,1.2026440670143406
7751,0.2511162849137205
7752,0.08043808637909428
7753,0.13061189532131867
7754,0.2701701565700024
7755,0.3407128765445699
7756,3.0312118595825215
7757,0.053484664905701404
7758,0.09276405928836488
7759,0.017483905559043035
7760,5.484083934477695
7761,0.3841633180881133
7762,7.305311864668207
7763,3.1586842545940597
7764,0.07284167768752647
7765,1.3742938848129473
7766,1.7547840894807432
7767,5.398146752232963
7768,0.3965779818768056
7769,0.08326343998063965
7770,2.986894313019911
7771,3.175276502728316
7772,0.6099827744392233
7773,0.38857677476444896
7774,2.72072406459629
7775,0.5116724087017436
7776,0.5048984086134218
7777,3.287939463183694
7778,0.08823801534320824
7779,4.020284847636473
7780,7.732130551373257
7781,1.4492976447192358
7782,4.7471910090446805
7783,1.897712939582354
7784,1.142084906358623
7785,1.7286291282852697
7786,0.13004160988030838
7787,0.42510132142160095
7788,2.6641729238584317
7789,0.4064045253366758
7790,0.11561008428261174
7791,0.09804948479328157
7792,0.609399481878713
7793,0.19671757428142828
7794,0.19106765084927838
7795,3.180799777255119
7796,0.6919508532796456
7797,0.5017084039123764
7798,2.1227051922054962
7799,0.4567902316053318
7800,5.111499410322956
7801,0.3213659414338559
7802,0.0823677249780341
7803,1.0945963586850473
7804,0.11951443065136266
7805,0.7303229666504502
7806,4.705257818149648
7807,0.17548892628952972
7808,0.13293848872319275
7809,2.6665214312351058
7810,1.8123050457592282
7811,0.16048293659560445
7812,2.6796149723694307
7813,3.805588666576136
7814,0.9200773874189943
7815,0.2333135477081737
7816,0.5724325648569593
7817,1.7159432490644901
7818,0.26230395583236515
7819,1.5221626848668341
7820,0.16541945670464747
7821,1.816305952946846
7822,2.230826623778299
7823,0.5513541715321484
7824,1.0652680173632314
7825,0.38966040200050234
7826,0.06241206540967109
7827,0.4957962819434315
7828,0.37124288370498315
7829,3.52551733076721
7830,5.519475302080939
7831,0.487506713450359
7832,0.17690111916516627
7833,0.3770476178332334
7834,4.779866750594682
7835,0.41846545017003517
7836,0.30326919307628913
7837,0.0794350656977762
7838,0.09984522112524558
7839,2.1990977383467545
7840,0.10096238260198939
7841,2.065563352092666
7842,1.6513368358170981
7843,8.34770053061545
7844,7.857566820240509
7845,1.152130518418716
7846,0.684415217510856
7847,0.09173987903003784
7848,4.139964677719842
7849,0.0455270063463456
7850,0.05258654980054309
7851,2.550324158500053
7852,1.3301093222520688
7853,0.3906141082798204
7854,2.638336226330878
7855,2.2439334216140656
7856,1.466019948647565
7857,0.3112626895155932
7858,3.5049555412737403
7859,5.7648962157987835
7860,0.5427334121384064
7861,2.2485423684401775
7862,4.658890775305555
7863,2.1849470711464756
7864,0.12504874336425503
7865,0.40383396154773077
7866,0.6962987503458676
7867,0.9810020454398016
7868,0.2658498625779193
7869,0.06642497245894748
7870,6.938923328503193
7871,2.9314250799657264
7872,4.9705452729405755
7873,1.1787499610277292
7874,0.028155866690986943
7875,3.3579146245352396
7876,0.23715731896803405
7877,0.5483503935783821
7878,5.159557979811208
7879,0.07534872101333613
7880,0.7833858366922188
7881,0.22043066775661307
7882,6.605000587134227
7883,0.8662888996842768
7884,0.4276747928313983
7885,0.10322390244934666
7886,0.19539628798289513
7887,0.8950008553741093
7888,8.097038905479415
7889,0.1101551940288852
7890,4.108269979870556
7891,0.41993439422527623
7892,0.0708500686608231
7893,3.0872613823023975
7894,0.4186507576682552
7895,12.7554465622444
7896,1.8483651107004149
7897,0.6605728838518619
7898,0.1194018403235686
7899,0.09008619436163998
7900,0.19821101368357114
7901,0.11547017109786309
7902,0.12042303778871238
7903,3.6331876060298667
7904,1.8502927843969215
7905,0.7862848830236613
7906,0.06321896250245476
7907,1.7070777341567218
7908,0.20922178918631296
7909,0.24939321402365644
7910,0.47529557594155103
7911,0.6211663279742535
7912,0.5910904820479703
7913,2.4262990170678993
7914,0.09547779978838762
7915,1.239911473842199
7916,3.6515050956741124
7917,1.0976421506732092
7918,0.6370630166120347
7919,2.942518555187789
7920,0.24268898313834097
7921,2.6695702212772945
7922,1.3477691267468666
7923,0.07077351789177692
7924,2.175747239952046
7925,7.102412184135735
7926,0.6407677856673166
7927,0.8629213446143809
7928,0.6870455987516124
7929,0.025437799405552367
7930,0.13691988924543907
7931,0.2864815034160404
7932,2.983609058360276
7933,0.10287202818538015
7934,0.04140634904655871
7935,2.2993850940438483
7936,0.2822151689188429
7937,0.07247118151775597
7938,1.8014948363194057
7939,0.06384905666245108
7940,1.3744874499559718
7941,4.956177139326185
7942,0.12159182686945516
7943,0.10863724335465905
7944,0.23390812282806353
7945,0.05898062228163186
7946,4.677539479734072
7947,0.40413833585171455
7948,0.4157826838825134
7949,0.3504819645228292
7950,6.9221627271695585
7951,0.3740831373072051
7952,1.7318100742193725
7953,0.3751645122485619
7954,2.218229887904515
7955,0.151502774095727
7956,5.746018656897021
7957,5.248594477732173
7958,3.1967956902932935
7959,0.2052595687759898
7960,0.0898686296116942
7961,4.431733856820164
7962,2.770614962075128
7963,2.363742921448612
7964,0.08296277570531943
7965,0.15530576213676622
7966,0.7049186178868159
7967,2.2934905363035485
7968,0.11846569651509933
7969,0.08025946254946245
7970,8.713263724653778
7971,2.7316887351562054
7972,1.3507362208855
7973,0.1470223688385347
7974,0.6774751661824614
7975,1.8052810057580722
7976,5.346102425595355
7977,0.15556499683450742
7978,0.9770530001640533
7979,3.0692550873169684
7980,0.4082511077754647
7981,1.8926869408551386
7982,1.4738524571656884
7983,0.19035447343094716
7984,2.4974373458386685
7985,6.7411233905457735
7986,0.1609134031561298
7987,0.8898959616233634
7988,0.018785191904077063
7989,0.4952480376645122
7990,1.08793674749371
7991,0.11348298422521294
7992,2.5996671109684026
7993,14.987403399643672
7994,0.3479236940257395
7995,0.16246582430756246
7996,2.7070513289514198
7997,0.3394913365220926
7998,1.2182347966911489
7999,0.10560799040679682
8000,2.0662535902026935
8001,0.8980416498660966
8002,0.17750220338621667
8003,0.5387818473738257
8004,0.1488677463506531
8005,0.3260607259852671
8006,0.14257634527853685
8007,1.3382456620387266
8008,0.5780183741271285
8009,10.892706058440535
8010,5.968389439135498
8011,2.0008782706756736
8012,1.1566659484191764
8013,5.43553551153692
8014,7.084810447332104
8015,0.17148279161955698
8016,1.36257350951845
8017,0.27657749645300034
8018,0.5393692623800477
8019,1.193339863171277
8020,1.8300627378689789
8021,1.9282047536496125
8022,0.17831667670175366
8023,7.043649234011127
8024,5.250503981256541
8025,3.7808713707632635
8026,0.9328565476482739
8027,0.24968726330366492
8028,1.0527660467726099
8029,0.12079426759963603
8030,0.03818650448245485
8031,0.08274953605729177
8032,2.230020556506088
8033,5.342711524483363
8034,1.9668766867509193
8035,1.310350141971466
8036,1.0792373121958572
8037,0.08665110391087402
8038,0.455511582367755
8039,0.7366512507716045
8040,0.2836705939528264
8041,0.2026418632627099
8042,3.718710735594922
8043,2.870938270924222
8044,0.8748225251417345
8045,4.021938954710029
8046,4.0031396902502
8047,1.8477392286498682
8048,0.9214652405398154
8049,3.5001192995924537
8050,1.3005687305662943
8051,0.8264435368196623
8052,8.578674630512843
8053,2.8913126172177037
8054,0.08571700574907307
8055,0.4839106056440576
8056,16.013770718577995
8057,1.4437477180106777
8058,0.49399022080292687
8059,2.566036781407891
8060,0.12468875622283399
8061,2.403782400562812
8062,0.03180463631161275
8063,3.43439815407586
8064,4.745770064652593
8065,3.8788007137458993
8066,0.8639192587208844
8067,0.0800863536142331
8068,1.991793777811925
8069,0.4694877695196138
8070,0.13834616196999155
8071,0.06901736783153738
8072,1.376021918573712
8073,3.4504953099660236
8074,7.052861291983561
8075,4.076752464034736
8076,0.0813517149760121
8077,0.46780265315724534
8078,0.1457489644227362
8079,0.4082212241728442
8080,10.197721178608575
8081,0.1753401598288522
8082,1.8858364298643058
8083,0.16991056603231924
8084,0.15985467374177587
8085,0.6023026391107513
8086,0.16841845977980438
8087,1.2792982007473799
8088,2.681111148320106
8089,3.0862568348579194
8090,0.14448227540056566
8091,1.2757180403443367
8092,0.1265095734955387
8093,0.08455694565669981
8094,0.028310435276506195
8095,0.5135768664067386
8096,0.816926493249478
8097,0.06241891377479482
8098,1.3493700241863527
8099,5.397861705854199
8100,0.9626950558229064
8101,0.9167152644306711
8102,0.11222446320661968
8103,0.13207373036948317
8104,0.11816813923445571
8105,6.656345999325046
8106,1.8459903854159019
8107,0.37669996541113754
8108,2.549105622054236
8109,5.118520179319562
8110,0.09088838546210826
8111,1.4276117416354288
8112,1.0080928767569537
8113,0.07630801036271184
8114,1.9236988125253245
8115,1.202643463327957
8116,1.4371331576067303
8117,1.1295541254053543
8118,10.665717636531246
8119,0.5899989446077272
8120,0.14633985861699536
8121,0.8656395203136917
8122,1.8894314970260442
8123,0.6893457405587423
8124,0.544644825149446
8125,8.52434692970597
8126,2.5188419329316103
8127,0.7526231459581962
8128,0.05487267767105417
8129,0.14250824312969093
8130,0.2846354674701216
8131,0.3852196338669804
8132,0.5356652181588375
8133,0.542326144316661
8134,3.602199651030902
8135,4.232874895934671
8136,0.8515468506856679
8137,0.4475102876473075
8138,3.898454112600997
8139,5.541408770097315
8140,0.2542305154788431
8141,6.369091082822765
8142,0.12346867994700969
8143,0.07545679116898932
8144,0.5795336018291488
8145,0.07094017171766955
8146,0.9484075721778357
8147,1.1216771325727208
8148,0.05102788916135457
8149,1.51480341381757
8150,0.28909261117789686
8151,1.0813367378990806
8152,0.9170178977989684
8153,0.1391959321613429
8154,0.022646075288290615
8155,0.3805675202117522
8156,0.6589159082507715
8157,1.8607977770736883
8158,1.0076553891755002
8159,0.24961342125417957
8160,3.5185322918230106
8161,0.07017227072580334
8162,1.5856207469237222
8163,0.3225138315046273
8164,0.08194039610891582
8165,2.1263702117191956
8166,3.332465827458249
8167,2.787145905554209
8168,0.09122572642864132
8169,1.5185320043985384
8170,9.151200538432828
8171,4.072487018474306
8172,0.1542208378447671
8173,1.1516024142808985
8174,0.2594965425774515
8175,0.5116504913093467
8176,0.07314361110524084
8177,1.843193864513252
8178,3.6188367250028843
8179,1.1223603412018686
8180,1.792790899873233
8181,0.8836939959656662
8182,3.8845588861606073
8183,4.356008252312339
8184,0.5781009439161853
8185,0.5005970950679881
8186,1.255705739672281
8187,11.810038520096459
8188,0.1099684708142263
8189,1.0505075108082031
8190,1.2142908095492237
8191,0.028517066847415215
8192,5.197042043699954
8193,0.2885268334465712
8194,2.1608765725266768
8195,2.596615812282228
8196,2.34302926853763
8197,0.04368065797519882
8198,3.5321771751240476
8199,0.5643323014464543
8200,0.23884744089356064
8201,1.0667828694123593
8202,0.17613250610606263
8203,5.867625159849697
8204,0.18275910466911405
8205,6.4693994962930415
8206,1.79769731673211
8207,3.102282012110125
8208,2.137916622299784
8209,1.8058182791264072
8210,0.02645237179279171
8211,1.7979128750883766
8212,0.571110381382625
8213,14.392617844273698
8214,3.0404355248101305
8215,1.1615779097963204
8216,6.201284525375696
8217,2.761968254808309
8218,0.48703405423823454
8219,1.9013459388065406
8220,0.03048447576596294
8221,4.6185189339735055
8222,0.23299691135028555
8223,0.08619436810199771
8224,0.37466842941929807
8225,0.46045067335977297
8226,1.097815657453042
8227,2.473384788409827
8228,7.082060980054921
8229,0.07562325797365421
8230,0.05640118629649332
8231,1.6178351676397278
8232,3.7987082852853256
8233,0.771686032361086
8234,1.6529468450017002
8235,0.3862622476841884
8236,4.09460468085213
8237,2.342226630671668
8238,0.48551725177587
8239,0.3157167518133697
8240,0.2668995778935709
8241,1.7644934892954884
8242,5.195823564366706
8243,1.120986071185476
8244,0.8104855848561627
8245,2.795560171149241
8246,0.1578080396713521
8247,2.5024642996358337
8248,8.190065699394804
8249,0.6223730587809666
8250,0.13708907526084685
8251,0.25647877644063494
8252,0.3229200678008728
8253,1.3749192125895147
8254,3.306388242035416
8255,7.303133869878943
8256,3.931493754209116
8257,1.171077992538367
8258,0.7478724175425501
8259,0.9763833075694368
8260,0.5885667922833153
8261,2.9996793414889193
8262,0.7270104114125722
8263,5.290360125535523
8264,0.06015088790223466
8265,1.375922795051219
8266,0.11399941161291333
8267,0.7541198089368316
8268,2.573333637534244
8269,2.4144279953733943
8270,3.5560518481126073
8271,0.0540398006990633
8272,3.375530126785991
8273,0.12025117608028385
8274,2.0740608477883624
8275,2.3467538815871727
8276,3.0281977911072158
8277,4.031525341336999
8278,3.3950359328226027
8279,1.30128521960774
8280,1.1053350580294246
8281,1.3757967091165402
8282,0.3636286157115003
8283,9.413470616496436
8284,0.37332996323022544
8285,8.267559365767601
8286,0.23214695272600505
8287,0.09833372477628843
8288,0.9563275436521301
8289,0.7465619159503869
8290,2.7953507774801016
8291,0.31076793847245443
8292,0.04224432415694775
8293,0.42201691693537974
8294,3.846898621098352
8295,1.5778412741479833
8296,0.15853199566473664
8297,0.38689837445420006
8298,2.314644218495112
8299,1.9668792448291788
8300,0.8237416053180953
8301,6.898472656469748
8302,3.172119640924749
8303,0.33994123743628213
8304,2.1259472314816463
8305,0.034984658480666765
8306,2.418658227557903
8307,3.1923665064426405
8308,4.0259981918636285
8309,2.5766371817293883
8310,0.0613287495069823
8311,0.07347204819705605
8312,7.0686555208632065
8313,2.025489708220628
8314,1.113432297231229
8315,0.9959993547609902
8316,0.21742028153696774
8317,0.14807476284321544
8318,1.7674817909356713
8319,3.434909690982079
8320,0.14563514591977236
8321,0.36091681987003255
8322,2.5920068349015173
8323,0.24852709670616113
8324,6.808345385754084
8325,0.08737388087856202
8326,1.535358335962853
8327,0.743292952491633
8328,1.015325814471018
8329,1.54101202882102
8330,3.989765812293624
8331,1.8682196772110646
8332,0.8520709567549101
8333,1.9559885871279064
8334,11.295142310738019
8335,1.7738404285664957
8336,4.090236681607279
8337,0.31751232072244606
8338,0.25254079849516076
8339,0.3739462286734079
8340,0.21725643423160795
8341,0.03426638782860064
8342,3.4262835115453543
8343,1.0566518427170664
8344,6.857190213744769
8345,0.24222548050986473
8346,3.305352364159985
8347,0.04790228230038146
8348,0.2700166704198362
8349,0.11323864835564937
8350,10.087316998863173
8351,1.041074533635548
8352,1.2959161393291923
8353,8.518762809279027
8354,0.6419529807839655
8355,0.8086091223938894
8356,6.895400968449156
8357,1.066519949890752
8358,1.2230761721496821
8359,1.2170669381940726
8360,0.4292315298006548
8361,0.1430186240486403
8362,1.3912205119601824
8363,0.4828651268518185
8364,6.386128922541964
8365,0.04579439319665968
8366,0.2246092644078624
8367,0.5174872832769906
8368,5.255470376595094
8369,0.9881423073788358
8370,3.0145745775217616
8371,0.26059404018517884
8372,1.1226467287324695
8373,0.45591237282851627
8374,1.4144534502237107
8375,0.9552014035484465
8376,0.5683243146087626
8377,5.07550161733238
8378,0.3914939528803072
8379,0.20286781557225883
8380,0.594953582977235
8381,0.6511517871280222
8382,0.7682122805039767
8383,0.7086602863766156
8384,0.06138363688498455
8385,7.089024872684865
8386,0.48681593527884043
8387,5.466348291687007
8388,0.08687914604834604
8389,0.5305886516533894
8390,0.03067584239884182
8391,0.15247677303516285
8392,2.830630045004672
8393,0.7597524509513245
8394,7.881972301069677
8395,9.795485146255245
8396,2.692598373475157
8397,1.8240114032559633
8398,1.657207221927893
8399,0.07863538009665526
8400,1.2523180030566705
8401,0.1547670365693684
8402,1.2355344164245212
8403,7.302454769687842
8404,0.36770432424539257
8405,3.584699495752436
8406,4.0545416447753935
8407,1.647333023573095
8408,0.859325641463498
8409,0.04517571958328197
8410,0.28593602097309445
8411,1.8168789800990188
8412,2.2916175617780095
8413,2.885148513474304
8414,0.22260919062445284
8415,1.407755707010903
8416,0.14366690823034606
8417,0.5577875435891233
8418,0.06302236238225004
8419,0.9841792031728455
8420,0.46550946574698393
8421,0.4390556654562806
8422,1.1426064262772337
8423,4.271829349239347
8424,0.08975980480757775
8425,0.4762208298809548
8426,0.3024128572949871
8427,0.936320666181218
8428,3.617931445990581
8429,0.8716294618833831
8430,0.08080501560999856
8431,0.1849847035437099
8432,0.16581790838326027
8433,4.282831427418935
8434,0.3018482075334381
8435,0.06895917929918799
8436,0.0237372092458501
8437,0.031242623071124853
8438,0.6596716005954781
8439,1.4024821910859995
8440,4.683632570651895
8441,0.024745638195173426
8442,0.0545794212898795
8443,0.04365728634107478
8444,3.629681333030671
8445,0.1373389468660802
8446,1.6544456297420804
8447,1.8258186409365207
8448,0.2314472131155377
8449,6.487743587302898
8450,2.575263202367915
8451,0.23261658034375288
8452,15.31253234848132
8453,0.08431115200472898
8454,0.8329385253381285
8455,1.4016507011800114
8456,1.8320770818992678
8457,4.598918544500091
8458,0.16551741510111578
8459,1.3661344106261155
8460,3.7280810966824656
8461,0.08166063342839651
8462,1.3608374240543637
8463,0.42141298824008827
8464,0.5295271155883907
8465,0.39186152971316657
8466,0.5171309130615719
8467,1.6596883577768817
8468,13.435509807238056
8469,0.6373296290628223
8470,1.8410729708470277
8471,0.7286497353466211
8472,0.12126484394468923
8473,0.14809522942653125
8474,7.915970969833817
8475,0.21453108518974362
8476,1.3168874850271384
8477,0.617265231966386
8478,1.5557428997976144
8479,9.575703598974158
8480,0.18157311987814945
8481,0.2386803586843529
8482,0.09673020453828983
8483,0.16727444765524105
8484,0.057636083220829096
8485,0.7944658337218314
8486,4.087427267267479
8487,0.12031208204009347
8488,0.10192166777351834
8489,1.355855660933253
8490,0.12957939710735183
8491,2.4293894836836136
8492,2.732208297241745
8493,3.869595874448799
8494,2.250082367904913
8495,1.238733558577251
8496,0.1332759969576477
8497,0.04063043128136026
8498,0.6157048952694752
8499,2.2372386015224968
8500,4.169446192383572
8501,0.5278026763635884
8502,8.650075998384514
8503,1.9827587381887888
8504,8.205150212811134
8505,2.437447834438763
8506,0.03507028345439271
8507,0.37979092684856663
8508,0.5473497204587134
8509,3.624832095537574
8510,3.198725113065003
8511,1.391111741515468
8512,0.1336619203707131
8513,0.18288812970811125
8514,2.9286035151717353
8515,0.1649663281666528
8516,0.16901242896124244
8517,0.6596606799453417
8518,6.011450096454539
8519,0.31558192895890713
8520,6.522469139192305
8521,1.3405743320210548
8522,0.7254612669907707
8523,2.8916332896129466
8524,0.39398891084326226
8525,3.812326235460871
8526,2.4765402821600855
8527,2.389978548092321
8528,0.5352537211119959
8529,0.12797178721283187
8530,0.3951952998208718
8531,2.584382351628844
8532,5.4760798353144775
8533,0.06295713383952845
8534,0.5628494734980012
8535,0.655809034720913
8536,1.2308519539626213
8537,0.2987559933954407
8538,1.292644228341508
8539,0.053890906669463015
8540,0.40609840532995994
8541,0.4991298872819538
8542,5.308699289360975
8543,6.503931589654966
8544,0.08031846500077228
8545,3.2857527495504293
8546,0.4191220482993678
8547,1.2628193055465184
8548,3.118935947416868
8549,2.8038152007365973
8550,0.23869873479724799
8551,0.6082930815139098
8552,3.5256376466833945
8553,1.53111235715536
8554,4.400186165252256
8555,2.228794573591731
8556,0.05338457794236162
8557,1.1019730032270445
8558,1.161177353394764
8559,1.6086425505971347
8560,2.456210956775934
8561,0.6794726297864111
8562,0.4059012043762601
8563,6.547617378162666
8564,0.09763567364409798
8565,0.1226157413782351
8566,0.20070107115577718
8567,2.1493250639942807
8568,0.08751625019411316
8569,0.2924340115464165
8570,3.653201458860642
8571,1.9359234841113429
8572,10.389620198629409
8573,5.538584996866873
8574,3.490302451849143
8575,0.2523455404543713
8576,3.316527803481115
8577,2.91493526465418
8578,0.5575303970197383
8579,0.26797420262019755
8580,0.41683281506363473
8581,6.205919239204381
8582,0.7306907081147611
8583,4.233329143936144
8584,3.001513150024374
8585,1.8119027128577763
8586,1.706947764252968
8587,0.8306264003466106
8588,2.173323020153468
8589,0.7120264077351335
8590,2.0748479202902925
8591,1.6797446447722173
8592,4.223772901494458
8593,2.1886750654143103
8594,2.1818448075641457
8595,0.11735438413491572
8596,0.22851811050127085
8597,0.4114292935374002
8598,1.4991475386221156
8599,0.15549852051955376
8600,0.20059383004294082
8601,0.0782510255996645
8602,0.10387817859841428
8603,0.8171005308517802
8604,10.83900530323849
8605,0.07356873734177127
8606,0.03960290863608107
8607,0.29154085058494034
8608,0.5866887542997438
8609,0.23803389591966853
8610,2.976904278235998
8611,1.1527845159525514
8612,0.6878916130576544
8613,0.26941369163145934
8614,2.320737380393452
8615,0.5991901588482719
8616,1.4107789561675903
8617,0.3020721593202726
8618,2.6016980037921424
8619,1.3469579077304
8620,0.3972208683813142
8621,8.103842385667274
8622,0.4016256763791077
8623,0.1066872044859966
8624,0.7163463429518983
8625,3.1781136134417975
8626,4.478577632673527
8627,0.014214756199452533
8628,0.6798306822691077
8629,8.406110592552848
8630,0.33663352848155714
8631,5.377265100374597
8632,2.4519389043908735
8633,0.3657487245784985
8634,1.5133606305705922
8635,5.284791147706989
8636,3.1648995196147394
8637,2.4438531162288957
8638,7.1423516999639975
8639,0.12109715218774458
8640,0.523502056394385
8641,0.9515692981283692
8642,11.0914766802561
8643,0.9278660704814568
8644,0.23557914658331966
8645,2.648595348793576
8646,0.7398920176750079
8647,0.9351832022176958
8648,0.3079810995134016
8649,3.244827846862128
8650,0.3053300058677324
8651,2.5271428185264195
8652,1.9961886818562267
8653,1.0996524134842849
8654,0.37510844214596273
8655,0.4690000994669544
8656,5.134180689123074
8657,2.8031731885049274
8658,0.03896822584961266
8659,3.3974510477261166
8660,0.12088699116942792
8661,1.5404015711051695
8662,0.12593013958416724
8663,2.706981902104558
8664,2.447843864772989
8665,9.858862422899598
8666,2.802087592485231
8667,0.036932444140879615
8668,0.4998000203403476
8669,0.5683717220203683
8670,2.7576891212363908
8671,0.1858958912071799
8672,1.763492176567791
8673,1.5556819082046913
8674,2.1389755985459997
8675,0.08673718535549929
8676,2.1550448244015765
8677,2.436764174633235
8678,1.0665614256412654
8679,3.5729926276556263
8680,0.11649723589776248
8681,0.6742245589439557
8682,0.2451860108121241
8683,0.7768947029282756
8684,5.319147133268354
8685,0.27534155943164185
8686,1.505494141286869
8687,0.32043505150516804
8688,0.20242355389055217
8689,4.874810803519546
8690,6.904031164966137
8691,1.243974169130989
8692,2.9245626755185636
8693,3.7730254463499664
8694,0.2873401732203532
8695,0.17834853067747103
8696,5.08800343578471
8697,0.9429824077437761
8698,0.1991727268787603
8699,0.34781822559571296
8700,0.38791424258026597
8701,0.03204924698795531
8702,0.1426682557758779
8703,2.8664615886214193
8704,0.06937369531197393
8705,4.814870542575174
8706,1.2887312247198035
8707,3.522640905735699
8708,0.06509284299417079
8709,0.28816576031310903
8710,1.1917916708117042
8711,2.191048526424856
8712,1.5397660990608912
8713,1.4559607741004053
8714,1.794328626537939
8715,2.130033881621061
8716,0.8231095394250565
8717,2.4031179415381834
8718,1.237802375065168
8719,1.045338131814658
8720,0.06596287988354815
8721,1.087934047565196
8722,0.02367493772204237
8723,0.09297541941379459
8724,0.2463335666211574
8725,0.10387321918354511
8726,1.8043402089590532
8727,2.1089877504856442
8728,2.353414060596926
8729,0.13112912713015118
8730,0.12499116237148603
8731,2.8064768827699402
8732,0.04003473340428069
8733,1.5837240058820836
8734,1.4523493416275057
8735,0.31290250350699056
8736,3.520784482832261
8737,3.130192555030902
8738,0.41247221327122824
8739,3.9685371440288426
8740,0.8810752484799723
8741,3.1256593084003135
8742,7.528871842057964
8743,0.3504834148388391
8744,0.4833213999460979
8745,0.41198159215510943
8746,3.038913129968415
8747,0.6753192059310775
8748,2.7594130426216625
8749,0.08548398599682414
8750,0.43585989342097886
8751,0.8822109794493108
8752,3.034135984554788
8753,1.6667558300033578
8754,0.08174642255862383
8755,0.22623909951278498
8756,3.2372747779977162
8757,0.1346590142656835
8758,1.5282690416704152
8759,0.23394569808522367
8760,4.299037243393647
8761,0.11177266878659955
8762,1.5308447035805928
8763,1.0519539033316692
8764,0.7371024021871981
8765,0.8844156659668923
8766,3.0511880058857184
8767,1.433952153714608
8768,0.021977289154948412
8769,2.0001792647957446
8770,0.0558087263077823
8771,0.1827085036561328
8772,1.1220949548457135
8773,0.3091648922624186
8774,0.0925548667888435
8775,1.943143713173599
8776,7.0094636218544615
8777,2.437079309251951
8778,0.0979574315978675
8779,3.8519195206532135
8780,0.828758365222743
8781,6.54710008016213
8782,1.059077734913806
8783,8.403112462112322
8784,0.13349340043290087
8785,0.599229109274102
8786,0.915668013372545
8787,1.179646289504376
8788,0.7198423251835437
8789,0.28742755036912265
8790,2.393954018896533
8791,4.433874262634658
8792,0.7717418590976014
8793,0.12456795163335034
8794,1.926883738161322
8795,0.09466401464925293
8796,0.9112686480982647
8797,3.174099953321912
8798,1.261229168977324
8799,0.9269164884448637
8800,0.7094619123754473
8801,0.04197231649623881
8802,0.04501188078868409
8803,2.901709346251639
8804,2.84000556931188
8805,0.3300696501281809
8806,0.5650109197038631
8807,2.6556335563947764
8808,2.324710792582566
8809,2.6108627838426726
8810,0.505600166118112
8811,6.0734826749490205
8812,2.053833289718999
8813,0.1395713374753381
8814,0.49687096480955456
8815,1.7190937455090853
8816,0.03229212303795323
8817,0.09067278523376981
8818,1.8579022864075454
8819,1.1610353809874905
8820,0.3463755797498539
8821,0.7585044506914793
8822,0.16480513152028334
8823,6.984814536942407
8824,1.247646473259415
8825,0.5611056489886496
8826,5.936022646130212
8827,0.0818189103435015
8828,2.8252342011905194
8829,4.237503145300254
8830,6.566320555269489
8831,0.6132832647071738
8832,0.5678322317146824
8833,1.052304600729095
8834,0.08468310023671019
8835,0.08283785067846952
8836,2.0322548516514614
8837,1.7183086139909425
8838,0.06514991650381488
8839,0.04467411208949201
8840,2.9292559827805
8841,0.6876736852146852
8842,0.8086695294645154
8843,0.7823105193218722
8844,0.3503358339604974
8845,5.783618713761818
8846,0.5530354248317743
8847,2.5191446863771416
8848,2.0590535454904986
8849,1.57022514555964
8850,0.7047936171417359
8851,0.8820799797915173
8852,1.6706421264532012
8853,0.12174407978208446
8854,0.08536685867449037
8855,3.567471593739368
8856,0.056203224895866474
8857,3.617056297308519
8858,2.317706356069885
8859,0.31590031031694477
8860,0.09218429664926252
8861,11.073830070911661
8862,2.38601227805801
8863,0.6447942391443682
8864,0.22355386060627988
8865,0.4235219248040948
8866,0.17152944729026764
8867,0.1598185752879354
8868,0.3404879260176475
8869,0.6301952370146489
8870,0.9419660400667204
8871,0.8165982031423599
8872,0.8346823949748958
8873,4.902410441166898
8874,0.3503098710902829
8875,0.08194171577533224
8876,0.013877094467325312
8877,0.44363931760153297
8878,0.9320615867171367
8879,1.976157862059012
8880,0.42073428245376565
8881,2.7189610942329487
8882,1.7777720920487825
8883,0.14917652091791572
8884,4.087249229432303
8885,0.1359213463461874
8886,2.20688978369403
8887,1.9612314925012124
8888,8.083364940959644
8889,0.8633695717846515
8890,0.6555970172568468
8891,3.174212070437154
8892,0.17140068357214816
8893,2.1338549596070084
8894,0.0422901524522973
8895,0.329230654233416
8896,3.457964868999193
8897,0.031781743256358415
8898,0.4525834621992497
8899,0.10703030766703128
8900,0.09247518389770704
8901,1.5681149445697837
8902,7.489462628958859
8903,0.04614393536581813
8904,0.6133806743974664
8905,0.7161958697465163
8906,0.38281450613441825
8907,1.5054628588842593
8908,0.2909312193530549
8909,0.05112095389292769
8910,5.5130808074104
8911,0.45369144308889775
8912,0.0655161129792399
8913,0.42530699375915415
8914,0.5530473308142816
8915,0.34332370918706767
8916,0.06547879340695915
8917,3.55207742176936
8918,0.17480323966525885
8919,6.87665834004639
8920,0.23911998557219405
8921,7.505139743639722
8922,11.631403837416428
8923,0.27967390187183777
8924,0.4855883719013614
8925,0.23389077524600194
8926,3.1068509459444584
8927,0.05581086257587167
8928,0.12424959301264488
8929,1.2121155436707816
8930,0.08736636532579128
8931,3.4262349339915694
8932,6.252090109364174
8933,2.1394754596784145
8934,1.6385837645992156
8935,2.8458952020638835
8936,3.071359736390188
8937,2.617052456680696
8938,0.06377913481535996
8939,0.2288690655637412
8940,0.18668655183940722
8941,2.089718126672204
8942,1.5123310726329338
8943,5.176252310834668
8944,0.15537179062237866
8945,6.169862059547787
8946,1.6769155135918088
8947,0.057637075590183204
8948,3.759481952741838
8949,3.213623900496845
8950,5.401717211896088
8951,1.5473712128856536
8952,0.06792738966244044
8953,0.22713827868555503
8954,0.049563231973383984
8955,1.1448130266181729
8956,1.1912516822508261
8957,2.5286942564607635
8958,3.4770915589892697
8959,1.0241088917258787
8960,4.856744516227655
8961,0.10904008003919627
8962,1.7916323182204468
8963,0.015691133784978516
8964,4.497868130513021
8965,0.03613793414838603
8966,0.04315586675883421
8967,0.5330866410630709
8968,0.3964916718524424
8969,0.12615601955164535
8970,0.238520743900126
8971,0.29349702291044544
8972,5.867885721937643
8973,4.560720517991556
8974,0.03285780829447592
8975,4.0385770300405825
8976,0.34416692826458284
8977,0.09449704170415271
8978,8.501462601455726
8979,5.46589585166471
8980,5.025481446777048
8981,0.45935860718089616
8982,0.05014368094786248
8983,1.8528105475519914
8984,6.709735262515813
8985,2.111412671981621
8986,0.1301230433947365
8987,2.7557596405207034
8988,0.34272070003928057
8989,0.20472916341247194
8990,2.2721506519190555
8991,1.9282618488839443
8992,9.223155243575777
8993,0.2552826019453615
8994,1.5163597826691284
8995,0.11434262372633422
8996,0.2692051265634353
8997,1.3878011752543715
8998,0.06509307482630494
8999,0.43273767298338206
9000,0.22324071372771737
9001,0.038601158161358146
9002,5.863181554557029
9003,0.8960276452367815
9004,0.6822658259200627
9005,0.06350174864849259
9006,0.22927541784704503
9007,2.819698643773266
9008,0.4727060043575522
9009,1.5540438923053304
9010,0.12337855961366977
9011,0.4236151023727043
9012,1.6970214272588668
9013,3.685783337042568
9014,1.4622590944596643
9015,0.33519612452598313
9016,1.1567559440156978
9017,3.2862093772700507
9018,1.0004018937260482
9019,1.002855255822758
9020,6.215595013539357
9021,0.6472976987174252
9022,0.17975359663728252
9023,0.5304501664481689
9024,0.8528090688814144
9025,1.031392627642907
9026,1.7848347250938694
9027,10.676546068495657
9028,2.111046738714344
9029,2.6463433485695074
9030,0.818778059625556
9031,1.073323062394491
9032,0.26369686753860466
9033,0.45017707805854656
9034,5.602725963124414
9035,2.562311224876119
9036,2.68357971411354
9037,0.521145493073446
9038,0.15131943251477215
9039,0.8128903397333991
9040,3.8168182108727855
9041,1.0323944476342684
9042,0.5162664585857599
9043,9.081091625536402
9044,1.7560680149844559
9045,1.387852124153514
9046,0.1099590988087002
9047,0.39836629117774586
9048,0.4352816478613091
9049,7.413259583274441
9050,0.3002491414552363
9051,0.31552712774345854
9052,6.078755432455361
9053,3.1698311681607825
9054,1.5990917914969986
9055,0.07381145553172455
9056,3.391206089653609
9057,0.20510971679949386
9058,0.13713135851943392
9059,0.7179439185143484
9060,1.0837612844127622
9061,0.9793881212719944
9062,2.0038137025948033
9063,1.4314498438019676
9064,1.6089003089073792
9065,1.902518125824035
9066,3.4245633926521974
9067,1.294024798613612
9068,0.8822700030747062
9069,5.0851898525072645
9070,4.3344771801859725
9071,1.2157216943369074
9072,1.3503112866808518
9073,0.16949878652306816
9074,0.4040596375525928
9075,2.0621566947989485
9076,1.0313278530071397
9077,0.7793598726122029
9078,0.08795013516698635
9079,5.407778164051169
9080,1.2743844771136004
9081,1.3336289305443043
9082,0.45813918100340156
9083,0.15968635831160893
9084,0.3580830356815671
9085,0.04729591112574464
9086,5.70839826515826
9087,2.663999680793923
9088,7.759460813706207
9089,2.0898702927076105
9090,5.542002632845296
9091,3.751090263938046
9092,0.43299178489567736
9093,0.2367280430372948
9094,0.2197913486466122
9095,4.8398497579896755
9096,0.4822248496033432
9097,0.9082358345646497
9098,0.023549665314980466
9099,0.0723504070936858
9100,0.06480599346675735
9101,0.9143116356565069
9102,0.09406109109662072
9103,3.852248421468323
9104,1.0312311723423166
9105,0.7109387897479666
9106,2.6284815185733725
9107,0.9384151812266155
9108,0.14099384023385564
9109,3.0207184463274945
9110,2.9532608868621573
9111,0.1961872469789789
9112,6.302509203108731
9113,0.131652875716752
9114,11.453176653964604
9115,7.6398619117181585
9116,0.2609141403518056
9117,0.9089203408836718
9118,3.604513587369512
9119,0.16136183584758995
9120,3.709946469818562
9121,0.20102828193911743
9122,2.494352890014925
9123,0.08599890863613638
9124,1.0976752708886703
9125,0.28943021283940906
9126,2.074221510972502
9127,1.328581386874041
9128,4.519583785288099
9129,3.9870606136541262
9130,0.5171627580962171
9131,0.4696202919101359
9132,5.974403180438703
9133,9.486310504350442
9134,0.08405249700854636
9135,0.7552923313808053
9136,0.10280239833541713
9137,4.323779820115448
9138,8.467928919595884
9139,0.2560546227784085
9140,3.2676751176388796
9141,7.301648477752105
9142,0.5103499881826095
9143,0.27932463986361616
9144,0.1428201793221178
9145,2.4806089887201663
9146,0.17081086691754505
9147,0.7721614513497478
9148,2.787293736288327
9149,0.13754725207781748
9150,0.03464203687797202
9151,1.8090519023021208
9152,1.3336701917616094
9153,0.5487659878620805
9154,3.415170752207829
9155,0.07942225022559173
9156,0.3185126606417299
9157,7.011518654970105
9158,0.48940934326288865
9159,1.1522174773384477
9160,0.07608596690738119
9161,0.4845863109387191
9162,0.9523111331063236
9163,0.43931758993891123
9164,0.24928844991225413
9165,3.0884525098959146
9166,2.768410663040127
9167,0.1373112405531711
9168,1.0916909900200764
9169,0.07185178141072382
9170,0.2791091186743496
9171,0.24318527014340507
9172,0.38804522180642953
9173,1.1618314070614983
9174,1.3341099825034473
9175,3.2276941340948926
9176,1.0798367576344123
9177,0.6092248375097491
9178,0.6412511759840371
9179,2.0932754252392107
9180,5.258488521105573
9181,1.6582047376219413
9182,1.4649517625212516
9183,2.793681529843105
9184,5.713639211476116
9185,1.8562325530609436
9186,2.873133884025494
9187,10.449648991911522
9188,0.10854637929930339
9189,5.398491011065282
9190,0.18373587200655722
9191,2.0680885106361226
9192,1.09087874764485
9193,14.605323811156683
9194,1.0664030529064994
9195,0.058886880973836216
9196,0.4352501673654935
9197,4.421194293918703
9198,0.08222777026444629
9199,0.8463104517474245
9200,0.4552492275820449
9201,9.280639375659481
9202,0.09443532101436138
9203,3.587454863716613
9204,0.2323010589649892
9205,9.419959466157014
9206,7.454998613414222
9207,0.35127686240329176
9208,0.611010046804312
9209,0.031022110262501353
9210,7.330133836166199
9211,0.40029695996372416
9212,1.180769393470978
9213,2.236764810275039
9214,0.9589409173241172
9215,2.357298976555052
9216,2.255335702325848
9217,0.0631997334598629
9218,5.498852397534433
9219,0.6256636982912447
9220,0.10004671862896022
9221,13.517493514290933
9222,0.23353015349281608
9223,0.5785144741440089
9224,1.3020271868016542
9225,2.269802698650351
9226,0.06549433270119098
9227,0.4174303110441085
9228,1.9946463604226952
9229,0.520519390693934
9230,0.32383660326523106
9231,0.4130040103629604
9232,2.0790946144847267
9233,2.5871918814020045
9234,5.139096461005032
9235,3.2485486741668206
9236,0.3483173971220462
9237,9.741435425907042
9238,1.3929883643537315
9239,0.05241166211430348
9240,7.874355145733672
9241,5.787416796584544
9242,2.6586823602932097
9243,2.475981112478177
9244,1.7142029600505784
9245,0.2103014452666284
9246,0.10134257630337469
9247,0.8596150211251448
9248,2.3633691569654376
9249,1.9631952708361253
9250,0.9922974236375547
9251,1.1636347168785224
9252,3.3183303077402058
9253,1.3994868295264904
9254,0.8474486361445137
9255,0.5996882405677147
9256,6.204089017203515
9257,2.4601197401001365
9258,5.12141041412115
9259,3.830672293050701
9260,1.3530664667463927
9261,0.5959058466992235
9262,2.467447182881288
9263,2.350060548084241
9264,0.36121368572836887
9265,5.712186265739609
9266,2.548645961743865
9267,0.880804749274599
9268,0.08007413302583333
9269,0.34725501850582197
9270,0.20115620524090877
9271,0.1291703299083336
9272,0.17027238248521853
9273,4.154963215550593
9274,0.8652054920312737
9275,8.358886161937432
9276,0.753062644578635
9277,0.19971190503514435
9278,7.672785624929139
9279,19.340802949434913
9280,0.7463219263091396
9281,0.924674384557394
9282,0.11014549825469716
9283,1.6141440263086675
9284,0.23695389340125977
9285,5.259580112196181
9286,0.36908548423113086
9287,0.4878968111353992
9288,0.6233481788059019
9289,1.5383348797118974
9290,0.07210844749980128
9291,1.0784638369497783
9292,0.2892644657025531
9293,2.124649391654521
9294,0.09528227622150673
9295,0.028375248841230813
9296,2.449549928142159
9297,0.10855034037054345
9298,0.17289677965807615
9299,1.2055387274261804
9300,0.058937002708309
9301,0.3240547215872437
9302,0.04004170138745869
9303,5.221033677019307
9304,0.4631058579250812
9305,4.497657578289283
9306,3.979793546615773
9307,0.12382043011136301
9308,2.958951081488391
9309,5.044294589259305
9310,0.10736712777219982
9311,2.5882347699326305
9312,0.03527706757947073
9313,0.4325979320693307
9314,0.12639572461940554
9315,0.5724854593044273
9316,3.294010282118763
9317,2.0584685042921143
9318,2.954418998156601
9319,3.5164319282290286
9320,2.6713131346784356
9321,5.7197940824331965
9322,0.37526867529332736
9323,0.7031658089640295
9324,0.5821071642586483
9325,0.7652724075824893
9326,0.8228511401510182
9327,2.153024759758556
9328,0.06859427627620852
9329,0.20184665602855478
9330,7.924781857978143
9331,0.18682511101396673
9332,0.6893823278454569
9333,7.420663960389897
9334,0.7572732394440236
9335,0.08328339163810525
9336,0.8827922836359745
9337,1.8913320195497545
9338,9.525447400321774
9339,10.702394272616559
9340,0.0931040214436282
9341,3.426043411983788
9342,0.26828691571363417
9343,12.221880674487522
9344,0.08214821970672478
9345,0.18366159734766768
9346,0.8416732346472193
9347,2.2157776484703278
9348,2.901855677174081
9349,0.8901048526335658
9350,0.13421139607365642
9351,8.689143126308267
9352,1.8191754121167008
9353,0.8005273066186213
9354,0.08965170808286603
9355,2.2062372151067935
9356,3.8425051835782615
9357,0.0967453939291939
9358,5.364861515488976
9359,0.6215495465150604
9360,0.8132560620324318
9361,0.609979029370929
9362,0.06028737979564415
9363,7.4737482718570565
9364,2.2443364320668167
9365,6.583994746385596
9366,0.6812988525031174
9367,0.7234802559774316
9368,0.9570959290303434
9369,6.225192406482218
9370,0.4717121945916398
9371,1.1606069046114182
9372,0.39911068898144847
9373,0.2656206882025393
9374,4.43554754335389
9375,2.211584761213832
9376,0.8473902103340107
9377,16.99251777202591
9378,3.1308512613888704
9379,1.26116183334977
9380,0.34423649157765007
9381,2.332045876964786
9382,0.2590771202724576
9383,0.06836300423538169
9384,0.18045726709631557
9385,7.2574610439629055
9386,0.4724318861785456
9387,0.25570800517812986
9388,0.9544766186958848
9389,0.025675684179732573
9390,0.28862732607469027
9391,0.42951710519694464
9392,0.06294971279729791
9393,0.05898220104908346
9394,2.3126204687650977
9395,9.22818048618301
9396,5.188554679431636
9397,2.845238403296145
9398,0.0664466786306266
9399,3.4984507389394555
9400,6.615766069957413
9401,0.04769602838319319
9402,0.12356149075736454
9403,0.2872995973511271
9404,0.1479074005422072
9405,1.93859123943854
9406,1.1153835931936045
9407,3.20531384517147
9408,9.95665190487681
9409,3.035542249794313
9410,1.3794790555742287
9411,0.3032468574125378
9412,0.223853005782041
9413,1.5526498339463544
9414,1.5523152359205485
9415,0.33368363724797895
9416,2.570514382953202
9417,0.21674113635593456
9418,2.050482948873239
9419,0.04864319042937382
9420,1.0985069998984855
9421,0.2512905839761456
9422,1.7667222609787463
9423,0.17500285591026574
9424,0.5387274689838635
9425,1.7465467876197933
9426,10.490457955739615
9427,0.7649114929121816
9428,0.540865988486604
9429,3.3938201858291586
9430,3.6581635241014716
9431,6.41291025510756
9432,2.404525904221223
9433,1.375397751245634
9434,12.262129405598944
9435,1.069906465090046
9436,0.15248253093470837
9437,0.31867827936023874
9438,0.8950447798355132
9439,0.3652112592387967
9440,0.07571857615623542
9441,0.17939809155998526
9442,0.11792985570278555
9443,4.048839696811136
9444,0.2967422830816705
9445,0.22804533965038626
9446,3.231988410276396
9447,4.522604411511354
9448,0.5075477199560112
9449,0.3265264786377957
9450,2.013711967662201
9451,1.249852834866382
9452,6.352267917505461
9453,2.6470461278848414
9454,0.18398507692963723
9455,0.06701150160186486
9456,7.025327510488219
9457,7.254821257757118
9458,0.48648594729255834
9459,5.161800966380798
9460,0.04768517173299035
9461,6.2744106897466185
9462,0.3178930157723844
9463,1.0607512011667786
9464,0.4683117869422666
9465,0.2049902133218295
9466,0.03585051854535646
9467,1.6386968096534023
9468,0.9003510540698675
9469,0.20001048734817167
9470,0.7547233691935575
9471,2.9964995758139192
9472,0.7257093137566168
9473,0.5597285300686536
9474,1.889308345707681
9475,1.279904068497006
9476,3.537845069843324
9477,3.6014301730547347
9478,0.2603609797254407
9479,1.67583752371249
9480,0.6944470058725409
9481,0.6009953546610369
9482,5.256250085633681
9483,0.17135987307341752
9484,2.901564103171122
9485,0.09780928965514143
9486,0.4479518122689998
9487,1.7694404335458755
9488,1.1598529996555738
9489,2.3357483364956027
9490,0.043665482283475075
9491,0.18932316970420182
9492,2.7235103166047043
9493,0.575698049906212
9494,0.05601631615895865
9495,1.8663185745207995
9496,9.366307654608537
9497,0.6704320098748391
9498,0.5918242933339668
9499,0.27198872120521816
9500,3.0376888336300896
9501,0.5727229258652587
9502,0.02430815059228722
9503,2.8502435680349896
9504,0.1782229819878945
9505,1.8971879257821218
9506,1.0882324121131837
9507,0.7472691744538911
9508,0.358658255170887
9509,1.677891147635842
9510,2.007791816299074
9511,0.11210610778462146
9512,0.04208847767569439
9513,8.292193314769468
9514,0.16797595355798034
9515,1.255652822817554
9516,1.185792710247719
9517,5.551628594777808
9518,5.820515582571362
9519,0.6768091324924146
9520,2.879035619318674
9521,3.241926187543538
9522,0.14365107796246615
9523,1.3992841090860861
9524,5.481195230073395
9525,1.4166492473250407
9526,0.07149295752556625
9527,3.5468647417579673
9528,0.49313273629120097
9529,0.8407205790357803
9530,2.7869855967249
9531,0.1290309910888148
9532,2.1418536612012566
9533,0.28829444543838656
9534,4.526680521536903
9535,2.3935733808953605
9536,3.685524812208026
9537,1.9749208882990865
9538,2.8270191203379467
9539,0.6265168321319918
9540,0.5311707597187617
9541,5.963548550011624
9542,0.04126623534880069
9543,2.1117031289538204
9544,3.0029743148146353
9545,0.24066920195812172
9546,0.3390847477743026
9547,2.6355463205534773
9548,1.2205311412829434
9549,0.3713623089210273
9550,0.9395628326848382
9551,0.44349754234025374
9552,2.9139874406428037
9553,3.368900942856425
9554,1.7385176720058575
9555,0.18545525437899493
9556,0.26070540391853825
9557,2.430887942730637
9558,0.09200878027084874
9559,3.8822492921754663
9560,0.17630344993418867
9561,2.5830034894016127
9562,5.44106775788294
9563,2.9901601970972305
9564,1.8516771884649113
9565,1.7424354659514634
9566,0.5663938484400595
9567,0.12358847415012264
9568,0.17640723974707923
9569,0.17725344777154767
9570,0.0908861434250428
9571,0.3106461512826556
9572,3.253013112991332
9573,0.0684761986667653
9574,0.23760675001583947
9575,10.382945705241085
9576,13.611326034525561
9577,10.273805656919203
9578,0.14023323585603492
9579,0.17996366335943423
9580,0.14667908931730256
9581,1.4713487922484667
9582,0.3900705616435488
9583,12.251322024979723
9584,0.2652204045595159
9585,0.1786126529548736
9586,0.9862076014427485
9587,0.10388653141210939
9588,0.19851011012225372
9589,0.04505733587399754
9590,0.029585098767831226
9591,5.713739002140002
9592,0.14376716923617633
9593,1.033711000932877
9594,1.8807407968174963
9595,0.14627958980965017
9596,0.06377457268030387
9597,2.570188382949386
9598,11.188639859308216
9599,0.7471889395419002
9600,11.848624542902257
9601,2.2202460058512985
9602,0.3905594712985392
9603,4.474510295091681
9604,0.639088985177955
9605,0.48098618774306634
9606,0.5962076656882958
9607,2.403411918861884
9608,1.124413821693801
9609,1.1159401402508893
9610,0.052388409052070956
9611,2.013577097459608
9612,0.08736093462410904
9613,2.7158435023557637
9614,8.53924383617317
9615,0.4551070857944163
9616,1.9644140153816982
9617,3.1994478182449235
9618,8.083237726446391
9619,0.10882104239564666
9620,0.38705484231170495
9621,6.782109609498575
9622,2.243977761257223
9623,0.27259841510825017
9624,1.8116988575551605
9625,0.5323307569231412
9626,3.5832709315075792
9627,3.7073288552350405
9628,1.2459428798143453
9629,0.7111714820906276
9630,2.9182923066798168
9631,0.5239724972421768
9632,6.59800516053093
9633,2.2307921056807127
9634,0.2098070263495529
9635,0.2746647424925027
9636,2.519050050217392
9637,0.2166512798488109
9638,1.9584532042856737
9639,3.502892476461734
9640,0.658494928268341
9641,0.4883518339639234
9642,0.219491709523981
9643,0.28490454516137337
9644,0.2237612971749569
9645,1.4237624804268818
9646,0.23330291066771297
9647,0.860956294672785
9648,8.824316744900699
9649,0.19737128272583832
9650,0.10440303808868556
9651,0.37017427805941616
9652,7.135010205074249
9653,0.13351507507855334
9654,0.6545832445806855
9655,8.896451347584101
9656,0.3515358043234602
9657,0.6427032179990677
9658,0.7799872775535914
9659,1.7989206525344037
9660,9.818006278893684
9661,0.5163180333012454
9662,1.43549113309366
9663,3.924403342437402
9664,5.855561872224851
9665,4.860827975111261
9666,0.07663801380252855
9667,0.17877957721817916
9668,0.054758384358665126
9669,0.19631083323386042
9670,1.994546780225476
9671,1.3863693410438525
9672,2.3859920688060225
9673,4.239186559317139
9674,1.2069998737587126
9675,1.319074427169772
9676,1.0916618243782947
9677,0.3032297076682813
9678,2.1159629526112385
9679,2.357868551125497
9680,0.8143363859327675
9681,0.8975390853613026
9682,0.42237116077231823
9683,0.25915574493864224
9684,0.25321680412315917
9685,0.28863020688256064
9686,1.1728111601735964
9687,0.0788797646567881
9688,0.0426535676765608
9689,1.0585063437574695
9690,1.1910142637542545
9691,0.19133648485395505
9692,0.041693330575672025
9693,6.140073320263465
9694,7.560589899308509
9695,0.9156436479657772
9696,3.1564556258240595
9697,0.3073002987702124
9698,0.4714888528066702
9699,0.5161975695655345
9700,0.5292106527078784
9701,9.432209704144734
9702,0.9133270327273868
9703,0.7366387581775055
9704,10.551719845802555
9705,8.088449645356654
9706,1.3368122912382803
9707,4.198836378702634
9708,0.057188377671308216
9709,0.1261259581058734
9710,0.6441924167587483
9711,0.2511565552322459
9712,0.2305850802637613
9713,0.4398701583604163
9714,0.10588378872628582
9715,1.133604519656862
9716,8.203843176820861
9717,0.24202527494161796
9718,1.6720366414968377
9719,0.0283963583795013
9720,0.8126015386911891
9721,0.046938158907522426
9722,1.0450360214773022
9723,0.02435320757124973
9724,3.2559565081804833
9725,0.9461091582875708
9726,1.0618596017311503
9727,1.987061646204002
9728,0.378935664684687
9729,2.9226082640115356
9730,0.7934653939696894
9731,1.3977690437807555
9732,4.762492403107176
9733,2.277275846242659
9734,0.10535710335190028
9735,12.400583211138397
9736,2.7516009669222905
9737,0.16686852898575538
9738,0.6180679593371554
9739,0.3027887734972696
9740,0.9367588129084079
9741,3.951093915946471
9742,0.2382107008334956
9743,0.738467177616124
9744,1.2545162252612772
9745,0.5819927963858511
9746,0.5401480712265887
9747,0.6872877047253829
9748,0.7201839302430235
9749,0.0889971721757171
9750,2.903053492021559
9751,0.6589438353291075
9752,1.7915708287962504
9753,0.9687412422454826
9754,0.6528191992723071
9755,0.19930741267608948
9756,2.996226866931956
9757,0.6946975177395278
9758,0.6127456828693756
9759,6.294805466452852
9760,0.18746578593599475
9761,2.383922860570112
9762,0.07435410457957115
9763,0.06417430254724601
9764,0.2256637238069235
9765,1.0771040296809682
9766,0.04498087589936498
9767,1.9577720979854318
9768,1.8653584989512844
9769,0.8137377078028968
9770,1.4298681323176488
9771,0.11302345160752104
9772,4.945767903893937
9773,0.32562324572769186
9774,3.2355118808159533
9775,3.130924917977292
9776,0.8255144159204033
9777,0.2783731107948778
9778,2.8920618409419405
9779,1.498787523461317
9780,1.296749168784292
9781,0.06765582126900346
9782,0.03693905553771748
9783,1.8759115533034416
9784,0.4951130227714997
9785,0.5426677742346058
9786,0.3350548614575073
9787,0.8467817079859317
9788,4.412874385999089
9789,0.8419944781983398
9790,0.030487896747542945
9791,1.5099685595004124
9792,0.04842945583480634
9793,2.0788207185984726
9794,1.5448231414125893
9795,2.2015459355178524
9796,0.5236606635747634
9797,4.421086789142352
9798,1.0639675475861767
9799,1.7325466787630532
9800,1.8185033951543177
9801,0.9552224753537035
9802,1.7113954863388083
9803,0.037613079256250154
9804,2.73958361257871
9805,0.493098737088721
9806,0.5155559959306455
9807,4.246334110596764
9808,0.07543874658692798
9809,5.713479517485654
9810,0.636364397043861
9811,8.724017219189133
9812,4.598623119231183
9813,3.6189655849032807
9814,0.38833077905077407
9815,2.376665923426038
9816,1.0147673477977945
9817,0.20224276085240483
9818,0.16038563765454092
9819,0.09695623343463072
9820,2.673699363808778
9821,1.2470648771398207
9822,0.31305230368168074
9823,4.122751374142236
9824,8.977411561009529
9825,0.13241936227849752
9826,1.4049021152587455
9827,0.33250322865231763
9828,1.5206340313806468
9829,0.7049949651685454
9830,3.9750046030966746
9831,3.8160492991653987
9832,0.14470092510861698
9833,0.14010238816752787
9834,1.2786924484308964
9835,0.556762566941958
9836,5.373405425737664
9837,4.81630911248813
9838,0.8389100225239403
9839,1.0405860293372278
9840,0.5114869969693232
9841,0.09674420566892467
9842,2.0372027528384886
9843,3.5964742831805743
9844,1.8501654318891028
9845,5.325798988593402
9846,2.387077409878329
9847,0.058168728025649416
9848,2.629725730977313
9849,3.449996442823135
9850,0.077131385416219
9851,1.6460076641935681
9852,6.406231250882978
9853,0.8870775184917139
9854,0.3770868378260429
9855,0.484211420560966
9856,1.9563814760438571
9857,2.45685141856624
9858,0.29314328371602627
9859,0.05816372179306999
9860,0.8066807308654571
9861,1.0347443059334909
9862,5.893576513591967
9863,0.43821363135669567
9864,3.1921079284447713
9865,2.4253833638154543
9866,0.8509991778562054
9867,0.1627361046040255
9868,1.7913692286489298
9869,18.548374080181027
9870,0.5357337155273527
9871,2.7008955417261493
9872,0.0722403005055619
9873,0.06430591317219533
9874,0.626603068934017
9875,0.5273079814928536
9876,0.0704596322495489
9877,2.694063523991441
9878,0.648270285558239
9879,0.8324868670886008
9880,0.3458779940591791
9881,7.5781818976034
9882,0.3014370344868227
9883,0.4348600519833711
9884,5.185809783060504
9885,0.33653200192143984
9886,2.4746550079453375
9887,1.6743560381780447
9888,3.3184391755136216
9889,0.7249450574211662
9890,1.6641480741018508
9891,0.06267833029996395
9892,0.2387838474172531
9893,2.0750952629495494
9894,0.8988611235826123
9895,1.5551617684172268
9896,4.181766867150278
9897,5.987458622056877
9898,0.2684091898142484
9899,0.06448547915331754
9900,4.017494557956862
9901,0.28906973689146326
9902,0.7609779859593164
9903,0.07541795290144168
9904,0.611821231620354
9905,1.9033692381458907
9906,0.025309842449929787
9907,1.9086337737820969
9908,0.17936291650109654
9909,0.2572075997442572
9910,0.0550717230649773
9911,1.297836137299566
9912,2.0093815392148606
9913,4.665097856386325
9914,2.240286024137138
9915,0.8642730734926415
9916,2.5564065172532784
9917,0.5721476265100527
9918,0.19612475342820962
9919,0.450890447698
9920,1.3755686458202394
9921,7.00508360672476
9922,0.7477640406374385
9923,4.4381002688423745
9924,0.06979005652441708
9925,6.4018788086868135
9926,0.15119042962732604
9927,1.6182471961106706
9928,0.6949358481065976
9929,2.580045187443152
9930,1.5751163359665696
9931,0.03520839444928317
9932,1.3927030772378772
9933,0.8507884998481225
9934,0.08689715302497321
9935,2.6410040461312434
9936,1.0858109255869786
9937,1.4893505982245698
9938,0.1169587309303475
9939,0.04525770567080934
9940,1.1774380118803327
9941,2.1822894952074483
9942,1.8560539596676104
9943,0.24533078588801682
9944,3.0035286311635323
9945,0.7331105114159289
9946,0.6178491038582399
9947,4.371758559359659
9948,0.2100595463099802
9949,2.6748986414891185
9950,0.06170712522681124
9951,1.781644354183745
9952,1.843991844243802
9953,0.1847703147666167
9954,1.0118044106507653
9955,0.06746375093150894
9956,0.9877130638844498
9957,0.6536908055452082
9958,0.12117509927607235
9959,1.8960341350167804
9960,0.7862567570238133
9961,0.11880290369164584
9962,0.8744451626101304
9963,0.20422459759055717
9964,5.462315843687996
9965,6.787081054616545
9966,0.10894173237351312
9967,2.8731326481266706
9968,1.3082359537220356
9969,1.8706733486194316
9970,0.4836302592077018
9971,0.3773340722205466
9972,0.8965605596864141
9973,0.3808802380093211
9974,0.1243323096750687
9975,0.5638558170482781
9976,0.04378903386903956
9977,0.2320869478679992
9978,2.7531262258412723
9979,7.55856880572044
9980,6.0571779166757365
9981,5.28828194771807
9982,1.979284811262192
9983,0.9953645639134439
9984,0.23516156425809331
9985,0.4768224112387937
9986,0.5448851462789396
9987,0.2304559718751518
9988,5.883867607102912
9989,8.422127913133465
9990,2.0159801004218583
9991,0.02959888241272879
9992,0.423033838957176
9993,0.3206142090823181
9994,1.4997998396623335
9995,0.06232109583584612
9996,2.480558998349596
9997,1.9630792349505917
9998,0.06607344569111305
9999,0.18805232602141198
