allocation,l2_statistic
1,19.34845697835449
2,3.9987123079284936
3,60.91825698389044
4,11.988241917167613
5,19.88657047894735
6,20.371254274614564
7,20.895982834131825
8,45.1540150015793
9,40.170052914009595
10,24.09512891248586
11,57.52362244833752
12,46.61779633431267
13,24.852158901344353
14,9.239777689745424
15,26.399337486088346
16,30.570558821546413
17,16.339001256741945
18,6.339865041305737
19,17.574545523635507
20,2.9636709240149823
21,2.8962137188925507
22,60.43816262015468
23,7.886144877656655
24,49.32299841124845
25,22.970935914393444
26,7.737646438996434
27,2.3379525934399483
28,5.897248963354839
29,41.70993751915337
30,21.533373997903308
31,3.333068115835692
32,18.187105074019907
33,2.255853940189792
34,6.061291298432208
35,17.839521254021975
36,20.8326103325098
37,4.4715425240999345
38,21.581029809801294
39,10.421402642317819
40,20.829018810387375
41,76.99597900980764
42,18.952460245085714
43,7.19952312739327
44,42.780248498551096
45,24.85754972890113
46,86.95137466502284
47,9.962144669325511
48,55.099740949460305
49,7.018509414439525
50,29.47400929352322
51,5.333782002970363
52,12.90250242472554
53,42.1262278460186
54,11.771501913439552
55,7.181884835665746
56,4.807032166435971
57,8.612992089974622
58,12.121917229236129
59,15.283106790952084
60,53.29934593705274
61,36.84979308676713
62,37.314069463573176
63,12.482860683923247
64,17.265946558871242
65,21.51010865553916
66,53.48364875657084
67,33.637330036201035
68,9.022753270391728
69,6.629112636068841
70,24.07671989804477
71,33.34634002758561
72,63.00718894011112
73,20.085105982592353
74,7.476880898451901
75,46.69694270834904
76,40.26655971428203
77,31.847588749249404
78,46.43955887599225
79,12.495799355411098
80,8.542474700982364
81,4.468049680167667
82,54.01386483972343
83,42.307580743275395
84,64.67372273880213
85,29.453688993319805
86,10.431626985813224
87,5.288696076804877
88,63.24230741296931
89,71.9804186757315
90,26.54775024641215
91,64.35935937878554
92,18.1752558810048
93,7.047261677116061
94,25.57154872919898
95,41.7734154952143
96,22.50929128389469
97,12.742076206286582
98,42.43110407028686
99,24.467866379532403
100,46.99287159220036
101,3.1411186370685678
102,8.560301190448852
103,38.67647194743145
104,5.125084808763573
105,19.123977305990117
106,36.484119427672056
107,47.91994005775245
108,11.865116877905713
109,10.666822972983159
110,36.00818493034345
111,20.448488912680205
112,28.63842008746244
113,3.075450092952591
114,3.3376450360694827
115,11.215529407461423
116,13.082664753368014
117,11.402412791374122
118,5.156337403257087
119,8.70256420068149
120,6.9298238630638
121,2.559858181765303
122,19.83283501792131
123,12.237226760119164
124,22.542244635125474
125,35.355719025471814
126,12.066450339821351
127,9.415754579475385
128,33.131557426377434
129,2.994431505211147
130,4.4238033643637635
131,14.920346826101278
132,27.12334247240327
133,11.804725569960194
134,47.388470558701655
135,21.795702507942018
136,22.065833445665163
137,4.862340452341873
138,21.337994236247745
139,10.35379330798939
140,9.168004802851266
141,20.007470561128645
142,5.91726230598042
143,18.833012316641053
144,1.978596464120665
145,69.53256895535571
146,53.68940302912634
147,36.172060577487386
148,31.98272266229462
149,12.751669687593996
150,25.275976760589998
151,3.373475422042312
152,12.584694958022377
153,9.71461742750603
154,42.058486189016264
155,18.7454476041203
156,57.91054259200147
157,38.66659573830785
158,49.27747860859937
159,54.62007580528263
160,47.700652570420786
161,4.892383983269937
162,15.475913039301156
163,77.33044827492347
164,11.83902755794928
165,14.7017218949372
166,3.5329117764359874
167,13.13622492365847
168,61.58940559398929
169,7.681955543050396
170,13.545479005631453
171,35.31383957617088
172,39.91024421855323
173,8.543782254558911
174,39.24978577446321
175,12.254262325149506
176,27.860654391098183
177,63.59000403428114
178,18.89591468931267
179,1.7212608984621
180,24.76079076307486
181,58.702266572222115
182,53.5097998046251
183,34.29122138060332
184,27.789515782097432
185,21.3924885643359
186,39.82855115213318
187,41.94917324366304
188,26.78761152291323
189,5.854005457988102
190,7.6644789230996775
191,41.833966454665635
192,30.68148228860551
193,49.82486338620553
194,52.360023048315945
195,27.26218696223892
196,53.393183778724904
197,16.625551767179182
198,28.29039836089058
199,132.24653337402063
200,1.9787351967345712
201,5.682322104050842
202,40.81230411304725
203,21.632047657762406
204,21.093726636425504
205,23.189980851651548
206,60.10901611384068
207,26.70703620974983
208,68.37679440326372
209,12.26062267652402
210,26.960010829017424
211,22.347282997017935
212,68.91542714351687
213,4.324936489806384
214,42.566559884091745
215,53.853350048348496
216,35.95332647514956
217,5.0879104695663315
218,10.57407455127464
219,20.60082978062711
220,57.81873984349385
221,26.720148225264957
222,19.367174760021545
223,46.06401284009521
224,26.98569900543026
225,44.81125334658819
226,5.656678366382821
227,5.719539613993093
228,54.62740267138563
229,19.407275279450666
230,22.17469321509499
231,59.21488436885699
232,68.16796308118978
233,90.0659276960466
234,38.15276593358165
235,38.544292530491376
236,32.603206418385824
237,18.15858058665401
238,42.639163259081315
239,24.70757682096923
240,15.81013589254382
241,21.667646445249687
242,31.77628536992831
243,17.96600020868495
244,11.326396784160764
245,51.71981681550333
246,18.336929420290765
247,38.37913039393951
248,2.023678489236696
249,34.29157130580386
250,26.479558881501944
251,3.8791903463173383
252,51.19607173971854
253,31.78560312996003
254,19.067114395312984
255,13.575270363500076
256,39.92650633331111
257,14.873361801946261
258,4.940057035076847
259,97.80661216416175
260,22.92804487054955
261,14.412679957071974
262,40.416266298017575
263,18.4529203544139
264,21.015287259447526
265,6.619649748946068
266,11.755962497511716
267,23.044814275909587
268,48.02592507654965
269,10.325221110573365
270,35.96744800833968
271,18.234481601622928
272,7.1089981511595415
273,20.912668627695997
274,48.093709227594516
275,19.097015579458173
276,3.6778304437982223
277,28.853500230323178
278,25.67894594329801
279,6.749270359581448
280,23.458219373299332
281,14.226600478890955
282,13.618334484065745
283,3.844201224998979
284,33.969062796140626
285,18.462352629254266
286,10.209259620058114
287,11.786219930845197
288,18.808690090967765
289,40.95401936417068
290,18.12328393241212
291,5.410259175906326
292,24.64276109763602
293,9.292118205737832
294,13.671014979602946
295,25.029277350155542
296,22.254134686132776
297,1.5021654042240837
298,3.7591914682380816
299,9.962257000287178
300,53.287786884567176
301,14.348819176723644
302,24.424091023124205
303,16.416148044412747
304,16.9101990317622
305,98.74635956879312
306,6.497263496008035
307,36.093517304724564
308,15.205418905075696
309,17.67524734509408
310,46.55640324782405
311,12.440855861063183
312,29.96505150798265
313,6.981035772719868
314,20.87411178361129
315,9.507987217977206
316,81.13127014479902
317,50.31447347999502
318,31.259199326498347
319,38.028352499880405
320,8.791109175855457
321,37.05937297095004
322,35.84749571671354
323,8.194320868275046
324,19.70357438803414
325,4.022452798712762
326,16.76627949243091
327,12.102782157356785
328,9.33188577408001
329,3.7758161224556037
330,27.806163224629707
331,43.905275473273
332,12.470791035379282
333,48.29080296553357
334,35.94490153466131
335,2.9298291741254685
336,25.747866604264715
337,28.268742148728794
338,33.97845998382854
339,22.552382329774066
340,3.1776932682390022
341,17.131987056542094
342,104.10303753247672
343,13.584526733518704
344,8.497451893341106
345,3.3802634802684794
346,31.570841709223426
347,89.38925489284854
348,31.145283062966865
349,22.36195834465057
350,34.813072368702436
351,46.437327061924876
352,5.404322620672128
353,43.587105130518104
354,43.05410195310036
355,29.137495784277867
356,36.65935747933976
357,66.03152139611508
358,5.712835107265542
359,16.438963043465993
360,9.994495559218104
361,16.334457283358326
362,17.940427109200794
363,50.328799570565735
364,86.28863484459794
365,3.9548009599647633
366,82.27805096324181
367,20.620231721240753
368,49.754372175438874
369,29.047594331085037
370,17.17959071691959
371,21.34512937102999
372,41.54566638449343
373,8.304310407047627
374,64.53669093967777
375,15.89646973746689
376,6.224205501477893
377,9.96154186979879
378,4.489837711798052
379,26.66187445533492
380,8.822246519895335
381,39.32408071902479
382,21.89120591107764
383,67.1455177719274
384,83.78257216316442
385,54.28879779459934
386,19.13142353410032
387,3.947900992914223
388,22.36516231717431
389,36.41701972070761
390,9.23536855100106
391,12.018049426864572
392,71.10658409425186
393,109.19193202469023
394,5.39527733596634
395,22.602328845908783
396,76.33173061781167
397,25.49665908275571
398,73.85188527337182
399,22.7660992383585
400,83.95268544465364
401,30.738381757534235
402,24.542661340958418
403,3.982020571228411
404,18.886873774600627
405,14.635954841566532
406,20.948364875083705
407,26.854560745586518
408,37.692577032479136
409,62.454937468308486
410,55.77540281107174
411,60.226077128055124
412,4.36374422657845
413,31.26919398921347
414,33.98411007888909
415,15.151559516713265
416,49.100292912256585
417,46.88480786389815
418,9.73115893785995
419,4.10064556881456
420,29.796723814335532
421,36.77171655812896
422,14.092213440939801
423,21.079857787068363
424,5.130107692973518
425,58.561533664281285
426,21.34184300764854
427,26.01835675123283
428,67.98293957465171
429,53.01817008915531
430,37.51703746919878
431,11.198898336424222
432,9.634027123552308
433,3.7080245424468825
434,76.19971005392931
435,12.75759855267658
436,30.501407383570758
437,17.791936968714303
438,71.51794915128653
439,4.359611153737534
440,2.99020258894933
441,18.11456330891019
442,38.93605061927508
443,16.27794004003185
444,3.6088857506978256
445,3.829664325650195
446,93.25685944572021
447,4.246148618765572
448,27.076583611559972
449,28.822552032295803
450,71.81879848021771
451,44.58597260992232
452,18.903965562762647
453,9.398326463686717
454,28.02461195208616
455,46.664234256461825
456,19.82009564461046
457,23.228622737534295
458,89.13978076017777
459,11.245441151692384
460,8.36155872845141
461,30.040053380917534
462,17.5231669248356
463,2.1512233459004935
464,28.1373743750561
465,12.290634651869137
466,66.41948645094406
467,67.47031941838969
468,46.08525219879281
469,19.61497874123092
470,34.617545014155695
471,93.71747275240259
472,3.2460044866891464
473,73.26695731594208
474,99.37887170090801
475,15.290565041324406
476,9.59473282737434
477,33.56094658172036
478,2.4061936005041886
479,33.64710106725655
480,28.568418656945664
481,27.60941892750469
482,10.35275369365944
483,100.15567413494932
484,8.876966354072323
485,36.54704472375292
486,11.926744318634158
487,8.079617703281855
488,6.353039158736346
489,15.511749758291536
490,39.052911402049205
491,23.688297442200657
492,39.14933830664836
493,26.59398830141946
494,18.757929252139746
495,41.27754491399386
496,39.20809237113363
497,30.218625747113947
498,10.450868871908924
499,16.491498373815844
500,20.09151134295773
501,13.779730342891074
502,53.49459248706819
503,33.53040487254219
504,63.1893544059847
505,11.215068008369808
506,41.250605403757994
507,21.89553314412992
508,3.855258791604438
509,84.25793062359186
510,3.8414171473588694
511,12.289698176157845
512,31.7047049041861
513,110.46980364061932
514,16.183560632777347
515,9.019996408309023
516,69.46458159617062
517,6.348041273663283
518,68.93387073979363
519,42.73085693140131
520,2.845253454619699
521,8.552002852362104
522,15.224129807269737
523,14.13232780138188
524,31.260531488434772
525,24.87754990158771
526,43.95775352904631
527,30.49492398505306
528,66.87819142520945
529,27.172548639100967
530,13.101495933801164
531,36.3728798941374
532,5.005106812600361
533,56.24675380653527
534,6.649764669312741
535,3.056749422906048
536,28.174612031007527
537,83.68085195130908
538,37.710506744511086
539,6.036095178050086
540,14.963379182648493
541,7.1105097466296705
542,19.108678436482204
543,5.469081202998711
544,24.69109301624942
545,61.89310119825417
546,16.38837389862208
547,15.269395105225334
548,40.06098431799094
549,12.579951554116262
550,11.591855429989321
551,9.449094879146784
552,10.378072675110714
553,52.82388865334608
554,55.954647803635396
555,25.813616961066163
556,32.73865060350803
557,17.11869568920423
558,59.97928451382949
559,21.369123441502968
560,7.6252637313294835
561,4.47960677103597
562,49.909266372821385
563,11.890093937633733
564,30.43677234048765
565,51.40334176424013
566,5.253920885021536
567,36.06917030882457
568,15.934474951397567
569,48.030935839795035
570,58.64718309397853
571,14.893239334379492
572,36.40593667778431
573,10.75712587975988
574,7.725222800683129
575,25.660559384549284
576,11.848459185192223
577,63.09004132962582
578,61.37479890273576
579,20.528867252511674
580,63.023740352426614
581,61.749304748451884
582,35.63980009148288
583,19.216561828298108
584,33.351315392834906
585,104.84198001889905
586,40.10496679318323
587,24.44745180570528
588,94.62298996539124
589,22.70962304876774
590,28.837802728300844
591,15.476267182973146
592,69.80206856404318
593,9.07927618626086
594,65.24462472190582
595,21.57623684982072
596,19.339513422042664
597,60.334715539696376
598,16.14743085325533
599,13.111964622505615
600,29.3171473504987
601,13.416321380352635
602,40.39209474792517
603,22.839780661930906
604,26.854445986986995
605,27.37546599189045
606,109.07764983108295
607,30.05527433638489
608,48.00266727429772
609,22.406918930312102
610,12.882353116582248
611,40.31313632293984
612,14.429992302941795
613,13.528933080632608
614,10.209231434631945
615,29.365819287422134
616,41.23786638752654
617,26.818325939722968
618,8.489813846050744
619,26.332985500855177
620,77.04441884781912
621,30.27273117799136
622,47.14990176374913
623,43.109391202255104
624,44.97867768984192
625,47.286143517304524
626,29.635109414093094
627,40.846381392844194
628,4.796063142403222
629,23.34418530586286
630,57.873163461101754
631,6.439631932519803
632,21.70854762675915
633,5.206541795190336
634,30.986504948115655
635,10.445623355198556
636,24.67094856460309
637,8.402788104292643
638,15.592893408336444
639,49.17897551415162
640,15.568617097351611
641,29.784357236930234
642,9.545739630588887
643,15.766156929001466
644,34.97632411668435
645,6.884231315169012
646,17.571985240080714
647,9.074572945690665
648,69.17881510246806
649,5.3698959373728234
650,79.50731123921571
651,49.376053568947135
652,5.217336652221755
653,58.60362401411119
654,2.6927481828678856
655,9.630150247805375
656,11.73488309841521
657,13.043014458300856
658,7.268900517740811
659,26.98817363051355
660,12.681014479873525
661,2.3816821240847443
662,3.5508581949330464
663,66.52527224494027
664,15.990197528012457
665,4.78874049650676
666,20.937403105311333
667,52.5123940670336
668,38.33465680767052
669,22.23074652427774
670,12.0600930124815
671,8.265694234578273
672,8.496617019133216
673,63.67909214471487
674,32.03768056859045
675,52.39149331905436
676,56.95570389793053
677,44.23596947210185
678,44.51441889037497
679,63.67871616594613
680,7.651802835223898
681,18.001833596186252
682,8.361623805908645
683,24.70423012396562
684,12.352431158054987
685,25.912595807920695
686,18.701216518390282
687,31.90436090388447
688,26.038728144940848
689,11.848151613280828
690,15.465559148879015
691,89.34432284465842
692,7.383429476367617
693,105.4509955449862
694,1.9481304441205558
695,36.068298141828365
696,9.665989115855306
697,76.61602247176191
698,89.16750918182714
699,74.04792746081584
700,25.112065859337555
701,1.9127080424127485
702,23.98743664860202
703,89.79180476573396
704,26.09081803940542
705,21.484072611774508
706,19.913435919826238
707,17.382562762925026
708,15.95491790196936
709,23.305865236412963
710,39.20077211526355
711,6.090268947481225
712,1.409346231811683
713,24.250687456232562
714,76.47218981583754
715,21.912193841766978
716,30.139487608353953
717,7.198724400779939
718,33.19274066212455
719,7.568667012511217
720,37.650424353662004
721,20.90199883608149
722,15.437733621593226
723,4.450533565603026
724,23.988033231784136
725,5.4983961589266634
726,8.815932260696627
727,32.3053708934619
728,28.72031435858586
729,20.463794786609306
730,22.098671880358022
731,11.693001345367723
732,42.99657797936723
733,21.36192562649358
734,15.601266795511718
735,8.8825295694799
736,22.701166579036048
737,83.76593245360142
738,28.50669754668305
739,11.721572660992859
740,13.013129807399741
741,3.012478556639739
742,49.15205836720999
743,30.298122948770818
744,21.24414081187912
745,16.8185779528688
746,12.801707236512724
747,12.351087081913208
748,20.739574416609415
749,47.25348750031644
750,11.111448786037862
751,7.107814889536199
752,36.77880979498502
753,65.04982904432806
754,24.750360013595895
755,37.31513633916081
756,18.162229023531314
757,8.373424361287043
758,8.077560998540266
759,18.436127350871395
760,75.56863444067656
761,43.70333206719988
762,27.542802595444165
763,39.820389172590076
764,8.61427567086518
765,46.40522478779024
766,23.02257853017755
767,35.80609153535822
768,11.123015795134869
769,24.681339090346164
770,7.34559952741871
771,19.62373278218102
772,11.454107218271362
773,26.54638347605292
774,41.93891114413751
775,29.136517166232515
776,8.307177843325002
777,59.35474071655576
778,13.085574984142156
779,9.882425853082257
780,14.584653085403378
781,4.447802713483144
782,64.02100697084563
783,69.10955496369476
784,30.47638171672511
785,36.88085457852087
786,43.774867409610444
787,56.200057441477796
788,7.081439661867704
789,14.666334985095233
790,13.90581960157503
791,30.51019155354776
792,4.921304640435345
793,70.39232891341929
794,3.6314391668744577
795,3.0140170917854316
796,94.85791951569183
797,26.006141778162167
798,31.69224787033088
799,8.791895581115654
800,3.3864235781282583
801,48.87639273315396
802,7.317279196078712
803,13.569454685648545
804,71.61692785016598
805,1.3541174160916656
806,32.61043556428588
807,33.89248695795825
808,43.32591352775734
809,7.503265081379525
810,21.027946847591053
811,14.846306439486135
812,11.988236897556892
813,2.7530116242815454
814,12.48372869183563
815,23.55079265776618
816,4.368829534344815
817,4.06228273250256
818,10.373279834295094
819,4.587314665906169
820,49.75032165803419
821,3.1663996531133236
822,18.987857277742837
823,11.973882876606542
824,28.631520643255037
825,6.679298328403739
826,29.13276810568589
827,8.088787687312237
828,17.322023551482513
829,30.426601982978035
830,32.258804187035906
831,12.911326454678658
832,3.434637250884652
833,81.42412917260337
834,36.19797867113986
835,13.287451130884765
836,32.2238347615705
837,40.86245215411499
838,73.72263480516297
839,13.87953256524115
840,11.583669614686356
841,18.13207212909128
842,5.151162262582695
843,1.7388619421562128
844,24.63976611707603
845,63.12238033598439
846,33.556045150614864
847,8.367812883213055
848,18.641429946549245
849,5.543683124437517
850,30.04206208037285
851,13.284383702743991
852,41.46462168229678
853,8.199455508000849
854,4.178642089213891
855,11.732836614640242
856,8.511884213906999
857,4.553653397328839
858,46.522811079840075
859,100.93465472280016
860,10.76972434506247
861,27.864287572600304
862,11.61584100440407
863,39.62050147213581
864,12.55330787302822
865,30.74317743267828
866,4.650283716566955
867,9.236620895408546
868,18.737181266421537
869,83.63303706248247
870,65.20044786629767
871,49.44883630219711
872,40.19699031800988
873,17.928083614626768
874,16.193998990967064
875,13.676576554545687
876,47.73881667235143
877,49.473204760621
878,49.63309347016958
879,69.71905999013214
880,16.83460268576169
881,15.965617818207717
882,30.689702052562687
883,9.792862831071986
884,3.5108762299379825
885,38.24478094635023
886,16.67105278939463
887,10.63619887544423
888,11.959299958574913
889,20.733686698129524
890,53.20794171287544
891,8.210102875377233
892,1.729703610933326
893,30.26761929087568
894,47.38277795938058
895,14.92620964271621
896,17.724012169886088
897,20.67127480846806
898,7.794990120841712
899,23.43547099494296
900,14.743179612220851
901,3.388864302374601
902,11.570353302027208
903,7.238862009772696
904,10.498459955065597
905,8.979744303378489
906,36.518053478292416
907,25.950205040624656
908,31.646890687346904
909,17.974701867908095
910,22.998313250804593
911,31.0609026806872
912,57.316177911793254
913,27.76122732743451
914,22.731067573884037
915,30.13997441949823
916,14.422881833628907
917,15.02408571678803
918,15.005503753704474
919,17.12070915857575
920,19.377444987687397
921,7.859013478860069
922,42.300884292328256
923,3.3053752125877054
924,47.470685420556315
925,4.41178283978677
926,11.093620922758689
927,27.65535592540205
928,62.55705158467725
929,27.626745792899722
930,55.52007668114305
931,49.40692912933146
932,12.117811034944538
933,14.564244099136246
934,41.26902131926155
935,19.460180442200173
936,5.11903439382583
937,3.3937895682798898
938,53.33159562784614
939,7.8753781273582515
940,38.936116644679316
941,5.255562949135596
942,25.223203980216024
943,8.509989014601887
944,19.32035032277591
945,44.27939507370369
946,34.66028285020591
947,38.28667227727574
948,13.121137603483792
949,9.439285475763711
950,5.140462568102473
951,40.959060420309534
952,2.565335470432349
953,56.7707371969413
954,1.749874288283723
955,17.41834426534822
956,6.114816345543398
957,24.402821669817087
958,50.57240685272065
959,54.83069293866277
960,16.342555978840366
961,3.9535129101873085
962,15.11849976634857
963,78.48205109475785
964,13.576202343089566
965,17.768090218145375
966,19.37719029293287
967,66.97011685153892
968,38.73140282015682
969,36.48945346918027
970,49.56340151705048
971,23.00244715688782
972,5.6269997248995995
973,21.96213198846608
974,61.03019701755102
975,13.936704812604804
976,4.620378209250184
977,9.77575104345468
978,18.316455399424722
979,3.1756979607936024
980,4.18570472562801
981,117.05742341071809
982,37.47226038677295
983,54.16276843128422
984,47.193080211387645
985,52.2486169530506
986,23.7881453827951
987,3.1843293152528287
988,36.3057041400636
989,22.110700206264006
990,44.986126296313884
991,64.5705493019522
992,6.027792675596602
993,7.727745765340593
994,5.770323018050183
995,3.1457120453010523
996,1.6842662581698569
997,22.490121938966166
998,83.0157468342101
999,18.713880948969308
1000,38.19806543249051
1001,10.320410916013987
1002,31.061398488612966
1003,15.577050363982185
1004,1.5154091782120207
1005,18.051260323150473
1006,19.280993076091143
1007,23.998841825875424
1008,16.43029827455998
1009,18.141990382118415
1010,9.351772550065643
1011,12.384347185654395
1012,62.09416749469723
1013,33.17580851962148
1014,14.01659478905048
1015,64.72977315590082
1016,97.52655144706699
1017,10.965357596271584
1018,6.228259966562129
1019,4.9192005117565945
1020,46.31094437946806
1021,3.03552259528458
1022,23.3967196556748
1023,7.918739251629837
1024,65.74790855717431
1025,16.627636763584203
1026,18.20010408363866
1027,19.73777824922102
1028,37.09449902274203
1029,102.81305881644522
1030,22.185535657272972
1031,4.998386203278126
1032,3.0554423404193294
1033,18.110513742113426
1034,3.522406188949448
1035,5.5623279878502805
1036,32.29334119684514
1037,21.75408751554654
1038,10.94350785219845
1039,29.00485187383889
1040,10.350723497649135
1041,21.781072200118395
1042,56.32379048876906
1043,43.59094338124096
1044,20.526550162066048
1045,75.50121293305901
1046,47.830515347230445
1047,26.14757321282246
1048,7.435549743483971
1049,9.139230148546476
1050,41.68214156886765
1051,40.94303570452941
1052,8.02387690927414
1053,2.2174507263251932
1054,47.64002166838665
1055,12.151000223903647
1056,14.789449554183374
1057,14.880943787678508
1058,66.52079760574141
1059,44.08671430859123
1060,19.16492973302928
1061,49.61598865513669
1062,29.73404986113679
1063,16.222419259127214
1064,5.398168835183373
1065,5.7646638273313755
1066,18.072529517824798
1067,43.42863408255818
1068,31.078119258281376
1069,49.155333112173984
1070,34.048587235864915
1071,15.19538690881619
1072,50.3116988903146
1073,47.035031600032156
1074,4.256601723357502
1075,9.266636353403428
1076,12.849912612165333
1077,35.28169605325402
1078,5.779389423279492
1079,14.333141119252971
1080,26.75891441623286
1081,9.34996423952882
1082,25.32531348384084
1083,5.084925222760069
1084,29.80302066847745
1085,27.29778682175355
1086,24.74878727967718
1087,1.983224222773201
1088,45.416398827282165
1089,17.580867515270917
1090,21.088367208532944
1091,80.89172263787114
1092,76.47608016372024
1093,6.31832082581188
1094,12.872890913771153
1095,16.36222993427814
1096,26.686241868824688
1097,31.69279188474987
1098,10.562852199760156
1099,28.403726862386037
1100,32.47294029500915
1101,28.189029618094715
1102,22.182526826988457
1103,15.11280087074229
1104,13.633990828504553
1105,34.157871205481214
1106,10.190460585103951
1107,7.134152412332927
1108,18.46338106685053
1109,27.818313629725044
1110,37.3025213265565
1111,7.691666086274192
1112,29.564960065076953
1113,64.46158658124844
1114,51.228592210963576
1115,110.76815282692357
1116,21.048914795324812
1117,36.37954992985802
1118,66.99743845132664
1119,119.56469701161646
1120,24.64005461254458
1121,37.848183073265275
1122,85.56907162293703
1123,7.917645029400475
1124,4.315927874923316
1125,4.9143995636580105
1126,7.786849222386759
1127,85.23818827820503
1128,3.8311976500698606
1129,34.70190513845825
1130,29.34046279226019
1131,15.045305148670089
1132,39.80883010608243
1133,39.51670138489696
1134,13.145699403788447
1135,86.59924078901264
1136,13.328749140335315
1137,14.822572363406797
1138,60.37463709224418
1139,22.640405335410513
1140,19.425760193452177
1141,58.574163666522104
1142,13.146023747486412
1143,9.193429690512122
1144,6.963228382287957
1145,6.109565448248951
1146,47.796891426804265
1147,25.044816539654637
1148,70.99077160151833
1149,33.249596556988294
1150,29.418603703678194
1151,28.33651443864793
1152,90.01162717592459
1153,4.854725831832242
1154,6.980061422870445
1155,24.843587541508427
1156,13.88925695471691
1157,7.306413301648679
1158,39.92087747718702
1159,47.3395844842982
1160,35.64377310508239
1161,51.81326878956425
1162,21.616217318015224
1163,48.545460119050574
1164,15.361083285591587
1165,82.60030257683452
1166,13.803215941981467
1167,20.87218621605918
1168,24.815024753690963
1169,10.637875658157483
1170,52.8083763951433
1171,12.183957248883214
1172,21.971814414941896
1173,19.436891943702
1174,39.966735553263895
1175,56.66975732674001
1176,19.705663416183626
1177,17.933490097834817
1178,35.43765096715661
1179,5.536149754745558
1180,17.62495556468621
1181,36.0010939876759
1182,8.326089371058835
1183,62.58144575633202
1184,5.788454792593897
1185,9.93655573245702
1186,28.07883525441154
1187,28.887635580877927
1188,18.34575216204789
1189,25.931230909186638
1190,19.367434911874092
1191,31.717311291174795
1192,31.61747338847453
1193,17.74208579107535
1194,18.938322172773184
1195,9.774591543414411
1196,39.461326314283696
1197,38.78168156221944
1198,14.564635543408594
1199,28.549234176405278
1200,46.809284661321676
1201,120.62897811230133
1202,16.582887004702737
1203,53.7291465507416
1204,6.860423717893227
1205,37.09092573530564
1206,20.31093509009322
1207,4.082088102271408
1208,5.635751347441193
1209,2.7906148177175383
1210,18.656111855853368
1211,56.56869390609577
1212,29.13536476120659
1213,13.422256670542481
1214,54.380120293906494
1215,8.650094901898703
1216,7.004934110538279
1217,20.482952730950423
1218,35.75053166999477
1219,59.45551012302122
1220,7.343269167881596
1221,63.23259853833767
1222,5.029322294315408
1223,24.613928405732874
1224,20.00142213967146
1225,5.799966148431813
1226,3.4563893622476343
1227,5.934648458849327
1228,34.50480323327892
1229,16.46072664498203
1230,27.067985025846287
1231,22.275893863103978
1232,16.736290211315342
1233,5.618268511105439
1234,57.37431449345157
1235,17.33442626135197
1236,22.428693159246016
1237,44.793165297387354
1238,75.08085666075586
1239,105.28669258147906
1240,6.116816942248684
1241,17.384912834653647
1242,67.83784280725853
1243,40.14692332766177
1244,24.2352733019099
1245,18.678581755973447
1246,23.77869698201988
1247,59.87916342984275
1248,19.07800605403037
1249,24.764394802213754
1250,4.277430077196836
1251,7.130417892353483
1252,75.60180542451947
1253,5.509653929537182
1254,14.92310116256011
1255,3.9396030109067377
1256,5.355482175908865
1257,19.33303445987943
1258,27.939718675522716
1259,51.546121945478845
1260,4.9862128943612225
1261,24.435511718553172
1262,20.84894529223297
1263,44.04103566197842
1264,18.52193869427625
1265,10.967683871082052
1266,75.31505912882315
1267,11.089506001982157
1268,37.56215927017576
1269,9.712652878681881
1270,30.36398867982937
1271,12.271471892733834
1272,16.83678249598949
1273,7.774086394676715
1274,48.56184216219508
1275,30.48823039495351
1276,30.46898258387929
1277,55.072563469543844
1278,9.657746399096835
1279,8.618380293977538
1280,38.867511403621876
1281,12.383914729534792
1282,35.13006788871035
1283,15.739915789309592
1284,78.83270101165718
1285,116.13664411569357
1286,12.279133722834532
1287,50.645413062962064
1288,9.524895055893428
1289,20.413483778566498
1290,6.347884164501022
1291,5.165628302534042
1292,47.60585118368029
1293,21.94042801357333
1294,16.079409211344146
1295,58.31994286089824
1296,33.6265667526241
1297,12.652950374402078
1298,6.355758157250066
1299,7.632766597183458
1300,8.100395562587986
1301,16.561519665918023
1302,3.968460975151695
1303,13.331141814736242
1304,8.2195964230354
1305,23.254017850718178
1306,59.51710544603228
1307,6.683255916510819
1308,29.95934178149237
1309,36.43111152352445
1310,43.900947777779464
1311,12.013914882837298
1312,31.411456319885204
1313,9.94958196279779
1314,14.930059068712964
1315,31.484923019303153
1316,47.86427571137568
1317,67.75914333819907
1318,52.84354002915796
1319,19.180508150220888
1320,19.64362288169201
1321,14.881063879233128
1322,16.445027963545854
1323,4.976325382359995
1324,21.299258668174325
1325,9.9319446528562
1326,27.046671081883684
1327,4.280825557176387
1328,10.198370359074023
1329,1.5348281753186266
1330,39.170823366886495
1331,55.461781385887015
1332,9.15673419964145
1333,19.562182806234475
1334,56.23676024560336
1335,56.20674592502811
1336,11.256321630392755
1337,5.270059538577284
1338,28.20359725930807
1339,8.073353947043751
1340,7.535896750156613
1341,19.574656964970462
1342,5.205605316871242
1343,33.662585687912795
1344,13.458500725926372
1345,7.913986442857993
1346,54.65423008396948
1347,9.884770214712354
1348,5.662003059669319
1349,11.595949247271331
1350,13.977539345274053
1351,73.15216254789277
1352,3.9247606964346016
1353,38.18499493949436
1354,24.950075829860175
1355,16.554555713571045
1356,22.769110325765624
1357,23.61687567545745
1358,73.27111617207325
1359,7.629949811087746
1360,18.71073856714699
1361,9.983412446164204
1362,62.09408185517344
1363,32.710619427305026
1364,46.02667151832094
1365,11.444541007896145
1366,11.092278196584223
1367,7.3114810482125465
1368,26.478775694282106
1369,5.277351584852991
1370,30.80198074499932
1371,17.096780066847366
1372,11.003885285347035
1373,5.510097142900648
1374,58.70817125782686
1375,2.6615841722584417
1376,37.46568086528975
1377,35.17277589324931
1378,11.56548388103096
1379,17.531826131165577
1380,13.06138438481948
1381,5.8463031298733315
1382,39.521944493004966
1383,15.932049508327617
1384,28.66129795474825
1385,20.662457563205265
1386,29.633363401425395
1387,6.752586398261041
1388,10.317380456095568
1389,10.21959142762594
1390,42.74042778953354
1391,78.6576983974745
1392,26.40811005587872
1393,26.373505613441033
1394,12.008290450114353
1395,21.204791281219144
1396,8.084968913533022
1397,14.844459816681443
1398,30.68167842832578
1399,21.644792135748354
1400,33.616351585222446
1401,24.738935960383944
1402,78.0202896956658
1403,53.485058982809015
1404,20.082819235171996
1405,5.972914269603319
1406,11.580612212664844
1407,16.713555399150273
1408,10.092287848323442
1409,40.442269064843074
1410,37.88639673724872
1411,9.699148066588226
1412,21.218405816552604
1413,24.541758860104334
1414,5.788979203324394
1415,54.88200349341963
1416,9.495838862655784
1417,5.584949846960921
1418,57.734965364263395
1419,13.46570963206091
1420,9.913075278709647
1421,78.82075465762529
1422,52.350209380175286
1423,5.141042648455058
1424,80.30272216437952
1425,39.7249146281407
1426,6.53826186726806
1427,18.547637366271243
1428,21.72912469348579
1429,44.96659527687774
1430,70.0563627027739
1431,51.37885012163471
1432,62.977053541742606
1433,31.298588446886814
1434,7.163915145305223
1435,16.70948577624482
1436,20.18671603104335
1437,12.151514836570009
1438,25.870567192209123
1439,48.90635522613399
1440,21.527218812284012
1441,5.904857309822951
1442,36.15708509768393
1443,8.12445443882801
1444,24.009154521454843
1445,110.24706559131617
1446,3.588285156919451
1447,8.528862982616848
1448,8.852673668074065
1449,26.202750464112256
1450,73.67041410402567
1451,1.909331711871912
1452,19.2007927522138
1453,17.5510033711738
1454,28.86262329860977
1455,66.99717653152857
1456,76.78732560179546
1457,21.084123578104133
1458,8.040317619688054
1459,33.845834619438484
1460,18.23035583010628
1461,24.388819781379546
1462,39.78133202126091
1463,2.296983542911769
1464,41.56365508590562
1465,10.807897184291766
1466,16.29255216219222
1467,17.17146827781501
1468,27.488372458664234
1469,6.752414825622218
1470,32.62275446937163
1471,27.42379044901608
1472,17.58363476338978
1473,32.23565309224542
1474,15.589557286466079
1475,3.3970379736991463
1476,11.08227379332015
1477,42.43541213958482
1478,11.033738244169436
1479,2.8142196423570196
1480,15.422808720055425
1481,37.62958175840196
1482,81.6706833217549
1483,34.81156737564645
1484,5.190008258530925
1485,50.79200219579259
1486,26.23686968204914
1487,2.9687228525061844
1488,10.639562338265666
1489,37.06412621632444
1490,9.058153880067298
1491,17.702598117812713
1492,30.238314669865467
1493,16.158573147664814
1494,31.442136319788535
1495,27.701927286534406
1496,40.48746812529717
1497,17.57569645253274
1498,28.315460588355897
1499,30.453033015403662
1500,30.93625120302904
1501,47.59293376015765
1502,46.231401568345724
1503,109.0047042568443
1504,31.122277286515626
1505,6.793205722157058
1506,58.82899162861756
1507,13.565645538075199
1508,40.578713454294146
1509,16.00236006591357
1510,39.04290251007608
1511,37.42109893427933
1512,42.809844960471395
1513,33.35091350688822
1514,68.68702606004312
1515,11.120208731943617
1516,28.245025450222876
1517,3.6727322801502242
1518,41.0298782554566
1519,10.477961235654167
1520,14.880294144199224
1521,26.177554641124757
1522,36.519178426045194
1523,26.645067830024566
1524,62.57157675969647
1525,11.989363884806515
1526,5.478651978618791
1527,70.0811414340521
1528,34.16392385930722
1529,9.074673707605156
1530,32.609676024339635
1531,25.085529656119956
1532,41.438600455833814
1533,6.089920503639661
1534,26.503026769936934
1535,12.436956961277186
1536,7.904590351660589
1537,48.029344428765654
1538,20.015596199163223
1539,36.046721971433456
1540,51.741416480458184
1541,16.33808171281285
1542,6.306085303515818
1543,12.473966824075617
1544,8.28855676737043
1545,18.08732033724079
1546,54.660715858340055
1547,14.52595268020635
1548,18.87068686422269
1549,11.367913549298418
1550,17.017212709476674
1551,3.462128398869995
1552,25.7331936036529
1553,9.731179366629297
1554,5.054968104093467
1555,3.8591316435051506
1556,29.585321510052417
1557,62.03917570298465
1558,12.055828729981734
1559,21.090144539231346
1560,26.597115306424584
1561,42.25610927734826
1562,26.880492555451788
1563,33.191411385891875
1564,61.37214083298926
1565,96.57302254228756
1566,2.917399160996907
1567,14.526645710389943
1568,21.803877965845093
1569,2.5170882632358653
1570,7.441979886160427
1571,22.72654719976455
1572,12.573636618767612
1573,3.4080272183480766
1574,6.3337944746115244
1575,35.60312415592888
1576,7.879217308708798
1577,10.954541405700677
1578,70.58294741968201
1579,9.445122813951901
1580,26.85782281872055
1581,44.22927844394387
1582,20.851985207261876
1583,22.94554011010382
1584,11.090831434182837
1585,12.578604115305469
1586,21.877263307041275
1587,24.699467288814066
1588,25.952918938813315
1589,48.75079731381143
1590,34.79240530003844
1591,36.13155608361984
1592,7.963227510399221
1593,33.35904991791013
1594,9.10678119533617
1595,27.822328056119
1596,37.18951607994272
1597,3.665812997085065
1598,35.98160299809337
1599,109.74931601973029
1600,7.012771683321164
1601,16.820706688587915
1602,7.65184308704972
1603,25.310793731047553
1604,53.10234713584872
1605,22.89941080825795
1606,15.907526861022744
1607,75.69253642720633
1608,28.93542768943434
1609,12.371057591514056
1610,15.522055927944006
1611,27.12996056499675
1612,33.29825003208964
1613,4.300312631630177
1614,6.310034447769294
1615,8.969811672872476
1616,33.22246901985077
1617,5.338904399820329
1618,31.42143192057134
1619,15.062711577488468
1620,22.068406682268932
1621,56.839742766906475
1622,63.60397273128426
1623,12.301326168409064
1624,30.69642569266431
1625,17.670825985117094
1626,28.864469263152653
1627,53.71796961783762
1628,8.46159408666921
1629,34.76581947270573
1630,43.45136544545566
1631,24.060132923466597
1632,68.46237965098547
1633,62.103069516812894
1634,29.48273748446946
1635,64.3836297939514
1636,84.7924968025477
1637,24.53690561572406
1638,11.467571540606711
1639,6.879472807823431
1640,40.57890217598869
1641,24.788999981726683
1642,14.698260827322512
1643,63.59510025376072
1644,24.00382207091802
1645,92.24562990228125
1646,41.21039395434836
1647,30.45705020029447
1648,9.17941502567746
1649,29.492053719955827
1650,78.10299456935317
1651,7.906709987866648
1652,6.4333765283015305
1653,15.350980894259282
1654,24.097399297026964
1655,51.762137859643474
1656,53.7007395969856
1657,42.22410972367774
1658,54.092361328534075
1659,59.62733757880372
1660,22.23683777692054
1661,5.242162047845113
1662,5.971968784027638
1663,1.13193540827804
1664,51.10920716660701
1665,86.46051888729646
1666,9.1394558457283
1667,37.817824585851405
1668,56.83947069461247
1669,101.74355793916091
1670,19.301673428348625
1671,93.785839493786
1672,6.059402536490319
1673,48.135531726940734
1674,14.22077308484096
1675,26.81366513737585
1676,10.43740110539737
1677,1.6764588709596926
1678,7.947119893333064
1679,58.26629436951245
1680,8.556213380644298
1681,116.41839152115361
1682,17.76349034470679
1683,19.076093051770375
1684,6.979274195777728
1685,18.939981355531735
1686,2.1729232450381635
1687,2.411410474188945
1688,2.4452259619984997
1689,21.263036190153183
1690,17.759309461828963
1691,79.96487289326825
1692,43.79382389705188
1693,44.067725475870354
1694,48.58109162760251
1695,16.63266944683702
1696,29.695092176112027
1697,24.037455763107452
1698,3.425736862000686
1699,27.95946480731091
1700,52.77124096680828
1701,34.87862608213793
1702,24.446135554797493
1703,32.63862644246152
1704,38.976447297843876
1705,19.886893979888242
1706,22.352963259567773
1707,13.506209287096347
1708,24.6455477928494
1709,28.135406093715435
1710,47.313472613251314
1711,31.023077087728566
1712,27.634595661465845
1713,51.67895726346949
1714,5.347618619175882
1715,67.72787880780076
1716,46.87440977685253
1717,17.989413014067214
1718,14.833700593780238
1719,7.323379535402276
1720,6.577349515050477
1721,4.000305424451591
1722,12.960915416529458
1723,4.70685320446654
1724,12.597444218996948
1725,27.774698129858287
1726,23.283973809987927
1727,7.112398316478164
1728,19.04312234756011
1729,8.518650230987692
1730,67.57734803961927
1731,37.64782406407977
1732,18.841658215611208
1733,27.385879499141524
1734,5.438732508757213
1735,42.38392548084368
1736,5.73004639490728
1737,37.90456282174647
1738,14.140709179147393
1739,57.644144108697226
1740,21.50854798799615
1741,63.263551113458774
1742,9.141069535349398
1743,30.001330030464047
1744,25.289923691747898
1745,11.292978416277165
1746,9.482503794969148
1747,12.895538948380674
1748,32.25402949665047
1749,3.214465973499169
1750,5.462755913237389
1751,1.3491120229670057
1752,10.25354552234527
1753,56.93510063290609
1754,36.48384376982562
1755,24.671891233754152
1756,5.266721371858877
1757,12.991127669872665
1758,31.026616580906186
1759,2.909900472113585
1760,17.374776299739985
1761,7.764880983761659
1762,40.38420066335071
1763,13.629182486715148
1764,23.0439720161923
1765,32.85538261187311
1766,20.498564619885396
1767,14.638310067887485
1768,22.724535635580118
1769,8.496320371361408
1770,19.197437256531902
1771,16.325371053950796
1772,53.22049988164136
1773,2.406738911711689
1774,7.168648210943746
1775,75.92687537272867
1776,10.221118026954688
1777,94.07047830370516
1778,71.74489059274188
1779,47.40623479161567
1780,85.25721203649938
1781,43.15426854799158
1782,45.7619433906872
1783,14.263870708814752
1784,19.714229779712955
1785,21.052835977695516
1786,29.150731278838414
1787,74.92997408099708
1788,13.528271458298478
1789,8.614229196469827
1790,46.33120722464116
1791,39.613286100556195
1792,17.331530064101692
1793,23.931563888426208
1794,23.3674858631554
1795,14.921356704733007
1796,51.5038112561722
1797,32.625139496618154
1798,16.743264015439152
1799,9.865895962169771
1800,6.688609494303977
1801,51.68521426688409
1802,15.121458233398108
1803,27.271549842414082
1804,12.740956637486514
1805,21.43240354978402
1806,18.21777777697169
1807,3.0769406947683766
1808,51.88782287489719
1809,11.476212055340858
1810,35.70622824823867
1811,30.21545684669301
1812,12.445655379942188
1813,25.927935493555726
1814,3.979248077038954
1815,14.676149768966791
1816,15.781597238806537
1817,45.94716734884027
1818,27.886443466273462
1819,4.057391243636581
1820,51.11971983750607
1821,11.671161899308611
1822,47.82430504371383
1823,7.257724351773451
1824,48.5934756519312
1825,13.772599501208472
1826,34.5623660813732
1827,44.828874438601716
1828,42.39435185630048
1829,11.469390889428162
1830,26.224344727660938
1831,29.197685813239943
1832,12.122981151755797
1833,31.949860901459807
1834,34.47823440144984
1835,7.32417135671761
1836,65.1815792197584
1837,3.261591390789839
1838,14.848404034327721
1839,50.86240683352027
1840,4.883661505886832
1841,6.328389025691137
1842,27.917625737683316
1843,24.180687346253237
1844,49.0540230762314
1845,27.402883265383537
1846,3.3057514238588346
1847,18.103984665596293
1848,16.30338912122013
1849,14.523799690798668
1850,31.070641085785496
1851,54.934979649411254
1852,60.33058781753634
1853,23.719108275138264
1854,28.165315528646868
1855,12.619162733691091
1856,67.13036816696363
1857,14.70328575329027
1858,18.106899262633426
1859,24.186388818197283
1860,49.18513131005636
1861,7.032150540034466
1862,43.4799314541364
1863,9.60680098102103
1864,40.732073515797
1865,10.826780567434616
1866,3.999525596212851
1867,12.092988348172163
1868,56.15154322436216
1869,32.82067797332623
1870,7.446167789798035
1871,4.4746850925740995
1872,35.92452147132299
1873,24.359366389879412
1874,13.191893010421541
1875,26.88004082639892
1876,20.978867206725376
1877,21.844146483880518
1878,12.631563393279405
1879,24.685767805500987
1880,30.184002081307085
1881,52.38484976496247
1882,55.98981610530966
1883,39.23401197026558
1884,31.488125382470244
1885,46.283317285085324
1886,22.377690905294216
1887,32.50101620244752
1888,11.655571896690624
1889,15.739214812276462
1890,20.716179871694468
1891,3.666350096006498
1892,11.796905107934176
1893,23.259307105582977
1894,55.994543776155055
1895,30.582728186490748
1896,20.578519381362117
1897,36.06900272148657
1898,35.49620476556321
1899,2.6816002733679465
1900,66.26624260470928
1901,33.385367550605956
1902,40.046521606310094
1903,79.7160189181204
1904,27.6238601330908
1905,41.24689280925165
1906,33.370747091256696
1907,72.66771643543336
1908,21.193015173402912
1909,45.79483933846104
1910,43.94841167379912
1911,75.57567443606305
1912,31.133626625688365
1913,15.246430969949827
1914,20.242399370922534
1915,18.629933605678303
1916,18.1566006985296
1917,63.9294999585721
1918,16.608487429295735
1919,4.312467876801795
1920,33.97940076747504
1921,6.512836522006877
1922,22.005563543401777
1923,35.538573310629886
1924,11.955417966302747
1925,104.78283520855473
1926,48.226785138362075
1927,76.28627466416998
1928,46.318566309980575
1929,16.485077825200875
1930,35.68425645818099
1931,57.028106489181226
1932,57.084470513631814
1933,32.100311253206634
1934,7.0113785190986135
1935,27.35386633867226
1936,64.91527926733734
1937,10.7879620627147
1938,43.389040651534735
1939,3.6970950728794296
1940,15.579723686265186
1941,66.86082417691023
1942,46.78701078824348
1943,3.28446613329389
1944,13.251188340666907
1945,16.117290519906312
1946,2.8969275060301305
1947,50.85829999400031
1948,62.240722448441545
1949,44.609901423311705
1950,29.892991159484446
1951,16.82798344716686
1952,80.3431951304749
1953,7.424042132183971
1954,57.382553473597405
1955,36.341360497190976
1956,9.002107557428443
1957,16.174913494213115
1958,75.74714975966464
1959,17.750718522851667
1960,8.542017737940148
1961,45.48669305683697
1962,73.83600517033257
1963,41.916622002101526
1964,39.46963864009321
1965,6.102000985128933
1966,5.151809700874971
1967,39.47727879039664
1968,25.792114075936873
1969,55.64013015759717
1970,83.4179701812721
1971,23.912469997800695
1972,75.98527206579598
1973,12.32618309532003
1974,31.588042639615352
1975,46.917660728474566
1976,36.7064464358133
1977,21.06932941216765
1978,19.338111924096502
1979,11.848479041273272
1980,59.87234124028476
1981,30.672030977961025
1982,18.960479046842263
1983,44.46973687339701
1984,54.55733260555728
1985,2.3883655696666333
1986,21.4349386102039
1987,33.748908507167215
1988,12.6599077103025
1989,45.164557166050706
1990,8.50732694130212
1991,27.685695644569616
1992,16.5529905853681
1993,18.894758723814647
1994,57.65820633148478
1995,5.211016728312959
1996,9.732347744834213
1997,26.239407823468124
1998,28.065841819820438
1999,11.469979372008087
2000,45.59446545745715
2001,57.93704304959911
2002,33.94906748404744
2003,101.6740391223337
2004,28.41459542720925
2005,5.9191723101894285
2006,8.596047734747495
2007,15.854137272961456
2008,4.370059321450236
2009,23.55988199498251
2010,55.072753547529885
2011,2.6574205993075783
2012,36.32605990730033
2013,10.494338278904364
2014,62.35572719229111
2015,59.131777970915735
2016,29.416585174000005
2017,18.12666003690073
2018,6.575465684804005
2019,38.4548255953617
2020,55.9102395402918
2021,2.379031914220402
2022,18.840229487227116
2023,42.08658881576257
2024,43.34775066548967
2025,12.68665438089409
2026,98.23759671231247
2027,18.672046638781545
2028,18.834502925770604
2029,15.155765824318568
2030,30.77254730248151
2031,7.461792451786877
2032,23.472715961255844
2033,32.03844751305904
2034,45.32049897978304
2035,30.775792381793813
2036,7.2921223615509065
2037,19.108528484210254
2038,74.26271941575621
2039,18.882960839510325
2040,36.63976014519499
2041,29.32708514908239
2042,10.161298949343207
2043,5.8104536782683995
2044,25.023552067215075
2045,36.07638635592562
2046,34.1553696008602
2047,22.27094610126524
2048,71.85665504575181
2049,21.871870710192933
2050,43.628099830280625
2051,14.130925510887625
2052,6.530598590732094
2053,13.417604260707375
2054,8.747745608356293
2055,56.65334179579743
2056,6.567733052303044
2057,37.86972652911087
2058,10.435071024528973
2059,7.581317037471392
2060,43.994479293019225
2061,117.6915990003679
2062,22.42844810570852
2063,64.34511337826822
2064,64.34301112271908
2065,90.17319696531172
2066,18.488903210120387
2067,5.004516782049697
2068,1.7939240458797898
2069,51.596836936391114
2070,3.9110574106551232
2071,62.52158297925797
2072,78.98833682250566
2073,8.09208700174468
2074,31.567960830862187
2075,6.947763509434153
2076,32.50109891290095
2077,16.8274597469033
2078,38.63802141848883
2079,26.815718193762322
2080,8.14459936767052
2081,18.227269719688568
2082,26.424166914237006
2083,45.13925298807061
2084,58.46756501840492
2085,28.66016211110675
2086,8.416618277338856
2087,4.751722123365437
2088,4.869882247405409
2089,36.33627946700132
2090,6.638710687243462
2091,54.80884519471587
2092,9.916634989038336
2093,22.7747581195393
2094,30.860751831135687
2095,17.111098976739804
2096,34.78390022599717
2097,63.71588677385721
2098,11.442921880463222
2099,9.71352079962276
2100,23.02039134421225
2101,32.140742703205404
2102,27.902408219093694
2103,11.383071158101211
2104,8.706772578043758
2105,29.910543639152745
2106,10.369007715401942
2107,13.10564817841655
2108,5.479114236948405
2109,31.056843349656383
2110,9.127412135204219
2111,9.002581893093808
2112,4.19121023651103
2113,4.035786363339316
2114,21.714111767250948
2115,26.141263312838603
2116,1.6042597565000156
2117,7.773535577838362
2118,12.107974590100845
2119,20.735056590885026
2120,31.886512022896735
2121,3.1571056206975263
2122,45.474448030867634
2123,56.37706530069995
2124,21.6886898630232
2125,50.75749321632
2126,41.39354525198344
2127,25.72217411274567
2128,49.8220020619145
2129,23.164380543215312
2130,13.766044458174512
2131,27.58030099518929
2132,53.0514231498979
2133,17.449043747259303
2134,5.231675476098094
2135,15.00581589517074
2136,12.884724523408785
2137,5.195256119199227
2138,12.929571537761221
2139,14.162992606282579
2140,36.5530252820511
2141,15.84216628773679
2142,11.530613947315734
2143,15.732147370180384
2144,35.24476372560303
2145,28.62635742075262
2146,16.657691936660434
2147,57.649018858678645
2148,21.566840420060863
2149,11.274851446596745
2150,58.543801194595595
2151,87.34112835036132
2152,56.809965272517125
2153,20.55440270454821
2154,26.577373667669047
2155,6.807233393663278
2156,7.682926706236473
2157,46.95175008677789
2158,17.10747665478446
2159,107.47667257874562
2160,55.09772252321903
2161,40.68864715005262
2162,26.709833465620022
2163,50.54943786678015
2164,62.432270300312396
2165,46.46162376692415
2166,10.307257795928233
2167,14.895423796256013
2168,30.62603550049077
2169,17.555937858959023
2170,36.147165617456075
2171,43.10703556895251
2172,48.61158127632516
2173,45.36701607597047
2174,11.61416121590274
2175,59.6570611364099
2176,14.117556069436846
2177,40.02172955449939
2178,1.945275810564968
2179,3.077331915870529
2180,35.80727352902135
2181,20.070806018148772
2182,26.984958659808377
2183,12.295188952668827
2184,44.30574832037991
2185,17.012080701941603
2186,1.849478534295931
2187,11.552696367519358
2188,18.07982630872339
2189,19.481987550313686
2190,13.694317100494814
2191,18.445136863970767
2192,63.05702274024697
2193,6.615542325269019
2194,2.863116833104425
2195,29.239785120731202
2196,27.906983843388577
2197,17.862337349287376
2198,9.504509976491292
2199,24.690773255439037
2200,12.21992281232337
2201,18.140258244587958
2202,24.77723061152773
2203,15.628996410760498
2204,2.335497136401039
2205,24.220961923542575
2206,49.57219196998187
2207,20.558311627369775
2208,32.31814992513618
2209,30.742988725918106
2210,50.08892104984987
2211,31.09498261072937
2212,8.302437302448553
2213,11.44891458497527
2214,11.75429200488901
2215,22.897975189215728
2216,25.784669660591852
2217,23.93701472232114
2218,28.090606888222002
2219,65.92910281568615
2220,21.963850626662026
2221,32.27555093856721
2222,21.18770667229957
2223,7.378022312125945
2224,38.17362486031884
2225,11.003649809941074
2226,36.930456007040135
2227,43.925749282604656
2228,17.534894930405525
2229,15.857462910948705
2230,10.817035711385
2231,13.440535096285164
2232,7.2593965690402085
2233,9.528909305668465
2234,7.724247853836698
2235,4.501273568166427
2236,61.177718322048214
2237,85.62056540597831
2238,40.28549638687224
2239,13.335428095897704
2240,2.44296764669407
2241,12.10023381418022
2242,14.771201859701602
2243,34.74281440463051
2244,19.657789912927704
2245,9.389676775885517
2246,28.08901555255948
2247,53.75415058131629
2248,71.69744101307244
2249,36.092486456799534
2250,43.6335111238574
2251,2.602736753793799
2252,15.421358258845345
2253,33.482160711771215
2254,16.541822635369858
2255,13.522780315862658
2256,76.97437636822916
2257,20.913797905826243
2258,44.04663517836262
2259,8.193302125222717
2260,9.153427606093706
2261,24.17823560261074
2262,18.636194955397343
2263,49.12603454668624
2264,21.26042673656952
2265,13.68660618247447
2266,8.394761211739215
2267,40.50584379085531
2268,17.467536658087123
2269,12.214993199293124
2270,4.477102948731246
2271,61.74436536559956
2272,30.21505748593225
2273,13.404812089062544
2274,37.86247305795324
2275,12.615883606327966
2276,2.6667664871018633
2277,9.178779574807443
2278,25.10788502144004
2279,46.51607332941282
2280,6.869684730277105
2281,16.63999744814725
2282,43.07931827837325
2283,12.94089419736928
2284,3.0325528209706727
2285,26.01110890182056
2286,24.147123597052193
2287,15.10450125859294
2288,40.47482925847132
2289,13.467260535276893
2290,21.181464155056027
2291,13.751993064184852
2292,6.911124675138605
2293,16.480665290900284
2294,26.333144561034015
2295,70.01376210512215
2296,4.067643291437551
2297,24.961512342493428
2298,4.101805663005674
2299,18.418995340003054
2300,12.431499061094259
2301,22.86492492482977
2302,22.488224491856183
2303,16.169874730278735
2304,52.912055933967316
2305,32.27424507299082
2306,15.584031634780498
2307,57.44356265425585
2308,70.75420397868443
2309,32.561656892007775
2310,44.11977265921756
2311,6.403560073938401
2312,7.581734439343165
2313,63.34301745199617
2314,12.862696915150487
2315,3.5404782191682793
2316,6.582361901530111
2317,10.180966009889037
2318,43.18697925076201
2319,69.35546681357665
2320,13.212472290209009
2321,1.4339207561066873
2322,77.29798346650563
2323,6.346923649789667
2324,10.679905664202256
2325,39.53887035515824
2326,42.12812066740166
2327,20.930184728851774
2328,11.07427254483776
2329,9.554741689402968
2330,26.932742686732357
2331,45.662417953402866
2332,6.614140522836692
2333,33.982865978183625
2334,44.87519373537917
2335,42.21751612887519
2336,15.233509686860192
2337,28.651821613454047
2338,57.06609681874986
2339,27.20328523918794
2340,44.93008287498793
2341,26.140644182765854
2342,4.444477503253765
2343,3.4824708447719837
2344,47.88406945160804
2345,125.57126647433863
2346,58.606614027585856
2347,42.375439596292836
2348,33.01994760223984
2349,2.4067289502677442
2350,26.12572673322694
2351,15.90508826990116
2352,11.600144724715639
2353,56.5452640220947
2354,64.23797780350043
2355,21.805772269211094
2356,22.525829925108955
2357,5.016907608179288
2358,58.329770359104174
2359,16.43370222405067
2360,37.25474869931205
2361,18.638536216663137
2362,21.086158317038567
2363,24.354253868437986
2364,15.97163673119802
2365,13.028418299333158
2366,34.471283096629435
2367,24.645324633590317
2368,15.772968011751262
2369,47.49025686499911
2370,9.266405065347303
2371,10.474754754001818
2372,17.212103519595274
2373,20.28003487982667
2374,89.05338382030634
2375,23.902666317928215
2376,29.12735969515817
2377,4.886561128329536
2378,15.325896539525235
2379,29.532520625644352
2380,37.096886030270554
2381,12.390770059485842
2382,8.636397831231042
2383,88.66704772701625
2384,42.494784442998295
2385,5.745943641023953
2386,99.60527928816327
2387,47.8335323526381
2388,43.768711435955986
2389,18.503352887824764
2390,13.377151700250131
2391,39.05757003725207
2392,3.79351708956904
2393,8.722886680349838
2394,8.59064109474024
2395,10.063882307382435
2396,21.8717463970006
2397,30.814750986004764
2398,11.951166614482867
2399,38.344748357376936
2400,42.01319407000875
2401,27.903175050927306
2402,14.099293762184574
2403,45.22117588659986
2404,50.90512854650226
2405,16.92290889535105
2406,23.86877378423987
2407,10.381627799227031
2408,16.71260213370606
2409,44.67049085791193
2410,15.441650408962218
2411,20.63344853224683
2412,1.3932442076321379
2413,69.44891314557715
2414,46.00619848129282
2415,30.819444305919177
2416,31.28323775146167
2417,33.273239551364924
2418,7.145774054895607
2419,88.25098290996877
2420,2.2428037911615966
2421,15.512403858346355
2422,15.741528672394637
2423,6.759828595375732
2424,29.184925198411975
2425,7.95627175757686
2426,29.312176209177736
2427,17.100891000147847
2428,14.92469381352591
2429,47.92992831166309
2430,13.640932118671087
2431,51.1173663871803
2432,26.627378316995973
2433,11.365468325985033
2434,55.79277438092085
2435,64.15646638282453
2436,44.28041835474596
2437,2.102156795155382
2438,13.657491080517971
2439,43.913328635333556
2440,5.5871814807324425
2441,47.87458189320451
2442,2.4594535977237344
2443,30.288304097398047
2444,8.082180040263497
2445,26.811821466019616
2446,9.161475163465422
2447,17.179981316200127
2448,57.84292208087591
2449,18.845880308294724
2450,40.39039893380395
2451,8.0318086290476
2452,46.330322905033896
2453,48.91603773969146
2454,5.767600399170472
2455,6.328841016631426
2456,41.23584086464824
2457,25.934160133805328
2458,21.58477797535222
2459,48.51072898214173
2460,33.840471448771694
2461,22.03283623168254
2462,15.225864009520238
2463,6.777525914649731
2464,21.62296702209882
2465,10.608682479786797
2466,67.40267365669303
2467,2.875214770985791
2468,28.073643803943646
2469,6.9885952987400835
2470,65.12370577354591
2471,11.984738309722358
2472,29.409886952017963
2473,22.894661876800377
2474,8.860426956455775
2475,65.50341877815863
2476,13.469459767142876
2477,45.51741616179703
2478,57.47766737746188
2479,88.4844943274727
2480,39.26833159604604
2481,4.883711292567119
2482,42.867846025177755
2483,16.25660986579894
2484,30.000740341031864
2485,47.82362906876631
2486,7.347880666400732
2487,102.64667195483548
2488,3.9601602076408113
2489,7.048852057250619
2490,10.649414900155993
2491,101.44669582855448
2492,11.003820161639721
2493,23.874111444301587
2494,11.204866787445228
2495,6.216871284775785
2496,2.4145048631365276
2497,7.259237035793587
2498,24.438398989922927
2499,1.8064423878376477
2500,23.545327368193895
2501,28.186920362061002
2502,7.50117703097706
2503,14.690078850446039
2504,43.58792628609413
2505,85.10805315122903
2506,6.049528674209255
2507,101.93404727389478
2508,25.263662370927857
2509,28.471905310351573
2510,43.76527906871472
2511,48.6638672038145
2512,76.17550614885843
2513,38.423850754898524
2514,29.389245708788565
2515,48.534401786764896
2516,6.774563216805698
2517,39.873670786076175
2518,103.92993226532612
2519,28.190657807182472
2520,53.01948439553571
2521,15.524520437526176
2522,10.696316211545874
2523,4.282674239471241
2524,42.720338460456034
2525,20.382852145114022
2526,22.853842369115277
2527,28.894223411600464
2528,14.490460972364117
2529,7.447348207258441
2530,4.234919688387546
2531,19.00258615184392
2532,6.258407202315694
2533,63.97757403973341
2534,46.599144814738445
2535,41.977466844254586
2536,39.94888296550931
2537,22.415421613970175
2538,15.739940855656885
2539,37.1450961651322
2540,19.616690744623295
2541,46.83334877173016
2542,51.34579750245625
2543,85.79452421454215
2544,35.34484685222387
2545,30.88933549770136
2546,37.86986714511821
2547,28.686418047637154
2548,51.06534972501408
2549,5.976321542937121
2550,10.652754772977596
2551,54.770744478812816
2552,20.206633052071027
2553,13.858105005317315
2554,4.717545173657325
2555,6.0980537557796435
2556,54.39927995434025
2557,28.16661877860453
2558,45.728690522140965
2559,33.08676940412313
2560,44.58781221715807
2561,43.99600335785489
2562,28.61938268526753
2563,10.010437004505995
2564,9.756456214183762
2565,60.19184892921323
2566,14.90584893116867
2567,16.04925773845475
2568,41.495752727584446
2569,15.756162213587203
2570,11.720940231628209
2571,8.87851145210601
2572,35.09237291924808
2573,16.596016198752405
2574,4.517646917622383
2575,20.943629496841453
2576,15.859478832444374
2577,38.80510215864
2578,14.501163870275816
2579,21.641201241491306
2580,21.582271805597628
2581,19.94680223212165
2582,51.83539793616222
2583,31.10168297580773
2584,16.76134087461178
2585,104.44134878595898
2586,6.797550738607693
2587,61.15707841599315
2588,9.733848367785548
2589,31.071383422663338
2590,20.190640352539667
2591,46.69946670131923
2592,54.80663366081784
2593,26.293186019012566
2594,9.046984517513163
2595,32.91353353147347
2596,36.485219597497505
2597,14.096644199311735
2598,22.512958864590306
2599,5.657746012470424
2600,55.36807096140807
2601,59.50217537683422
2602,32.112268449322244
2603,54.268553554474806
2604,32.81395929536205
2605,28.903080371576
2606,18.261205138510526
2607,33.13595836439178
2608,43.44501066283116
2609,29.955393924105923
2610,27.178975862477145
2611,26.360887801097537
2612,43.73674260073838
2613,5.917986831570058
2614,8.213730741427302
2615,20.721591238249452
2616,62.242674350374905
2617,19.909088351023357
2618,8.296564697100333
2619,39.324373767798114
2620,12.161390717277719
2621,115.07136685706627
2622,3.922789112189639
2623,10.42749904285698
2624,64.75643176085282
2625,7.480969461649632
2626,16.478117880701966
2627,39.845082466946835
2628,11.75440358898367
2629,8.058227625570689
2630,141.23620505088468
2631,10.804666681719079
2632,10.236298335521674
2633,21.4337074673496
2634,25.263421710012544
2635,16.56795012583411
2636,12.805584653386909
2637,8.008814840718737
2638,6.3531895392576265
2639,4.157332255470521
2640,32.1517936125214
2641,52.872604018206566
2642,10.383647610623214
2643,32.03281075143649
2644,35.86720270217509
2645,35.65401463767068
2646,29.919574778197017
2647,12.079971005630473
2648,18.046381749458646
2649,25.042398377071898
2650,48.07107167757181
2651,15.310316928083967
2652,29.51754544619457
2653,26.249879930520315
2654,40.70436652698566
2655,13.708548427877169
2656,17.28757805963752
2657,13.413737888346754
2658,2.432714834173192
2659,3.846147502490759
2660,11.538477953648167
2661,46.026290621027634
2662,42.3193355754055
2663,16.67205139179486
2664,29.17321029200044
2665,23.053294456916888
2666,80.7793584325802
2667,9.203298947668458
2668,11.881002706499139
2669,8.850629458257758
2670,33.702646692825134
2671,88.18112399133543
2672,23.29685280766115
2673,56.07326700961388
2674,15.243315078896554
2675,26.497154860125683
2676,4.54413733542838
2677,22.88336138931981
2678,52.1704485749827
2679,50.98249387474012
2680,16.487088118331386
2681,40.764713722588624
2682,37.6260423006542
2683,20.024073876323964
2684,21.415156104621133
2685,4.1412567589777005
2686,43.7550641103285
2687,4.846169593565629
2688,20.461010625996224
2689,13.221979225035597
2690,70.76696077422781
2691,14.223908890649634
2692,27.49907830839748
2693,13.534425123186114
2694,4.262491056822121
2695,45.01448259773072
2696,60.579583602285815
2697,4.827641298258402
2698,23.41170847380961
2699,20.88148562285655
2700,43.36542655429426
2701,39.315001777666694
2702,37.581610605482695
2703,25.71451853109444
2704,9.216884156182253
2705,61.59928290326684
2706,5.5708235532617625
2707,36.33390750113119
2708,42.38286261813901
2709,56.234397271863656
2710,4.926235182540225
2711,15.2195465592483
2712,38.29214397122275
2713,62.16101992819892
2714,15.417791408384044
2715,8.538459507572364
2716,8.497346894625492
2717,9.444259146657107
2718,32.356187348905095
2719,9.107796228153102
2720,85.24737298651375
2721,24.347195867913207
2722,42.52162623002634
2723,31.809069932846782
2724,44.71951093925736
2725,43.35349043935943
2726,20.460071230724953
2727,16.6508685998229
2728,1.6262022335184079
2729,8.478788641799664
2730,17.837548540012286
2731,10.76420765706358
2732,13.309686213509156
2733,74.26168997704332
2734,16.39210174207284
2735,35.73325803650554
2736,4.6041781941114595
2737,34.897792273731824
2738,104.28525676799242
2739,4.710353116721884
2740,27.244235357659015
2741,51.06172486133367
2742,6.379904024274043
2743,17.373756157559107
2744,27.02638235247087
2745,37.99424297069328
2746,28.024476249571634
2747,41.59257998432195
2748,64.94595814910964
2749,76.2183497842552
2750,22.432755802195995
2751,21.198855878037755
2752,29.39114813612929
2753,25.226577683850827
2754,91.08760004370583
2755,57.770085078455175
2756,39.829950243093066
2757,23.511761252912773
2758,19.52399207974297
2759,62.31025105211485
2760,96.18635049172435
2761,109.83486670675293
2762,15.497585205470811
2763,8.250686574333079
2764,8.580126718998514
2765,2.8371756661041774
2766,23.01159545302184
2767,39.242692245708064
2768,19.293377362535526
2769,35.752501197371224
2770,34.520673201787936
2771,22.106395198560215
2772,47.213862310390425
2773,26.23047885130118
2774,54.56340404826469
2775,5.994097001195813
2776,39.99374115054823
2777,6.422710321717235
2778,20.78436294982396
2779,3.58554158429215
2780,21.723045277361432
2781,14.710270448834063
2782,103.79579723525987
2783,38.134022989306246
2784,17.736603542833304
2785,3.9578018988471433
2786,20.887542115464573
2787,4.191175778192523
2788,22.07054950004191
2789,42.629860714862374
2790,61.390853218588916
2791,21.435622579027076
2792,11.929989592504402
2793,30.320928656599033
2794,24.958350750545726
2795,8.27593943766123
2796,27.046284468766135
2797,12.672406783538442
2798,52.20623439196915
2799,69.26592312395343
2800,80.5906995716146
2801,54.20146207795749
2802,8.966229273409471
2803,63.598616966944185
2804,34.49491343231186
2805,9.325633837750306
2806,30.388024582653507
2807,56.608755239830046
2808,53.40596382837008
2809,70.60146865495986
2810,9.026303958832317
2811,40.5725621749245
2812,7.042696521775522
2813,42.590333050696785
2814,58.91772006551649
2815,10.196000603199646
2816,8.192207435173392
2817,21.83784239677209
2818,50.9595761903001
2819,15.27586005344525
2820,3.095385026149479
2821,39.44442369560133
2822,15.85535914861098
2823,8.587163262914551
2824,22.2393089279572
2825,18.292394219321352
2826,5.027080005608838
2827,17.672835827494
2828,2.1362240885789325
2829,7.2571776757804525
2830,28.10178236109327
2831,1.6720955644337536
2832,8.568612955904271
2833,26.690427749527807
2834,50.798327611866426
2835,9.390702259830332
2836,33.10791832294663
2837,6.703099756146787
2838,4.570861152436581
2839,22.94053842678271
2840,15.099424500182728
2841,14.164895698781805
2842,40.653025131352166
2843,36.553869882405614
2844,11.13821406723782
2845,13.526911672528751
2846,8.21602244991184
2847,25.867954994024196
2848,34.73660961108216
2849,18.903665256416982
2850,38.84560650020778
2851,45.26924899897446
2852,37.077978585519524
2853,5.145970586924526
2854,37.74243427707966
2855,7.87369909790316
2856,23.070250909762354
2857,18.821813652690757
2858,51.863283098754735
2859,20.641909068647955
2860,19.39348158172295
2861,32.217482076287176
2862,95.04656630774475
2863,41.4986132151816
2864,14.13447638993394
2865,26.63769188721629
2866,11.330797622094867
2867,11.015783832318704
2868,106.06897729427979
2869,3.872044921634297
2870,33.168214451578564
2871,36.15664329661368
2872,26.30880711026502
2873,50.15381823138446
2874,39.14633260004898
2875,24.79527067240492
2876,32.75518421828255
2877,24.157428520218918
2878,48.69566899593494
2879,52.19696322793445
2880,33.26882823301001
2881,6.638337458174738
2882,10.208052065256656
2883,36.910526273416636
2884,16.516015508859045
2885,21.361476055067
2886,14.710624185861915
2887,29.52777679472498
2888,7.635333386123599
2889,6.192738530190253
2890,34.766092113538136
2891,19.76181886571446
2892,19.402344544367693
2893,5.911100935846286
2894,18.735818284325315
2895,38.00643130368707
2896,20.359666557942393
2897,7.2179707072800525
2898,13.842804595927195
2899,4.536996076129692
2900,8.833258243853486
2901,24.39248500543694
2902,3.559436431087054
2903,17.153399094855345
2904,26.002481367844318
2905,51.24401044781489
2906,6.85578768809538
2907,19.11460399094084
2908,20.45938290920018
2909,46.53777240887304
2910,12.390751884732126
2911,93.4262704572634
2912,13.948979169110874
2913,40.707437075790224
2914,7.701882473383759
2915,3.9710317732180656
2916,23.301504261421748
2917,20.58992352692654
2918,19.791681257975576
2919,14.795433072383215
2920,63.14057574829776
2921,17.153117268268723
2922,31.653373144779675
2923,6.352598400801577
2924,4.66358436088896
2925,29.925407401887206
2926,33.567895757562425
2927,39.75970783936549
2928,8.250830572092402
2929,33.96135847930644
2930,87.16267055552888
2931,32.66582338941073
2932,13.402997895485008
2933,33.83091305686684
2934,5.454190611202948
2935,49.675279053257356
2936,29.369211775567813
2937,35.35555493565814
2938,36.904839211586406
2939,17.320899469152693
2940,4.170957729593235
2941,28.37614038358207
2942,10.25630784396695
2943,23.165561469938254
2944,67.79053790651494
2945,27.815158392622777
2946,42.70100893909435
2947,11.950564511757754
2948,13.34301345557546
2949,13.851564636474663
2950,42.55183576892865
2951,37.12324201216613
2952,31.121757396798845
2953,2.1708652171109155
2954,26.859041832940527
2955,12.732804878020032
2956,18.150109472959784
2957,9.832826467435911
2958,2.9339095998545974
2959,24.503853385852096
2960,58.08200308313191
2961,16.33941311044724
2962,49.074312124575805
2963,9.18642163864963
2964,4.446341942998206
2965,11.76382800030714
2966,26.34512395752146
2967,24.861776042464125
2968,34.82110600019786
2969,42.819664242213776
2970,63.130989909794124
2971,8.196961248439663
2972,4.619595613845135
2973,7.575627421592012
2974,12.890113482885997
2975,17.602427125220814
2976,85.49852713145214
2977,50.15219460317166
2978,6.674875765901078
2979,41.407758040459306
2980,30.32087981797771
2981,35.95757783698932
2982,48.54336762591372
2983,32.9702188540582
2984,27.145387808749586
2985,4.480078538820422
2986,3.861374913495054
2987,92.81411879568478
2988,26.824865796629286
2989,18.946203794664058
2990,7.3698462725609275
2991,36.030517248191245
2992,3.422708814122159
2993,25.430120521949725
2994,8.828425940091249
2995,13.879902408317099
2996,24.189936359241848
2997,11.602394604870003
2998,40.23781515878241
2999,78.70479799659599
3000,44.4302758569726
3001,38.18600535373568
3002,18.722581462480978
3003,29.916753837169985
3004,51.804276930923734
3005,5.5728421377544155
3006,37.464570553034534
3007,3.4711698127626045
3008,34.14206188219359
3009,7.775992684296934
3010,5.387882641873373
3011,1.7228600674558907
3012,71.75129998062329
3013,7.0848799907551285
3014,11.906526816705677
3015,41.15539948779814
3016,20.867207662328973
3017,31.158260470097296
3018,21.627398085102783
3019,3.4224025134977403
3020,55.338210415736256
3021,6.284160286977853
3022,22.48265582629135
3023,29.08189501459841
3024,13.689437157624969
3025,3.634108122389054
3026,53.32381529750687
3027,32.109494864970344
3028,60.61099149971505
3029,26.423866340462318
3030,58.80473256941288
3031,1.781395949127657
3032,4.549919692522224
3033,17.71583405275179
3034,14.119075977391889
3035,11.337848573432558
3036,52.178486107240865
3037,4.219594544790759
3038,74.1415318400258
3039,60.716972460484634
3040,26.97241597225461
3041,23.37767452638028
3042,70.96744577741565
3043,37.70077847763031
3044,9.57884597678856
3045,6.173661053236172
3046,15.858700501815989
3047,16.73329964421091
3048,5.844538616813052
3049,4.738970476766359
3050,18.302629512545533
3051,18.447433995908273
3052,61.86653225883211
3053,22.609623979897613
3054,14.115443037958666
3055,6.461148233341613
3056,31.972539877858615
3057,3.048249093258728
3058,60.84698599961288
3059,49.60253707009877
3060,8.311655507718779
3061,3.824558604934132
3062,16.066922231660932
3063,55.74326766541697
3064,19.542806834239165
3065,25.949742478974645
3066,12.646027655083003
3067,8.761229194405347
3068,40.02938938158973
3069,41.6389238879608
3070,88.18705836796575
3071,70.93733913545427
3072,24.218628061930342
3073,46.409304412254144
3074,11.033273946811633
3075,18.624787298443422
3076,14.198501522837262
3077,33.108448102926154
3078,49.818435903410354
3079,11.411016879776001
3080,1.186831358003011
3081,27.003449190564684
3082,21.774480199461788
3083,16.63780324055502
3084,8.297549003938716
3085,7.276063612199048
3086,54.62944212100513
3087,35.15130332382278
3088,22.50339701572686
3089,12.116520083058626
3090,16.71245971081222
3091,7.350530815781045
3092,51.37122653524656
3093,32.0489582006898
3094,71.25073181149541
3095,1.4791905496338584
3096,3.508601597605791
3097,25.061211463990944
3098,24.204263594866802
3099,28.081885662805917
3100,22.740083223248096
3101,23.610927657597863
3102,47.57318669463609
3103,18.366925122453658
3104,37.69250072183266
3105,44.52792223959196
3106,6.882042070358606
3107,34.00054070699029
3108,67.46051158601563
3109,41.218183624905606
3110,30.39113396339969
3111,4.570741031030432
3112,16.56876013941526
3113,9.428459652228987
3114,12.565247918961422
3115,38.87557282414946
3116,26.746518054770053
3117,19.72428324530501
3118,60.24764512689904
3119,5.804949996009604
3120,26.88354984752066
3121,9.402160465140435
3122,16.152029775779326
3123,26.954562182873964
3124,1.4681679840541193
3125,6.250681102457133
3126,4.928600016987175
3127,56.723879781302536
3128,10.203460611772545
3129,6.6263439569589675
3130,29.695978930122212
3131,40.54830872463815
3132,37.90525335995507
3133,43.13754742571014
3134,5.173263885563275
3135,17.646176715490988
3136,2.388345774421821
3137,8.539711228201714
3138,56.990880225124954
3139,14.878773673589633
3140,37.69269964013372
3141,12.89496908494443
3142,54.601289972697174
3143,57.45318429742883
3144,11.084491380684327
3145,6.372973541150529
3146,10.702115184824171
3147,25.802595098877106
3148,34.62045244685015
3149,17.703284492421282
3150,54.23284574560334
3151,40.101063843197366
3152,30.19225487508621
3153,85.62897200699999
3154,7.919252704516548
3155,13.916337676950864
3156,9.180654872236033
3157,9.801134087514065
3158,11.449217318510712
3159,7.769593188446576
3160,69.09925443463314
3161,53.05930183637223
3162,28.924581532895225
3163,39.80853550196886
3164,4.318504157559285
3165,10.157943978996132
3166,15.522335565970387
3167,2.0187924113562534
3168,27.325208843940736
3169,7.220341452092139
3170,65.65351315531159
3171,2.482789139687228
3172,46.612605025995336
3173,46.751893087224815
3174,25.760584047240016
3175,14.41479782791513
3176,109.20756555306752
3177,9.453550176904333
3178,23.959898873470024
3179,35.81002343411875
3180,4.433343389537285
3181,8.629464430816217
3182,36.58979764987676
3183,57.571736901239674
3184,15.486398476700401
3185,114.57891760783393
3186,45.30288922056907
3187,11.326687458073247
3188,24.12987428087495
3189,4.3340994748528825
3190,35.11188625808932
3191,14.0377994355428
3192,42.52294934886165
3193,84.8406487009344
3194,23.53740619987281
3195,10.721390188016445
3196,21.74583468665994
3197,52.97331362613139
3198,46.89293671395262
3199,66.37397037954548
3200,75.25732465858152
3201,59.47451836964942
3202,94.45241347654927
3203,43.41265508140822
3204,48.63151938978851
3205,12.410087850311026
3206,29.459793199477073
3207,37.22135930738695
3208,22.18615706085503
3209,26.2283672498396
3210,13.162618123605823
3211,4.169443740712453
3212,43.46614131066852
3213,14.82700638184128
3214,86.09485205004292
3215,58.86451662550843
3216,11.890771320367062
3217,8.897541184761554
3218,13.507519142772523
3219,4.760949159505516
3220,45.72539747538153
3221,17.649524612313403
3222,30.65557445853828
3223,4.017632644685127
3224,20.02663471623063
3225,42.52280220372205
3226,34.43272320709573
3227,15.182392218869577
3228,27.059798061458114
3229,3.817052336257392
3230,55.48660990450391
3231,6.02342271325188
3232,22.545137240461955
3233,31.122438787585523
3234,49.37623035884336
3235,25.17564992212658
3236,28.334589353495286
3237,24.044784979983362
3238,10.010120679117943
3239,5.466508713851035
3240,25.28760737789765
3241,33.39790490169116
3242,37.07680475022438
3243,13.362706589436725
3244,12.857202918291499
3245,3.0211384548489564
3246,3.7255260323836534
3247,59.5171732603976
3248,37.2953655386433
3249,4.94833739874628
3250,27.75396111191001
3251,8.03865626015018
3252,28.182701472973612
3253,51.63697855820431
3254,12.61346283556325
3255,12.693688614718821
3256,37.47084772769176
3257,61.2881513746508
3258,6.964699437156897
3259,12.763135358351523
3260,5.392240816536262
3261,3.761971938107033
3262,11.472272429624207
3263,21.30581192197399
3264,14.475589715627667
3265,16.018424216342353
3266,77.26180926715637
3267,4.580096397457077
3268,13.11732961435112
3269,23.69087062505387
3270,7.469505844566187
3271,15.227760119663749
3272,2.9810949768351893
3273,11.863862478300561
3274,78.74772796112794
3275,32.91075718564706
3276,27.69735880144981
3277,52.0810156639158
3278,26.784991684638435
3279,3.5749335665005857
3280,47.21279327649843
3281,41.45049954979298
3282,7.293583303252161
3283,26.36709448203718
3284,35.788872117034956
3285,6.3129756997542845
3286,28.04759070334965
3287,2.8029985709652667
3288,28.996033479478857
3289,27.492714169277843
3290,36.87476643798489
3291,20.432749828648188
3292,25.306459022181528
3293,7.9463651954919
3294,21.99532919464656
3295,28.56490193006901
3296,9.665908013172889
3297,20.231614383255433
3298,13.461437343801368
3299,37.94954679073272
3300,17.936433978124203
3301,12.378143925272182
3302,29.658359501222797
3303,17.871438051942974
3304,36.321797285679736
3305,16.743291872772375
3306,19.937545726320543
3307,42.542114737346566
3308,8.591628777699075
3309,78.67508760345086
3310,9.354873655434098
3311,25.23986943631583
3312,27.85520167037015
3313,8.760125409143631
3314,14.906481644592567
3315,67.19262920472194
3316,60.16834740652988
3317,28.822554430790852
3318,110.96767822793723
3319,22.99013639589466
3320,27.007947947229752
3321,44.40036863348379
3322,46.85570242436363
3323,2.777258626831412
3324,40.30945389145876
3325,19.15373183216284
3326,12.760565775077275
3327,79.05484106735652
3328,47.483372647987636
3329,43.80436467126134
3330,56.70511586009967
3331,25.721205560020074
3332,29.213967208402707
3333,34.42268271464153
3334,100.67135902040215
3335,44.32554284631263
3336,36.32631772153174
3337,24.378309485926785
3338,15.68333196285372
3339,38.862894869132276
3340,20.12372959724467
3341,29.89797125007126
3342,30.825074064001832
3343,50.72743962307853
3344,30.55096597118466
3345,58.80264944332693
3346,21.051791275073015
3347,4.341376418078243
3348,37.96106769287906
3349,12.088182283755634
3350,17.70204443862501
3351,6.338758602129391
3352,23.785984748732453
3353,34.40687911447584
3354,4.7470537876081815
3355,26.37343067209254
3356,4.51763150618719
3357,9.184635146526713
3358,8.446463212665346
3359,15.992529537623575
3360,51.91634258639839
3361,32.10914450639142
3362,25.528023908443267
3363,68.87476007170523
3364,3.082941343508712
3365,27.091419932826494
3366,4.866891113937928
3367,6.5992741292118975
3368,55.240782142133796
3369,43.119481505108304
3370,38.790113897866405
3371,20.832819229141077
3372,45.43244640463962
3373,15.422008115875826
3374,58.92825939141403
3375,44.51234107086515
3376,22.51322693444579
3377,14.666585946802165
3378,24.497129829769925
3379,16.28313342322604
3380,16.646918172435154
3381,2.5960865370298025
3382,41.438570664894556
3383,43.900888405895
3384,8.057528148966313
3385,4.634082474810146
3386,15.425644611107149
3387,26.040200312550354
3388,17.945000322418963
3389,35.92711367907205
3390,37.37396948511023
3391,33.54980351766379
3392,5.070959178707599
3393,23.172510419975467
3394,14.111196732754506
3395,66.91619936536645
3396,42.7126904779385
3397,28.43321035320695
3398,38.704879266463486
3399,37.23758499270329
3400,17.9316247816494
3401,18.29754884060111
3402,13.318145610233262
3403,22.998691290245112
3404,39.81405456380528
3405,4.490465069932483
3406,33.87536414402526
3407,29.237986560914656
3408,6.878181308803944
3409,7.059088865494937
3410,11.637843236093566
3411,21.310756915575194
3412,7.208087081734096
3413,3.7244183223756213
3414,39.4977816674928
3415,10.678420996615273
3416,35.455529958392674
3417,25.089092533675405
3418,8.98839735606197
3419,21.47250904174812
3420,69.12744466367069
3421,2.29898850383307
3422,4.732856589850021
3423,6.4195579434209336
3424,53.02778561267709
3425,21.38890888680308
3426,35.85157110172611
3427,5.334237543567206
3428,5.294169749214405
3429,8.110280019062893
3430,25.346696534669945
3431,16.381918361985214
3432,60.988536989208335
3433,77.96980948276548
3434,2.3603730786363126
3435,42.983943653600264
3436,5.483880413612683
3437,6.437642355783119
3438,108.06939608100149
3439,15.875640078822599
3440,4.540346933369598
3441,17.927933835498763
3442,12.766943898186966
3443,63.232439732903046
3444,10.659878256608936
3445,16.365259308880752
3446,18.829370001762662
3447,6.695194774280347
3448,14.233628380765998
3449,24.3940891433665
3450,26.03761602388702
3451,56.4420945081048
3452,16.88877979470075
3453,61.76434583701335
3454,15.456911600801325
3455,16.569883064555185
3456,19.773176335819223
3457,28.529560076412572
3458,41.76780022906577
3459,28.193522546231033
3460,51.76042798095005
3461,39.70420298637927
3462,3.792366473745555
3463,63.26287136218596
3464,9.236915011419828
3465,29.183488567118363
3466,22.514119040249213
3467,21.655544491025097
3468,51.642541074778066
3469,9.52171052530507
3470,41.04130141192927
3471,6.832737805105808
3472,49.61014918245139
3473,25.018636358430495
3474,7.988505610968241
3475,17.24326396891332
3476,32.93452381615041
3477,10.259378170567798
3478,29.501975559706054
3479,48.60984058616008
3480,36.656807082849845
3481,14.235307594847404
3482,19.22139185003265
3483,3.487342266990056
3484,66.80679626751133
3485,22.90212510460482
3486,7.024980015797179
3487,25.913469757116985
3488,37.28405534563414
3489,30.410919786895892
3490,9.992216279381633
3491,10.180478114689292
3492,20.65884149297643
3493,12.479212916682721
3494,21.917789226593623
3495,11.922794613597663
3496,39.8673332528414
3497,7.438036410970472
3498,41.0742054028711
3499,29.710505729098163
3500,19.879028864717974
3501,32.49262076018101
3502,32.156819211891424
3503,3.7278895044138296
3504,45.616757153105
3505,18.08895845754079
3506,29.31379477374588
3507,5.30080999733814
3508,29.161897855351413
3509,17.40234624471979
3510,55.13760503269674
3511,22.02490944848195
3512,33.63524321075309
3513,2.6140399264853906
3514,61.325962928530856
3515,116.42403255871177
3516,35.08618884384177
3517,21.08833164154008
3518,52.958054737493136
3519,5.454072664850086
3520,8.957681237914503
3521,16.88501818114776
3522,5.149289490050453
3523,10.154382494559297
3524,68.86990517255532
3525,13.507519142772523
3526,17.2524418768907
3527,32.13328149632163
3528,30.575150976816435
3529,71.52732184331428
3530,30.536411997751767
3531,36.95297034644622
3532,12.597372750438598
3533,40.63747925267435
3534,29.239227113834037
3535,10.686005547951655
3536,25.50258495238936
3537,35.43980281816955
3538,10.017098449938556
3539,18.220211389115498
3540,10.930129706765799
3541,9.217307833213503
3542,24.735001185912616
3543,110.63881863669013
3544,48.65276310939553
3545,45.154167358669
3546,13.065494814022998
3547,48.05278936852039
3548,22.106395198560215
3549,69.94354172442793
3550,46.078701204704984
3551,2.5144288866632376
3552,9.97331252754
3553,7.111460202506304
3554,47.381315529785326
3555,47.611599335636264
3556,24.454458814775293
3557,6.935213219841637
3558,18.415095190470986
3559,8.27111921828598
3560,50.91832781747692
3561,4.427545483954752
3562,48.58739521494316
3563,21.8910176008285
3564,8.742043718223007
3565,11.9684975349108
3566,6.846051714615621
3567,27.982266089017074
3568,13.70390525267172
3569,9.69763519122185
3570,7.053130412987535
3571,2.430609021436028
3572,25.787862116557527
3573,47.96269818845872
3574,55.71085308063935
3575,66.58596959344098
3576,16.939585647502955
3577,19.73394403473381
3578,14.888218368735883
3579,7.219329534199755
3580,53.19492153751421
3581,22.732688463240773
3582,15.805469735930679
3583,24.141518158481098
3584,33.080812936670974
3585,39.84174096171665
3586,36.21640484472422
3587,17.59009382864859
3588,70.68180884381266
3589,26.214692141711463
3590,5.56731724437989
3591,24.181897915309982
3592,37.603432265050856
3593,41.84737098355996
3594,59.12329862799744
3595,45.74117362944003
3596,17.947238139781014
3597,12.247390967851661
3598,4.668394790028619
3599,15.2581930616325
3600,26.33965822017658
3601,42.647842886738836
3602,37.344288895439135
3603,20.871481542557007
3604,48.04192348800983
3605,1.7270720119554204
3606,7.564162311498408
3607,32.94324310681684
3608,18.029951969778846
3609,38.04632439015816
3610,58.16166693830055
3611,52.57405998767581
3612,3.2568330819071614
3613,13.04167597795744
3614,28.880326258586607
3615,41.530005671231244
3616,4.433450990498461
3617,6.61861888503663
3618,23.071399394524313
3619,26.434234782693835
3620,80.74843484719165
3621,1.7080053905032622
3622,27.08959976634973
3623,29.31451278115343
3624,16.277263265529147
3625,19.666609737492788
3626,8.313195115529291
3627,62.91086915249723
3628,4.502357830873119
3629,7.202710599257519
3630,14.432186281605698
3631,11.413259395118963
3632,16.31633641342528
3633,30.156367080841882
3634,36.412739615215415
3635,7.396406981477281
3636,4.040370260450713
3637,18.9268219970602
3638,5.0447697630493415
3639,16.727125455690363
3640,14.381354740659743
3641,19.00185217003849
3642,35.6363723251352
3643,40.9305277528822
3644,25.831509782363433
3645,26.40764124866586
3646,10.006116187027832
3647,6.6046757083572345
3648,12.844299672517336
3649,23.539092245370046
3650,2.1067341493136977
3651,23.716746384685067
3652,3.8979350789055704
3653,39.31900881966338
3654,64.66574565338087
3655,38.63307404154382
3656,25.04641235745192
3657,14.202682114669836
3658,77.99567146929375
3659,3.1753248173982813
3660,21.15299871339132
3661,43.31067422924883
3662,16.30630934297689
3663,4.48156606233798
3664,49.24033682875183
3665,53.91678440656853
3666,15.314331612695865
3667,4.52476037641144
3668,8.677505940960746
3669,68.20875624004782
3670,92.50455313276407
3671,14.082845769940104
3672,19.457741767707518
3673,3.379225834122542
3674,27.256069373700267
3675,35.57503886418972
3676,61.550477263298454
3677,25.68604473358903
3678,3.9072503929715166
3679,7.129932250717923
3680,24.5005775341221
3681,41.585959043893205
3682,19.862120651359422
3683,20.61537241010751
3684,15.476177540314621
3685,34.67055227262904
3686,15.138690761730915
3687,49.51202642990829
3688,30.26650570662397
3689,9.249266841807847
3690,8.550412571014407
3691,8.671331085961501
3692,23.600981185836968
3693,10.326951132612773
3694,34.6123320688155
3695,38.32563336211655
3696,26.509527221400347
3697,15.77323847656832
3698,3.6516856823201778
3699,29.005207672025225
3700,36.430239618042194
3701,23.060791764361163
3702,7.750308196005386
3703,3.187648642039518
3704,39.96493068689696
3705,29.674044213652582
3706,4.553395129069593
3707,28.020008852455376
3708,14.10969514323493
3709,22.382869317528737
3710,24.41649477103473
3711,76.00873989228154
3712,22.182918188511287
3713,7.526606797357231
3714,27.59118575011739
3715,28.087441223353594
3716,3.8394622301895724
3717,41.15397802857788
3718,6.844647849335145
3719,10.351167127809262
3720,13.194841921115628
3721,14.486561069682535
3722,5.775305155849907
3723,2.710546109660064
3724,6.869729270390332
3725,3.176281439911012
3726,5.759175410045955
3727,37.680380546394616
3728,15.7285031861181
3729,45.109665282784995
3730,21.544468732462395
3731,20.096564068835765
3732,9.468834539802048
3733,48.40985659678431
3734,9.10871177944109
3735,8.025247280243079
3736,35.53750721367513
3737,52.45094936652842
3738,31.97020016568235
3739,37.71466571236847
3740,51.50412382134443
3741,14.610260180168265
3742,18.749895778627675
3743,35.96452929515388
3744,27.69754611151648
3745,44.60389821508611
3746,13.310356424336577
3747,11.42158357543116
3748,29.99804120267308
3749,50.24877997224529
3750,6.116935168345513
3751,20.40422279406535
3752,66.1890506605709
3753,35.43343872190927
3754,21.74470233490458
3755,76.99977742602039
3756,13.535941723313277
3757,13.190402231356774
3758,12.17791705407538
3759,9.086599845481244
3760,17.56959732210843
3761,70.99537222412452
3762,3.825505443293066
3763,21.981712953364248
3764,6.614333837110318
3765,30.08962496468454
3766,21.501763121334736
3767,100.78595325340862
3768,33.73616060515554
3769,20.54757431437309
3770,13.810028364492506
3771,29.22925821746857
3772,7.290894675159514
3773,4.741750290827849
3774,38.46932525187052
3775,17.49842416063377
3776,35.32546626835142
3777,3.366798068620473
3778,8.458051147516702
3779,27.368939498733628
3780,4.631128227605503
3781,46.16756374974644
3782,5.649020573176928
3783,20.767336894987377
3784,26.780176526138128
3785,5.025178880721682
3786,23.12263659749916
3787,60.36188748985984
3788,34.7451583287521
3789,7.6630978003768035
3790,83.13569782778893
3791,7.28511876640736
3792,18.703327414417494
3793,34.65621436461181
3794,51.995155038100215
3795,10.535342205847645
3796,1.6194931867264888
3797,19.432772018794015
3798,14.227680739838299
3799,30.385112808507184
3800,18.27835149847044
3801,29.72382936756838
3802,28.09507336995049
3803,2.382184882543279
3804,9.06677240664083
3805,38.975194161665684
3806,17.86529390289536
3807,17.20348359756769
3808,3.925686014836554
3809,51.835032583804704
3810,5.090029145729521
3811,4.725658593391274
3812,3.385427464318549
3813,10.974634567949153
3814,10.988983520143627
3815,35.73657316693876
3816,51.90174791358439
3817,20.828303495335796
3818,31.849313157936177
3819,50.37893220481104
3820,12.575100730452386
3821,27.515961061955732
3822,23.134905489603074
3823,14.336749243618828
3824,55.31993808355071
3825,15.067180612626888
3826,32.77736977979416
3827,36.100409820100445
3828,18.801597142152296
3829,1.986461371832703
3830,56.580974559120705
3831,42.982762962239335
3832,35.10689370748166
3833,11.172144534397841
3834,58.06479621051695
3835,24.43633430582809
3836,6.49412604600605
3837,1.480027924269625
3838,11.994132913347691
3839,22.71726714939569
3840,59.03295625187924
3841,95.09391401395354
3842,81.8095472529595
3843,9.856410906925467
3844,34.845020933307225
3845,19.232966835269202
3846,16.340339096703143
3847,51.68047496778343
3848,77.49967673285798
3849,18.862701035081813
3850,66.27333114678588
3851,2.744293970610297
3852,4.235961306768683
3853,9.363601272033439
3854,105.9350942377082
3855,26.4474555519711
3856,2.5954305893608964
3857,6.818465338380115
3858,38.60388451349731
3859,5.204078261037243
3860,4.272610333198042
3861,4.864140214631059
3862,14.15888158591785
3863,17.08983187310397
3864,38.00828557251729
3865,17.58322155738756
3866,5.355286180211623
3867,27.24387218745104
3868,62.23009037072734
3869,20.679494638496596
3870,11.836801848300437
3871,54.9215139767104
3872,45.51651977394964
3873,28.732461586772565
3874,34.004839851557435
3875,53.96371124231377
3876,7.808769443110829
3877,12.431605415046949
3878,7.210041706264702
3879,31.88180874023955
3880,61.124798360023405
3881,19.49650733375556
3882,4.100254905551365
3883,23.69120107009445
3884,7.194010039554923
3885,8.470548570230093
3886,18.109618772617466
3887,15.316387807890811
3888,30.9920879428895
3889,9.731254255790837
3890,37.71509755545905
3891,37.747862188910055
3892,5.4800239646698365
3893,36.44989267429972
3894,51.63441674239288
3895,55.330680764435094
3896,30.865299808987825
3897,6.5909928436967835
3898,21.93166571160689
3899,7.229740917615866
3900,22.08055027771307
3901,23.61866523458042
3902,57.91490198259988
3903,107.62792884858212
3904,5.222811192143965
3905,9.120997278773007
3906,12.573313633313232
3907,9.41989080200952
3908,2.1871684703420904
3909,22.504344007735906
3910,12.911343522197841
3911,48.16383653483537
3912,47.022083815041384
3913,28.917274469828577
3914,2.2231423897270153
3915,43.5236063148859
3916,44.0025106582427
3917,3.8761188124593953
3918,25.657821694516258
3919,4.692042443970635
3920,28.43971121481084
3921,50.93299254852771
3922,21.444167190806834
3923,5.8409089106662435
3924,46.69151939017901
3925,30.578580485278536
3926,16.38161226883919
3927,44.242413994164174
3928,22.944852624541216
3929,2.201984375499646
3930,5.616863811610944
3931,77.79289192735592
3932,43.5492073692799
3933,28.21871515360474
3934,4.276631187920556
3935,3.8670344656958457
3936,14.113960070922255
3937,14.068773184215829
3938,33.78959367334968
3939,39.16835437115752
3940,30.979269263113263
3941,73.08588694948496
3942,30.388604583744126
3943,48.84377937619479
3944,8.737705244059194
3945,25.089827062401817
3946,18.8678994138145
3947,50.729912159350306
3948,8.853740880181954
3949,23.182200554688
3950,5.267911383146564
3951,15.91219352873477
3952,22.28591419486536
3953,53.34030005882806
3954,40.944168163225804
3955,19.30923522533569
3956,40.42089104952721
3957,6.615267675996788
3958,37.06032050118691
3959,4.746746328842439
3960,18.083921944065562
3961,25.10576678218068
3962,53.83514233792508
3963,27.08828731519683
3964,15.805877328051537
3965,22.592121247613022
3966,10.2969645713165
3967,3.6028802753607145
3968,23.85072581924146
3969,2.4230073350113024
3970,30.041036769383368
3971,38.63677341972818
3972,42.92013612688967
3973,27.923866853115022
3974,12.925820096277846
3975,47.30176124143597
3976,22.219435150178814
3977,16.94755503797483
3978,11.360922809843306
3979,74.10210022204829
3980,25.567950050485685
3981,11.310927788784179
3982,11.980148647382627
3983,11.302407999491432
3984,21.47056814546843
3985,3.4406166987819424
3986,3.975850485949356
3987,4.294074058734758
3988,14.661285671497769
3989,9.52214388523021
3990,53.31849956592463
3991,17.402346244719794
3992,117.5928176145828
3993,31.326104053527757
3994,29.764983794466765
3995,22.451434884358182
3996,27.7730752115233
3997,26.824504720581672
3998,3.944953201878398
3999,18.085337268970044
4000,38.153387282938745
4001,21.16536093098349
4002,5.258187167143232
4003,11.45113519908497
4004,53.844246854364094
4005,6.827077922759804
4006,28.15056084247593
4007,9.936761181801156
4008,37.01191586324943
4009,7.3143283757433295
4010,30.69394012102801
4011,50.02809626837363
4012,68.92073670366852
4013,38.57777215679009
4014,9.041106921445488
4015,7.232322300209158
4016,82.37937286365157
4017,5.4447999632860675
4018,23.81653887858197
4019,19.249955308129127
4020,54.729031772852494
4021,36.364028074804295
4022,11.890819272410317
4023,3.8876757387001346
4024,9.369886564357945
4025,11.180592421927708
4026,32.55455869984638
4027,8.144706193059545
4028,38.1300361050976
4029,66.18406516974092
4030,12.33147563268641
4031,20.794629403075476
4032,13.706922535568737
4033,43.97967766939624
4034,11.145460233636864
4035,8.093352734503254
4036,43.85042629211975
4037,6.211792965488827
4038,62.38757763424186
4039,32.20596758209975
4040,14.466098057456483
4041,3.957533658458545
4042,20.21100443195232
4043,54.24931628953245
4044,16.454380908635596
4045,30.434631034604813
4046,54.853930252002684
4047,5.781929891372076
4048,23.877192854255977
4049,10.678715616487857
4050,18.5581331029045
4051,27.48035317822714
4052,43.440021456675325
4053,21.505160362462167
4054,17.29910571037692
4055,18.937828791098624
4056,15.50985499896775
4057,54.63047628459181
4058,9.2609999088934
4059,45.2574974767482
4060,78.57403437681161
4061,59.48066123311263
4062,43.885944240838256
4063,18.79292323053722
4064,7.639328907773046
4065,7.91500178383061
4066,26.352969434450397
4067,4.983766665609934
4068,6.030219649808959
4069,20.30657233582526
4070,34.16541051028215
4071,38.81648964804613
4072,37.120624605702126
4073,18.760740255032072
4074,78.22597641374283
4075,21.75620615883684
4076,50.66784809364424
4077,51.25744870500453
4078,42.2581454456824
4079,57.920631664444066
4080,9.515671271648216
4081,50.62181643988349
4082,51.587875847712155
4083,30.73959482256229
4084,14.885237375509975
4085,17.040177718420285
4086,3.415896194435173
4087,17.887756434172324
4088,42.02196551655921
4089,14.470034624786482
4090,19.3293257789062
4091,38.31952543778637
4092,6.568349175882954
4093,23.237539349499006
4094,48.2557389767897
4095,2.780667478036939
4096,55.37425918706789
4097,65.50559138074892
4098,15.600917569207898
4099,16.252886280033138
4100,6.385780361174616
4101,27.64573997391821
4102,33.95718879528818
4103,17.281123128509645
4104,55.09865800547814
4105,59.369967862986044
4106,28.33072532277221
4107,27.474092654678827
4108,14.943653845672866
4109,45.39978894246722
4110,31.344162800682216
4111,46.12072029590439
4112,9.133173286691942
4113,87.60907766431997
4114,49.7519315995949
4115,67.04086963658962
4116,18.387812147143556
4117,19.779467058294898
4118,4.523005764350776
4119,40.67425001281625
4120,67.31246028111147
4121,26.069489255628177
4122,55.29687466366714
4123,32.407304130739206
4124,6.430207361471572
4125,10.319637197814945
4126,11.632903995085236
4127,6.915148176087618
4128,8.339071492819388
4129,2.1249301123528586
4130,19.561074884622787
4131,27.185341175181385
4132,4.449847377704512
4133,30.226287316227367
4134,54.91215893578184
4135,5.090138036451979
4136,44.067552262105586
4137,11.437256366936019
4138,24.982003769604432
4139,25.365870280366284
4140,5.159450521386125
4141,1.6883172996172817
4142,3.063563700896471
4143,20.606324042896965
4144,51.6546666883344
4145,7.582343116688877
4146,36.760390064831114
4147,23.61676409793691
4148,10.463266619887683
4149,17.114957841450305
4150,30.119206879764317
4151,58.355840225197426
4152,22.7067179513672
4153,58.20018697438395
4154,26.436745337773353
4155,2.341074758010688
4156,17.278253358318906
4157,66.33392515793061
4158,10.49472910041019
4159,54.40534217339501
4160,45.49627929674965
4161,20.607938056577694
4162,6.89124761689199
4163,17.217387263791785
4164,5.827294228065432
4165,10.419772111661832
4166,50.39630748715977
4167,16.401075745427658
4168,2.8307108802619014
4169,52.12423870925092
4170,41.035604005957815
4171,43.30573105304205
4172,11.20706380122288
4173,27.65722771289957
4174,36.77665224828688
4175,13.264558981497165
4176,27.19593520410243
4177,51.05699998774524
4178,30.98659322775897
4179,91.69044979638215
4180,37.30198196906481
4181,3.0264761216709934
4182,7.324611317636213
4183,12.180376001399285
4184,15.118926303144782
4185,71.47612638229266
4186,48.80624385573614
4187,25.12034649195785
4188,20.114510441915844
4189,39.181904497399806
4190,17.659942080290016
4191,6.291446251518963
4192,32.69484257254018
4193,51.665641922079736
4194,10.58518226451859
4195,21.12127141208511
4196,102.95746146963756
4197,36.03165697102446
4198,7.221478055057966
4199,18.84102013387298
4200,22.77208647833961
4201,15.078644271104736
4202,107.67469320623944
4203,3.417111901108947
4204,24.41600807262101
4205,11.772718308963718
4206,3.034266424446085
4207,41.24693941265044
4208,16.301695978497452
4209,28.95871130126987
4210,56.33623380354746
4211,20.347222561664893
4212,7.352146447591078
4213,10.235009474906338
4214,5.6866781673446125
4215,45.472860549973184
4216,14.867603118772507
4217,25.448690581558996
4218,16.22473303270011
4219,9.950640963691878
4220,25.212414723035735
4221,18.291731521012878
4222,6.981624436826633
4223,52.515666608061096
4224,101.77284379517056
4225,43.357810433299264
4226,21.11792291968277
4227,46.55191800519805
4228,8.50902305596777
4229,27.045019138671616
4230,3.32310526831478
4231,69.76627739684477
4232,16.76733709145301
4233,21.275473519974906
4234,15.48055255732871
4235,25.152882717273478
4236,17.487270353470926
4237,41.582021906021644
4238,3.913493251511841
4239,25.80022302613937
4240,8.952293512890545
4241,5.638156556455069
4242,32.23965469005765
4243,88.44853400179223
4244,23.19408669441526
4245,14.678538641109228
4246,17.820747547396493
4247,5.1766353029436285
4248,68.05356138606173
4249,20.033283965772114
4250,45.680516233216856
4251,15.13682769540976
4252,88.55763926070667
4253,30.977873887125455
4254,37.70974118884499
4255,20.69739233145016
4256,57.88254966576301
4257,42.07964263356331
4258,61.61168201478243
4259,21.01296939201013
4260,35.28036363064997
4261,20.48130720610843
4262,2.991308076507432
4263,24.411262993793187
4264,4.652899325418585
4265,14.542022964564818
4266,8.127113917819251
4267,1.9485624071551422
4268,4.664061461994176
4269,27.074632390748576
4270,6.207708154870458
4271,64.68993996108229
4272,73.06725053675635
4273,17.778112880121103
4274,17.49982552145807
4275,34.625808863423714
4276,51.184037612303136
4277,11.007897554524227
4278,9.561930954270483
4279,37.73425378695501
4280,80.60531781561949
4281,7.0717390044259165
4282,31.975215384793316
4283,3.109854698656768
4284,6.0548656101739216
4285,38.38794036538805
4286,65.09254876786805
4287,39.68385564277567
4288,58.92674024261961
4289,13.221765507749412
4290,31.423170762517955
4291,3.01336299250567
4292,24.652001759160726
4293,15.060479730484282
4294,2.5023259532201987
4295,23.880382947781413
4296,29.035439958955617
4297,6.352505824393662
4298,21.80919483214157
4299,5.780125573219486
4300,70.19199415259112
4301,12.105842366687408
4302,39.14633260004898
4303,38.39576532340516
4304,47.9504998719065
4305,17.881926273047196
4306,15.755499574145619
4307,18.071376852272405
4308,93.28360607005266
4309,38.273447198230926
4310,70.43689910317603
4311,27.78001730855592
4312,53.015772224679154
4313,49.312694487463745
4314,2.7040801020002903
4315,54.98530098287756
4316,8.678245554065839
4317,17.430229791869323
4318,2.8661138236393073
4319,10.418341690255552
4320,49.83799265394212
4321,43.22271582884379
4322,37.42749415305983
4323,4.476297380406889
4324,71.5286922694699
4325,14.058463673236652
4326,2.0668265236679204
4327,46.33075803095296
4328,11.546041889179925
4329,11.557274238706974
4330,39.050752912660265
4331,41.45144864518315
4332,6.161291490425229
4333,24.155570826043387
4334,2.8715594394815813
4335,9.519113515798065
4336,39.628999185655836
4337,99.87016435211179
4338,27.01605268361813
4339,20.508145201552818
4340,34.07274092695682
4341,35.71675501350103
4342,6.5533216337160765
4343,40.61265475429714
4344,23.11726711248823
4345,14.448846576854095
4346,3.595180444853554
4347,25.24388085376983
4348,36.396128853463054
4349,7.26958098222942
4350,14.995297214874014
4351,31.841395147606196
4352,78.29821341166003
4353,2.512753140073789
4354,61.668293783798504
4355,14.156299124339334
4356,2.745471546176825
4357,41.38530205516438
4358,64.85936089443103
4359,42.093804703316856
4360,82.32977941568885
4361,15.914415677329483
4362,9.98236534506564
4363,12.48136180008304
4364,17.83982856989744
4365,18.827179087431393
4366,34.84186610151574
4367,2.479886170392145
4368,4.069553600610536
4369,62.244623645425754
4370,1.9435592033486586
4371,32.17029039143851
4372,3.8076946880837808
4373,25.158174943383962
4374,26.075872269031056
4375,14.550224284149813
4376,19.99763849802821
4377,38.105310993338215
4378,12.735979233230667
4379,9.98487502789083
4380,13.541944547593978
4381,18.13626905826067
4382,35.226433312969206
4383,3.101862745669586
4384,36.91761233473308
4385,39.34882781333166
4386,8.782825317130579
4387,6.127253099624365
4388,22.186459522400348
4389,15.04039645126261
4390,52.30861150472637
4391,8.312571149932557
4392,28.408488255460448
4393,91.16271855611589
4394,49.77519962101414
4395,8.325974581264163
4396,3.0333418871283016
4397,8.592922600898937
4398,27.36396581322441
4399,42.116617031256325
4400,33.91302054901829
4401,15.97969396285523
4402,24.085390508141494
4403,18.985488084969532
4404,14.928139727002637
4405,54.94611120171754
4406,24.377242315925514
4407,82.11165710566934
4408,20.287250383137604
4409,13.867502255917815
4410,2.12486070857078
4411,108.77808685285689
4412,4.774729581123391
4413,10.885373445992885
4414,21.922898675889897
4415,10.186893765062678
4416,45.29822895315502
4417,19.9477587131802
4418,28.730398304096425
4419,37.65063075939808
4420,43.03394825646866
4421,52.44445296691852
4422,18.425536123591012
4423,31.597427908983814
4424,37.395139327207374
4425,20.26489351123926
4426,37.53060677681058
4427,14.075997147422209
4428,34.036745326509106
4429,38.18463824740305
4430,25.98606508648486
4431,33.07843684567389
4432,19.98331220818313
4433,48.0449081164933
4434,25.657730870688
4435,30.6035619758129
4436,37.63411354718221
4437,46.921684837363216
4438,16.726960221426886
4439,14.74252210371719
4440,30.164523136345352
4441,34.50767571259075
4442,59.32835143447122
4443,5.472153572801797
4444,65.17860967407623
4445,17.675406495554128
4446,32.97071864297676
4447,23.386062628189592
4448,85.68553846082273
4449,2.6067141018060966
4450,47.99155281123616
4451,59.27017486440862
4452,24.69563027537847
4453,18.287923959639404
4454,5.4638601920057885
4455,25.936838700207733
4456,23.33402039300422
4457,16.355597663720495
4458,8.298006984291597
4459,29.458198541312086
4460,13.876685089020759
4461,13.525077846528282
4462,41.95462258287753
4463,40.8340863271992
4464,27.38109562677624
4465,9.334809694969795
4466,33.4356387974598
4467,28.919001367971283
4468,30.938740960825065
4469,10.201216832113612
4470,80.6650064979826
4471,3.02016280647856
4472,35.988905699161535
4473,2.0167153043717088
4474,58.954189696650076
4475,42.754773263955336
4476,16.214034676417903
4477,16.515023549831252
4478,27.514902968751958
4479,5.550047311807568
4480,3.0794390942426473
4481,24.659996946949732
4482,56.17649259755573
4483,6.192795082351833
4484,6.332953657664973
4485,6.7206823967030385
4486,2.5610874506955565
4487,8.93798912708126
4488,17.18201527100804
4489,3.2151297400252563
4490,50.80811006804932
4491,4.499169101490543
4492,7.767235574737669
4493,51.91456919711588
4494,37.5019738895161
4495,16.911803743511015
4496,12.741027330346274
4497,21.04872035437421
4498,13.76669485942518
4499,25.56355644721259
4500,23.00989408109092
4501,25.636236407558705
4502,14.53032525461495
4503,27.341747149671175
4504,5.462708215665437
4505,26.389795143156114
4506,5.779733443854903
4507,12.780458926056209
4508,19.001073818575975
4509,33.94831055348684
4510,21.24206237068705
4511,40.45850668065264
4512,33.03066796590963
4513,11.974900181461276
4514,45.58432158105675
4515,5.410259766816084
4516,10.663002688240923
4517,8.700477768318851
4518,16.774043497387204
4519,32.63938696134727
4520,58.80148371931551
4521,14.165163990465658
4522,5.551355359586058
4523,31.7608878753012
4524,50.25351539596541
4525,1.493620670013072
4526,14.528677126256948
4527,27.441640545152886
4528,64.19855660776327
4529,20.934022721513383
4530,39.38904972773645
4531,4.323370798384209
4532,23.66776723376936
4533,14.735661418888464
4534,8.06565472445001
4535,22.31361412208711
4536,4.9779185435331
4537,21.21851929525466
4538,16.069578457168692
4539,9.373406599287367
4540,16.260918774784837
4541,79.05822802619463
4542,13.425484723243994
4543,25.97155752405016
4544,12.75030453259485
4545,6.570157046859908
4546,33.40080341607562
4547,3.051249125046068
4548,10.909007755875795
4549,17.0598862509433
4550,13.974865280738122
4551,3.5752033598393735
4552,29.709124995901835
4553,24.302941703937666
4554,22.012471787319807
4555,4.2608393512231055
4556,94.54287126263506
4557,29.631836094270593
4558,13.33806873184322
4559,8.290165161707975
4560,10.247548905590236
4561,11.655656373025133
4562,11.78558317204149
4563,6.157822203563722
4564,5.1772333513772315
4565,71.68771030487012
4566,2.426146057209026
4567,54.06477306354262
4568,37.39225509740149
4569,23.770581139272423
4570,95.64671893788235
4571,9.535514556508055
4572,36.17298718393097
4573,10.206409569330415
4574,51.69718399437043
4575,23.668263522721624
4576,5.2594837926569715
4577,36.26634053667528
4578,15.69046689653205
4579,4.624882239417666
4580,18.573394823336265
4581,49.26511510290798
4582,37.486593394257355
4583,56.34764335966429
4584,40.48918694091435
4585,11.340185452650477
4586,13.440362799758034
4587,12.772161182969391
4588,10.72323105551676
4589,32.35852094516838
4590,6.121297674278122
4591,3.4033963311112254
4592,43.47829304605838
4593,7.4877717752772295
4594,30.90803948653506
4595,28.26423341238301
4596,9.586273566630743
4597,52.27427843581768
4598,50.43698116717218
4599,16.106244929872624
4600,26.33192398575722
4601,35.43202198537898
4602,13.939774116427957
4603,39.34899729478802
4604,55.95164863109492
4605,109.55590318799749
4606,23.75943232821849
4607,22.752658024180818
4608,25.95501949963082
4609,5.411067030231191
4610,24.83687958742702
4611,18.054787645886755
4612,57.56794927791793
4613,49.54783881557258
4614,31.75160940122194
4615,12.355208917100493
4616,80.31393630846244
4617,20.867646675983416
4618,33.38664378926764
4619,4.2634205453609235
4620,48.784007534125465
4621,17.83789325401056
4622,85.77243811526546
4623,10.38236380431632
4624,49.18488411032651
4625,69.30463332281792
4626,8.947109719840114
4627,11.020165032477275
4628,2.202672799138767
4629,14.241738389669681
4630,19.409757731108996
4631,39.708442618639154
4632,6.319682856460567
4633,15.107816982510151
4634,13.439869899833415
4635,35.854292802948024
4636,24.34891928759786
4637,70.03051726293083
4638,9.484602573509143
4639,10.848025705219763
4640,16.282361520138437
4641,38.061821651322944
4642,65.03405984289925
4643,28.409525108819512
4644,57.57909735070776
4645,17.246972335161757
4646,82.95349782650997
4647,5.717494788615094
4648,29.84985881476022
4649,21.190516689529986
4650,8.744968318699968
4651,7.148333755277221
4652,7.404766437683849
4653,24.019950133747205
4654,85.41000168408108
4655,9.336782961290663
4656,1.2398582074159596
4657,16.53936229997406
4658,2.09993245180553
4659,14.95124582578897
4660,83.54047018884171
4661,9.054895062776813
4662,7.452765020903984
4663,59.55011086716374
4664,14.152058894411272
4665,14.232251030787754
4666,88.59126907908646
4667,54.2146743253317
4668,15.328309888422957
4669,14.003097116743778
4670,42.2233140511453
4671,2.1441905964820407
4672,20.809105429545713
4673,3.970659736325401
4674,12.609927427201292
4675,4.050443340733254
4676,31.393735624305464
4677,28.84387549683946
4678,4.132697486912953
4679,20.64916039903078
4680,39.049555429519486
4681,27.35848563228923
4682,41.36482139162815
4683,37.36761870614691
4684,15.978736986245938
4685,23.900364974211136
4686,10.32808481525583
4687,32.18193186874231
4688,25.52315966239542
4689,37.655838016442274
4690,14.785943575476102
4691,21.0134279192013
4692,5.524230499982081
4693,18.735373853977478
4694,51.89814835550131
4695,51.798548131891295
4696,17.90630690768365
4697,17.257265195230243
4698,26.776388721486008
4699,44.74059954972044
4700,13.32343945801451
4701,3.38881405100443
4702,33.678823039886076
4703,2.726240721342057
4704,33.94163390582171
4705,25.313407158092197
4706,33.87195684077906
4707,25.373650264550704
4708,6.705357967537986
4709,25.860121270601006
4710,60.878130909587455
4711,5.533677317824632
4712,18.41377323698726
4713,17.31641649742167
4714,17.59692116327808
4715,53.19246172656368
4716,11.883719300289162
4717,50.1815591757467
4718,5.494752112199188
4719,54.277900282929224
4720,7.046956673688923
4721,77.71595395383108
4722,35.64521423826135
4723,81.97341753017136
4724,23.31237376465478
4725,31.140809962555853
4726,19.710404613230693
4727,13.636424254525679
4728,3.3078537292426686
4729,9.339447749240199
4730,14.56541688313698
4731,47.45775171458602
4732,62.69104049145291
4733,17.582568121709542
4734,35.651425703497
4735,37.16484474770472
4736,16.14827996107999
4737,10.276352919136922
4738,67.32074874805326
4739,20.095497598985528
4740,9.359442567102565
4741,15.428244589213733
4742,35.48049763523172
4743,6.3706054185913
4744,55.54956990436562
4745,48.493721129477734
4746,15.492771158480393
4747,75.32471664824385
4748,92.50369424639233
4749,5.214750580071258
4750,80.18800372140886
4751,71.33968979095954
4752,5.873906477476756
4753,85.94228287885636
4754,39.21852810987212
4755,9.438116888808718
4756,13.230192109182353
4757,11.511358751072443
4758,14.48433364014278
4759,32.81375440094199
4760,3.8017465460302535
4761,46.87921714570538
4762,31.28548197819063
4763,28.534562137228097
4764,26.466842077294032
4765,20.95543057992794
4766,16.996067917927178
4767,40.55746286686893
4768,43.04310866951615
4769,4.2237246280386564
4770,4.400811667796223
4771,27.77633127315816
4772,23.903394738687627
4773,1.9984302211389107
4774,21.359212733770708
4775,61.224812629019006
4776,41.259130755949684
4777,14.07121001194287
4778,25.223414006976256
4779,18.564330098137567
4780,29.79451088095419
4781,6.684690875306355
4782,19.13473426845815
4783,43.198695206128434
4784,39.7478813615723
4785,26.151835495301697
4786,11.193033546728568
4787,38.993505015310205
4788,20.21591968351437
4789,63.414172370733404
4790,42.49576844720539
4791,26.488794375754512
4792,49.5239349477122
4793,54.326973892862945
4794,36.01030873593193
4795,92.18084723491774
4796,11.763402356470431
4797,46.341596761405576
4798,19.305884118716158
4799,41.02433307433427
4800,16.509968256126633
4801,16.143249935196778
4802,48.186195579085
4803,29.008200266343454
4804,42.368959870427915
4805,34.54190376019547
4806,14.913752072481342
4807,5.173551479522243
4808,62.96979235983166
4809,12.835123565684125
4810,53.839271428619824
4811,33.51376443609059
4812,11.696052783776459
4813,20.765601851245886
4814,5.760734980780059
4815,20.037407944848937
4816,46.775767387440055
4817,4.106161954070812
4818,12.638553822591629
4819,19.460928790640146
4820,31.740557396906876
4821,83.3232920766623
4822,9.783118614163755
4823,1.9044751558234645
4824,6.3026007285633865
4825,22.760796992950006
4826,58.61523453483168
4827,18.36861364406144
4828,24.636555641475397
4829,9.863265239103566
4830,6.193917558381306
4831,15.742101236692367
4832,78.45052404179191
4833,3.611289995731989
4834,24.210637305432133
4835,13.554713009929822
4836,6.1903895934420365
4837,4.881528236191546
4838,1.6194469228071442
4839,23.2967120265379
4840,22.95605129308578
4841,4.071799763116452
4842,39.67679204093714
4843,16.074439507786423
4844,17.77339658684414
4845,34.91090765101989
4846,16.24495165970299
4847,22.096722834083707
4848,8.438176576812243
4849,16.85961209599731
4850,13.176934772039747
4851,1.7272650353319876
4852,19.71048194371489
4853,2.2695417763457266
4854,6.463947576540118
4855,10.221533230073597
4856,2.4728867081361505
4857,30.025658855177937
4858,44.39075784085835
4859,8.973078645986138
4860,71.27463559830424
4861,6.982539032498402
4862,10.17580033671054
4863,71.22922646873512
4864,43.06305876704022
4865,3.6727835267227413
4866,28.74653615015568
4867,8.988721787549878
4868,6.660731062339519
4869,51.15539491944939
4870,16.770170615766613
4871,22.094084785805226
4872,11.00417304001593
4873,2.7057774683351785
4874,36.34102443336481
4875,88.40163623153391
4876,8.759642393370815
4877,12.469848287766057
4878,6.469596783663963
4879,14.251467330765724
4880,2.7035267715338627
4881,52.211222996221956
4882,10.763797137973919
4883,46.74556363309422
4884,27.642200268895888
4885,1.9210323544937762
4886,17.2447364175523
4887,21.888605156647387
4888,14.728419336055858
4889,5.007311916949564
4890,56.866549611876145
4891,51.57231348601985
4892,20.419498074380964
4893,19.497083415153007
4894,6.719914580125883
4895,119.22421157513757
4896,38.93128070219778
4897,26.037989031774593
4898,70.99567234208527
4899,25.64733806048808
4900,27.68078021070933
4901,59.459017819928306
4902,59.06204548257471
4903,22.420385226910206
4904,22.413092445585782
4905,24.07401970495474
4906,17.787016046709773
4907,16.29986918128057
4908,56.271239861545986
4909,11.312584313916037
4910,42.988074020889385
4911,12.99470189629124
4912,8.996336364451144
4913,38.05956211286247
4914,11.08717881118358
4915,6.204095605681882
4916,58.74259035971511
4917,29.68078855499218
4918,9.49837327159589
4919,28.761267258057558
4920,27.537927956386746
4921,9.118787725470119
4922,12.075285681530765
4923,57.04161127893363
4924,21.658128766359752
4925,37.04093436109528
4926,11.093188401291757
4927,13.752863634069254
4928,25.815920802350842
4929,7.694492155522889
4930,3.6621754448826107
4931,42.08189319261602
4932,21.927666619908834
4933,3.460519813231858
4934,12.473967101138633
4935,23.100466026534917
4936,50.996730573024905
4937,37.45222143053806
4938,5.486053116327316
4939,40.534084835922044
4940,13.517864235125614
4941,20.237509291005022
4942,58.47364049430688
4943,33.632189456299024
4944,15.270214139291136
4945,82.61214677035525
4946,8.621887034653756
4947,27.848769671988823
4948,1.5881970042401745
4949,13.347385352334527
4950,18.586531853267406
4951,1.7188154632310844
4952,10.631650327201058
4953,12.049763336243252
4954,43.46251839319301
4955,68.70500861126064
4956,21.273753889703183
4957,41.66778218631002
4958,18.198000531940263
4959,23.61800737180686
4960,31.183725581371412
4961,21.93388951774668
4962,35.94846664764074
4963,16.55387866903453
4964,9.551619652788457
4965,39.65193372417836
4966,11.16733071417665
4967,57.64992068247507
4968,29.08420957175359
4969,26.82216215766686
4970,17.569829837600672
4971,15.949840256897323
4972,29.58424260744937
4973,17.0582653294428
4974,54.670687236499575
4975,15.135305014738167
4976,5.772361839815148
4977,21.765459391853724
4978,9.334643835706569
4979,45.97652767221203
4980,18.391603961189354
4981,21.703164370651194
4982,28.998617107366854
4983,58.53508512338538
4984,11.546427739668708
4985,6.916315539378755
4986,40.25967290601875
4987,36.37133032306545
4988,46.55515553508922
4989,15.806003878959352
4990,26.499738635295465
4991,3.9504404633474928
4992,28.18441363654556
4993,7.132938275463669
4994,11.859572302277579
4995,14.098575945308482
4996,11.602539333412974
4997,42.83305805921548
4998,6.778140833860503
4999,38.213650202372385
5000,3.537838501834266
5001,7.774285688785688
5002,25.531642405152756
5003,27.507668265970704
5004,31.446989303458317
5005,28.225070423599583
5006,32.45379206208003
5007,2.1291515268189345
5008,2.831181196806466
5009,69.81170519259365
5010,22.701535152339027
5011,19.82944863280747
5012,21.636246359358914
5013,23.999320874344356
5014,17.94894525266719
5015,13.601574751883042
5016,13.508836104791728
5017,13.400287429876617
5018,3.693108524846303
5019,33.25569318153478
5020,27.537366884801294
5021,1.7428101796648243
5022,25.95018575047113
5023,71.60934639675204
5024,10.410838023406617
5025,56.21134806154317
5026,49.74956503176482
5027,5.430964864407627
5028,84.0849928535334
5029,77.39030417623324
5030,7.0970020047657725
5031,35.46861586054395
5032,18.096455741566164
5033,9.795495894218853
5034,8.61949819366544
5035,2.043668412555666
5036,27.095270413534667
5037,12.242091747877103
5038,9.615066139760671
5039,20.260264946715314
5040,69.16179715891315
5041,55.48612418721459
5042,69.12417036462776
5043,53.141526331891185
5044,38.894796081921996
5045,30.848564966012972
5046,9.562503129775642
5047,12.770857508410943
5048,84.1380793082257
5049,5.077005871794739
5050,62.09663598129372
5051,67.31262323364899
5052,27.79079581177666
5053,7.506715913945958
5054,31.204261123212355
5055,5.658092017848574
5056,7.366062231682154
5057,8.23754747379418
5058,14.88843368842425
5059,14.868724268018358
5060,72.95409622953348
5061,19.850410199929712
5062,29.14195314405448
5063,1.4107130333075621
5064,31.758815217258476
5065,45.89121021714174
5066,41.0855896429704
5067,35.60078407206183
5068,26.28133279695743
5069,5.01536690238852
5070,15.547030085386004
5071,10.707967789141819
5072,7.792767693966513
5073,25.927993469031414
5074,8.628755979848847
5075,104.85717508654969
5076,11.779903171271505
5077,6.629710080910893
5078,24.94436813742437
5079,6.240348006191154
5080,9.423591687144931
5081,75.66994843175104
5082,40.37749092003315
5083,40.43064214823485
5084,4.638859200791554
5085,9.525028738979778
5086,87.58515058784191
5087,20.550142632280345
5088,52.98623094684318
5089,3.9251192109058186
5090,6.457632419683226
5091,26.18456297241478
5092,12.480588495361202
5093,57.803277369648036
5094,56.548402179416314
5095,27.541598123863878
5096,11.971998512733606
5097,13.503224464748044
5098,2.507290441017571
5099,23.535213138527933
5100,6.311677507873863
5101,23.322395150298078
5102,10.514671902568399
5103,54.3707780021398
5104,15.618674224395187
5105,39.416897698020584
5106,9.486525036255518
5107,54.80215846832947
5108,22.207003287540886
5109,15.612798596797209
5110,32.226840117300725
5111,22.187795279451684
5112,5.508331333460314
5113,64.48024470212192
5114,11.196758313818336
5115,34.7949656874146
5116,10.922094313012678
5117,30.230818477815525
5118,46.245373859174094
5119,71.95714121252875
5120,4.29974570581067
5121,19.402303123561857
5122,19.631984995836305
5123,5.606554478120065
5124,34.74933367434453
5125,25.780722328742083
5126,55.94057596482075
5127,45.51889200020821
5128,3.318910304869806
5129,48.185423936495866
5130,46.055802700043344
5131,3.4506265329015235
5132,8.926939682451794
5133,18.813302269815427
5134,127.30087166303292
5135,46.270605429492974
5136,25.39075336488416
5137,8.524369665800117
5138,1.658252083064796
5139,40.57278117204923
5140,7.807058225270714
5141,75.32955986591588
5142,24.237951735737866
5143,46.777801013007306
5144,17.099155948915982
5145,12.065971121892872
5146,16.70785040615992
5147,66.64087902801256
5148,20.357971837961205
5149,16.937231042005777
5150,29.43889724731394
5151,39.80126193379844
5152,35.38988403292731
5153,10.2593962783961
5154,15.867351794423886
5155,13.476289394573833
5156,20.6503201069594
5157,31.24917697117919
5158,72.5699067965582
5159,35.425580709738384
5160,12.893814463713849
5161,27.014357174130424
5162,84.96433222275948
5163,48.368172555597944
5164,1.526963418336932
5165,3.694533451129656
5166,21.304209556373355
5167,17.09541373326795
5168,40.47612195157279
5169,7.988865984775774
5170,6.694731933138958
5171,26.211838152051964
5172,70.50962599738011
5173,46.09652942697859
5174,19.02270306475569
5175,20.54707553923759
5176,68.43866023690515
5177,16.932720985702897
5178,46.329613864455524
5179,33.25531396983913
5180,4.693538965532566
5181,54.39833875423376
5182,7.5410783740130825
5183,30.40708607772324
5184,25.55140057941827
5185,14.30324348945416
5186,30.252822105273587
5187,13.94724398749609
5188,8.060371100044264
5189,85.67855859306252
5190,59.48619665002945
5191,7.1080292718408185
5192,8.180223513648643
5193,7.115784429913137
5194,8.033965584445216
5195,3.8256749741845137
5196,24.89657375849744
5197,19.04368430279966
5198,43.23639685683095
5199,76.73139053541524
5200,12.724876920911608
5201,46.30988892969618
5202,82.41371652993863
5203,24.32789876008723
5204,92.29984157158307
5205,5.140618660423841
5206,2.9183032987273823
5207,9.525991999419464
5208,15.897907427481265
5209,48.900011943474084
5210,28.692186554718788
5211,43.99583979724454
5212,33.891841797606766
5213,5.90197003106384
5214,17.66381736255415
5215,7.26979238435295
5216,26.37418243332054
5217,4.329746334391803
5218,21.549482251304106
5219,19.758161493970395
5220,122.36145069316947
5221,62.430717645488855
5222,44.49686340569649
5223,3.4403848791867038
5224,67.43054423074742
5225,40.04493279171676
5226,33.79126793466312
5227,5.317657560861747
5228,41.59840303233086
5229,15.935763243123734
5230,19.430990395725793
5231,40.66753414222538
5232,20.222626744435615
5233,6.869818302906033
5234,27.492449920115796
5235,18.21671355628809
5236,45.02697350899681
5237,16.20222561085718
5238,22.1162701002129
5239,44.394158192958166
5240,54.517479749624925
5241,22.54699681964659
5242,23.088680196691513
5243,48.145445222839186
5244,20.80608887628616
5245,31.972230979205452
5246,40.44495503867253
5247,4.427588158232247
5248,23.465466897703735
5249,10.912269612233409
5250,8.035299065291667
5251,26.409235322288854
5252,103.47547175005906
5253,25.935164951870274
5254,34.73786011616433
5255,2.9047296593046696
5256,15.73906934380119
5257,2.6573618528239695
5258,9.507770798220294
5259,41.91878258157236
5260,45.641882754275215
5261,19.45369820325167
5262,46.61937343379656
5263,73.257294771019
5264,3.2696101830147337
5265,14.486780559882895
5266,34.0129902947238
5267,10.66497434415136
5268,21.78812674891185
5269,5.727192760464947
5270,74.68485043090988
5271,67.16049786530466
5272,7.813909348908146
5273,57.29884418914345
5274,71.96354142369734
5275,12.442508100252226
5276,93.40681267598858
5277,21.498999384224575
5278,38.51529820764705
5279,32.935016035441386
5280,49.386008958548985
5281,66.6777199221681
5282,2.9887695131522243
5283,21.719090299143375
5284,69.4256003640442
5285,24.309748537254375
5286,44.3086931145268
5287,8.938770236368702
5288,65.79622106209796
5289,11.642015952339797
5290,26.12042555396626
5291,17.12959038129663
5292,40.33442586416468
5293,47.12967796054486
5294,89.0448432606164
5295,14.070892704763356
5296,80.12360004179814
5297,17.873159395243928
5298,7.713858804891264
5299,8.565041392603417
5300,31.3398842968775
5301,44.29980099724369
5302,41.82668770457387
5303,22.86755881392221
5304,64.92279994021463
5305,115.60674208567868
5306,13.92106585601626
5307,27.430987840418148
5308,4.9733896259798485
5309,8.895741990009576
5310,28.69889488415033
5311,26.800698143814998
5312,10.436551101525646
5313,33.816668777056535
5314,34.99741130906179
5315,56.885917191845735
5316,17.837227840167948
5317,23.098400122501303
5318,58.876059881347125
5319,14.512294170490971
5320,32.03905612024626
5321,110.21577764566162
5322,26.19729732920349
5323,44.50701620268707
5324,2.3108030267718904
5325,27.821218757932613
5326,110.97070804703071
5327,50.74071739266652
5328,31.98349994658817
5329,17.39084067449195
5330,18.167302871327518
5331,15.343028736095127
5332,18.786265304286452
5333,5.706597978036525
5334,6.319437752453456
5335,8.40871795166537
5336,19.605478894978887
5337,23.770504112495274
5338,11.6929154363018
5339,18.259149308468707
5340,26.03997698332912
5341,63.8820053928144
5342,37.02914398509507
5343,81.99898676826132
5344,26.08681166088163
5345,8.782384040970914
5346,15.19246396129455
5347,18.952438098731438
5348,10.860186828360646
5349,4.208273507868164
5350,18.27957626022094
5351,68.65006346595605
5352,14.887161543485304
5353,9.461056938925488
5354,17.823853807402273
5355,19.84815194535493
5356,21.457382783559122
5357,4.156365973457285
5358,37.41759078174704
5359,18.76486036203531
5360,7.666842673396505
5361,34.024198609735265
5362,15.859559780645409
5363,55.00793222476996
5364,28.3856335640817
5365,11.569120400213471
5366,67.48793600230732
5367,30.007195914712987
5368,1.7868247370624346
5369,8.595429903903671
5370,7.74436360010612
5371,19.311007503294867
5372,18.47230506494724
5373,67.66551095744984
5374,30.855422219664693
5375,7.8889558472740555
5376,14.57562019102008
5377,72.73178064151688
5378,8.020030180946037
5379,13.461196093967205
5380,22.21127421458379
5381,9.813976621004729
5382,13.55471300992982
5383,27.22952077193535
5384,34.24583488152326
5385,17.149316567796838
5386,82.63068596614605
5387,35.28983172629218
5388,13.41135051684211
5389,18.068554526217028
5390,98.41796523771546
5391,16.305646403288193
5392,7.176613146656788
5393,46.11043210084387
5394,72.44621551273082
5395,6.586921663808086
5396,14.338991428003766
5397,44.612763428522484
5398,6.929880599421433
5399,26.77274173451437
5400,25.659552079489252
5401,21.621498495681756
5402,58.017860125628204
5403,30.380785499990022
5404,65.26714252361302
5405,13.297202363346294
5406,8.753365429495796
5407,16.511076191614265
5408,42.65608457788399
5409,4.152480617765702
5410,92.77426985846941
5411,22.20032901069514
5412,37.80785272343821
5413,11.341786357082931
5414,12.78551795773534
5415,21.241549504307912
5416,47.6081565847022
5417,33.062782936283035
5418,10.881934034314128
5419,19.186930767326373
5420,21.446326705483038
5421,44.48903778732893
5422,22.577262825659353
5423,50.835488769912665
5424,33.63155174235601
5425,20.551550948728618
5426,12.457630774413794
5427,3.917914914661546
5428,9.212683323475012
5429,15.295020658694437
5430,35.37581500132161
5431,63.528835521879856
5432,8.765780011528989
5433,7.165414750369429
5434,59.075180059969895
5435,23.628739264656353
5436,54.1715013612442
5437,2.455558003178254
5438,3.3689273475621477
5439,42.36372700585659
5440,39.9724346893405
5441,6.980588582349428
5442,29.02284881228702
5443,17.694319047461036
5444,17.42660141875156
5445,7.637168777422614
5446,5.026117274895022
5447,5.354968330659314
5448,46.585992262333505
5449,1.9852824656896488
5450,22.383267650508248
5451,10.273601422620445
5452,6.22860752035651
5453,6.118799091942472
5454,39.75050788537045
5455,4.488456613689373
5456,17.178102045766252
5457,76.72754187630399
5458,18.95157782587367
5459,68.00612687296356
5460,18.24015554049755
5461,29.65717468930937
5462,38.27602096778136
5463,37.65446451265338
5464,7.498242806390335
5465,34.788261229298826
5466,90.9040909026424
5467,13.572739173892328
5468,16.097709206404677
5469,15.230170146445317
5470,69.77554843289786
5471,10.563335189841782
5472,14.132371109903906
5473,10.845202017884672
5474,28.77737394445701
5475,10.46520091833434
5476,19.316350979503117
5477,38.6419837453495
5478,38.11419109170749
5479,25.78694426475845
5480,53.97881869741066
5481,17.227532665805807
5482,20.45384630589624
5483,14.533990495734553
5484,22.19412977463865
5485,38.04524387975094
5486,6.838318005484948
5487,62.27438128496722
5488,45.446332586417554
5489,17.615313168934808
5490,29.43959135760596
5491,34.664583838554556
5492,29.43325749510447
5493,21.865111377155888
5494,65.7614736876896
5495,33.02261109968801
5496,6.016174901523414
5497,3.034996618948213
5498,40.57496159907577
5499,67.69497094828873
5500,61.084255332096156
5501,5.434136527044172
5502,28.77965143967654
5503,20.546517332962964
5504,19.5257989550441
5505,6.224113783586155
5506,4.768566899802478
5507,39.2367176986704
5508,55.68151656865152
5509,5.042686358751318
5510,17.48181817236291
5511,58.47659599148347
5512,26.690472856242984
5513,23.832478377134876
5514,68.30666271365928
5515,102.07761292243964
5516,22.661059001954484
5517,78.05093136087945
5518,14.063494292685762
5519,16.39978799132934
5520,11.339589130827825
5521,2.6270478157867174
5522,7.6189522420065385
5523,35.15253609033752
5524,5.631062370404358
5525,47.717666454082185
5526,37.255810050479774
5527,29.425587086603507
5528,8.718187066343528
5529,40.46442289681984
5530,15.251009425438646
5531,3.026375424126951
5532,9.673291733351807
5533,36.841389494385645
5534,4.238514272016063
5535,45.51034686280772
5536,6.647778891896513
5537,12.858166817340845
5538,28.65629832766023
5539,4.81122550344303
5540,19.704387991709353
5541,66.33179905514814
5542,82.11773334192215
5543,54.09611958022378
5544,15.9777656674875
5545,18.19045214458344
5546,79.03742527627236
5547,2.8089548678393097
5548,41.807801717500475
5549,13.123356839197601
5550,17.55019984094747
5551,11.172220630793975
5552,13.251037667402258
5553,25.019199147873774
5554,14.006040430643
5555,13.62396308884663
5556,108.65246734864502
5557,13.160893297303645
5558,80.38939255011839
5559,50.696190848709335
5560,4.042645780802238
5561,15.072563496278676
5562,4.928855580577082
5563,17.350898657450642
5564,12.75347427561852
5565,88.10266607773059
5566,33.23936112064046
5567,34.127764148062845
5568,39.44061639611619
5569,41.93642836329316
5570,49.154289494059284
5571,4.215798935697924
5572,45.64328648250416
5573,11.442475026900539
5574,36.38737977378355
5575,28.199568120093545
5576,44.75335111095601
5577,8.895399491479388
5578,51.93323683515014
5579,31.455203076327344
5580,33.00326217947315
5581,5.172528669256634
5582,3.70627729236572
5583,23.863906790282876
5584,28.345529096398437
5585,10.864957842143754
5586,28.471778966574753
5587,34.33233130508769
5588,24.078251042527008
5589,2.2158702786790734
5590,36.5570362039514
5591,26.295600494057197
5592,10.857161056060225
5593,51.25870239080631
5594,4.77894472488555
5595,13.201407696230609
5596,15.311747785498644
5597,4.29643197887846
5598,15.177197987584215
5599,31.701812605780702
5600,9.185863405986975
5601,35.87692355175303
5602,7.731534691818378
5603,46.114590885329825
5604,55.034713010957155
5605,20.365882654200497
5606,14.01071511400651
5607,9.033791833132476
5608,2.4810195162037068
5609,14.387889323216308
5610,16.341841895496515
5611,44.179720371958645
5612,10.324387780774272
5613,21.59453508979075
5614,15.729700936282018
5615,29.277789269655855
5616,18.471292714578652
5617,11.5781906941412
5618,4.92773566409803
5619,33.45982945612828
5620,6.0909289919905945
5621,61.84630534778821
5622,6.912948637820852
5623,30.386561943498982
5624,5.108262290194967
5625,8.875697743160021
5626,4.185266870916001
5627,51.91451788227107
5628,24.003670185496972
5629,60.68582626012304
5630,33.92044538143353
5631,21.911450771655943
5632,19.23455353150649
5633,29.6915337213143
5634,18.076311185983826
5635,2.6602655367525516
5636,49.366511891039835
5637,22.053684709550467
5638,14.780479643073333
5639,13.250095519367822
5640,43.990934726509415
5641,6.993343575628648
5642,12.902216772026168
5643,21.07799064272681
5644,15.234451319517433
5645,10.601833848494579
5646,70.02422779885771
5647,38.470894478128145
5648,73.32690606070278
5649,10.365731732814343
5650,4.332816817151239
5651,125.50053102186813
5652,9.60099792536631
5653,5.673262334664418
5654,31.694337222490226
5655,9.709558613868543
5656,24.800796519853254
5657,45.88772947596766
5658,49.07274020010203
5659,113.68883853490749
5660,16.254074658087593
5661,15.74378602418877
5662,8.022582037572283
5663,2.2285744977169974
5664,40.49744729848649
5665,37.26903365057959
5666,18.56522075509138
5667,25.762754142773982
5668,20.150794788775183
5669,29.127313783159103
5670,18.218705341479676
5671,91.46601275183397
5672,26.633973612212838
5673,16.31593946475845
5674,8.563900364646194
5675,25.197984743555434
5676,12.090344378968092
5677,14.054357323073294
5678,34.81862759363695
5679,19.398257682235727
5680,24.809160876151466
5681,18.730334384243395
5682,22.52185933915806
5683,9.185717355689768
5684,25.23465649178935
5685,35.85087870382322
5686,27.931123114695936
5687,27.811234561524195
5688,9.70022409499396
5689,9.436458614174164
5690,46.37942222768622
5691,112.26654816010192
5692,8.926539064126436
5693,32.148583351175546
5694,6.725254370308425
5695,49.5795811734373
5696,16.60937627352355
5697,17.089684161739843
5698,7.2940249053744814
5699,20.173265269151344
5700,36.183473786570836
5701,20.489365664523294
5702,5.704519384690407
5703,14.372839787439567
5704,11.400659300959731
5705,23.996113062784424
5706,19.502807443202112
5707,31.770978650572502
5708,81.79818828436763
5709,45.69654585088322
5710,72.81416940798148
5711,31.803946019093537
5712,17.547788915769463
5713,18.44187118163962
5714,19.90867602539892
5715,13.770984325871094
5716,25.224807959411155
5717,12.370896764396258
5718,3.032438871334751
5719,28.061106092974338
5720,20.61944378881486
5721,34.20006797489264
5722,4.113494151634786
5723,50.800567698395255
5724,8.131694178679918
5725,3.6502210710440783
5726,68.59374978598952
5727,11.171792533414022
5728,52.628762812196975
5729,23.57898907566024
5730,15.00415678044061
5731,16.683956134737592
5732,13.426386300857946
5733,16.960647866153717
5734,47.92408322541003
5735,5.1479903513776195
5736,44.381489374673336
5737,5.461193868551659
5738,15.804665999213341
5739,22.20664872598896
5740,13.22147195654567
5741,71.1896345278424
5742,9.910394611623913
5743,26.09402384726529
5744,40.21978827648415
5745,54.81835412337507
5746,77.92216620666879
5747,31.741620504563276
5748,27.921946994550744
5749,2.397015642947605
5750,22.48265715548621
5751,18.589990833089317
5752,19.491439753532045
5753,8.554780563048963
5754,22.63056393292238
5755,13.949847863333089
5756,31.329013472832692
5757,9.5202373313956
5758,11.7449040913306
5759,74.67039563320259
5760,4.829480936528978
5761,22.236511004353908
5762,12.633779660040222
5763,9.593041325045938
5764,33.43511979322037
5765,57.5548299474638
5766,48.516219349664944
5767,59.02143502093439
5768,37.606250059402704
5769,72.91285253358866
5770,6.489259423603173
5771,8.004676494159652
5772,10.503602263298179
5773,37.93639599872697
5774,33.53872605940908
5775,7.890506452527945
5776,31.076899971158895
5777,67.31377229629341
5778,3.067794550161124
5779,58.165178091210144
5780,79.22354887148155
5781,2.726876811558371
5782,10.671916437646763
5783,40.308769845472334
5784,45.41630794152749
5785,8.190148830127736
5786,48.46268529409561
5787,4.6145425465557395
5788,7.868107630873653
5789,36.148418611486356
5790,55.20452481393981
5791,10.37917348707164
5792,74.86947534933668
5793,42.8080929606533
5794,1.6817338473122774
5795,56.560380045558134
5796,5.418489486656295
5797,32.757015617834995
5798,13.161863150867788
5799,5.262029812412729
5800,57.462347666231295
5801,44.009274720035535
5802,5.776987760728733
5803,14.309815443568842
5804,7.802750982067389
5805,9.683441205048315
5806,27.75147536870217
5807,58.597789491228355
5808,31.884382610977383
5809,20.0261083535977
5810,1.3363100237177863
5811,20.614426602200133
5812,14.411169603889242
5813,15.87068585998796
5814,11.671955403269486
5815,15.943847602127201
5816,36.630575476454496
5817,67.02993657800458
5818,47.137589355507856
5819,44.75092364286008
5820,4.15598603950929
5821,29.162151504820834
5822,22.57274274717487
5823,2.3469443618488883
5824,16.7989521617503
5825,43.66040566872456
5826,15.658886959851483
5827,78.25205481528948
5828,19.968538131222914
5829,10.6819313839888
5830,8.164258596806317
5831,9.179674935193216
5832,68.26052029061145
5833,70.02337824074269
5834,19.288779502177068
5835,14.671465342887718
5836,24.273927672583806
5837,30.53519976748787
5838,46.016144510377764
5839,5.990173862616598
5840,29.784210160430312
5841,10.603597908401408
5842,62.276580798152594
5843,2.8310490803472876
5844,101.28500626299547
5845,8.833615894716152
5846,95.98219725871428
5847,22.887267778253836
5848,13.084701344169874
5849,3.3158162590082485
5850,105.16713360762532
5851,5.940042460185354
5852,82.7933990165997
5853,25.984875956782098
5854,2.549747579906996
5855,4.588146029591272
5856,18.419237104911616
5857,10.048078541254034
5858,20.529718508631035
5859,56.125328061063215
5860,3.9208188553058276
5861,8.664395739024956
5862,24.158575771517498
5863,6.946351411149246
5864,58.06489068889988
5865,31.521959382220874
5866,25.514549846473127
5867,44.7882695882235
5868,41.805064015540346
5869,55.94464077505809
5870,8.169298011453987
5871,18.859717943146695
5872,61.45458818749235
5873,55.97692125565517
5874,8.02767319851926
5875,27.81709505681786
5876,9.000083561888086
5877,7.661743311882487
5878,34.3863512386723
5879,12.351261551958814
5880,28.834154524046873
5881,18.326844760952497
5882,97.77331182342328
5883,6.3714910799004
5884,61.861724023844786
5885,13.736430970953666
5886,36.96310012540664
5887,45.568823263760294
5888,5.917248522684645
5889,34.57024868723442
5890,13.262128771949124
5891,39.31851540506571
5892,65.22106118693236
5893,46.48415789832836
5894,34.79960199993972
5895,11.59049291518998
5896,16.41854508131492
5897,53.877323256256815
5898,15.143440531973477
5899,7.386087548771832
5900,16.907840313137438
5901,77.45552335119888
5902,16.615765407251338
5903,30.77023508201121
5904,34.03619335772956
5905,13.503699697180124
5906,5.0987126234878755
5907,19.036791526338323
5908,2.1832920278387413
5909,8.203010359790547
5910,9.619983950061066
5911,9.60163533470429
5912,40.43960109975136
5913,10.717345989727406
5914,109.79264408478933
5915,68.59893000150434
5916,9.88081277894554
5917,12.334945749919704
5918,16.533593086410644
5919,34.547110561031
5920,27.87068362217086
5921,13.737108116356243
5922,2.663192119526309
5923,2.6153275520453247
5924,14.060953880609155
5925,26.10552468692319
5926,22.182275668459642
5927,9.149129551095314
5928,59.36580127076746
5929,25.601130457617465
5930,35.94397745340674
5931,30.306348286495915
5932,34.67601963252188
5933,48.07047139212146
5934,12.041616278941188
5935,29.12700942513618
5936,7.446550264254238
5937,52.38710082590812
5938,2.347922211410281
5939,61.70371822361956
5940,19.108352435243773
5941,6.375035211985905
5942,71.44216700153295
5943,10.628969013719217
5944,34.09766390440943
5945,2.753713738599637
5946,7.914048524114624
5947,14.4309316243943
5948,17.048080826903313
5949,75.27467666522054
5950,7.994501609406262
5951,26.64375245902476
5952,28.65799511313686
5953,12.005648071393612
5954,20.236117154231835
5955,23.922616416496847
5956,5.894606970550428
5957,7.5959439702167115
5958,18.44940804170957
5959,32.39017653443579
5960,19.030749807022588
5961,29.283005912721258
5962,12.659422369723202
5963,42.667561262303536
5964,13.865917249112165
5965,2.8274584850575204
5966,16.9033742601919
5967,20.48324463045438
5968,50.52774085732254
5969,45.47650556649293
5970,12.131438289481423
5971,92.19938717970143
5972,15.461438900789188
5973,47.7743851087283
5974,25.248924793953936
5975,50.08247420085593
5976,27.53298454436565
5977,32.567306217580935
5978,32.21357780656814
5979,11.963317117722397
5980,34.043147661914055
5981,10.783836193107758
5982,41.28460395691877
5983,3.156785353688459
5984,32.36235371730747
5985,22.561279262541593
5986,19.642573781266154
5987,13.646877487868792
5988,13.940556962551463
5989,87.08320827135856
5990,97.48561153797519
5991,54.40243893693279
5992,43.59119749109491
5993,21.822931886325836
5994,71.09875180795134
5995,37.13986472310526
5996,85.44879009382052
5997,38.60325081107463
5998,16.216120622104864
5999,17.39118672509718
6000,16.913770987306272
6001,3.960398098757227
6002,18.936011822615253
6003,97.61179168586713
6004,16.273466443925802
6005,41.870358067606745
6006,5.619291422601797
6007,27.60498995480975
6008,45.465346662542736
6009,8.457937082735045
6010,3.7203930017867632
6011,19.56576201088391
6012,22.592879812835985
6013,22.9906255597933
6014,26.16936722451182
6015,15.04011149702678
6016,16.724199944066676
6017,25.67095582109757
6018,101.7073643693486
6019,34.27278142642133
6020,83.72626218140059
6021,20.763860396200073
6022,43.224437828791736
6023,40.273808199445206
6024,12.68422425043019
6025,40.13644166070659
6026,10.479990351750352
6027,8.671141685969568
6028,10.238039120101519
6029,22.914113741432672
6030,43.11126150016564
6031,16.47100555794078
6032,6.820465423840012
6033,35.446114657461926
6034,40.430975528627705
6035,5.844638254495631
6036,46.01639630487884
6037,36.25759629008269
6038,18.184845100073144
6039,15.63412677559515
6040,2.4980468931204425
6041,6.9364007384619555
6042,2.7102996769385923
6043,16.582210062146558
6044,27.409976676572064
6045,18.19758724817693
6046,117.79348062444099
6047,36.41285494470065
6048,16.68661200142639
6049,9.156699906113781
6050,10.757418369791818
6051,10.79991127151826
6052,18.29895160081312
6053,69.00822552374913
6054,42.9356161258992
6055,78.60775945178901
6056,10.051394111278336
6057,29.92562072326681
6058,55.61047465957694
6059,33.28690712305546
6060,5.563513709940879
6061,10.060211238308797
6062,55.88069001905021
6063,33.87383008630343
6064,20.13851252538546
6065,51.516416144362516
6066,7.282208798022776
6067,3.975060643246799
6068,71.15520067004077
6069,16.27606730100983
6070,26.548624669498228
6071,27.698143931076764
6072,18.04638068728577
6073,59.51864846209417
6074,6.0966148345409525
6075,8.627845022948396
6076,17.348908459174986
6077,3.5559939033166255
6078,1.9893776195671626
6079,45.57137759122612
6080,52.65818511520133
6081,11.639197885825617
6082,38.35744250535258
6083,68.97094768476893
6084,9.274631917513767
6085,4.426565411303585
6086,12.959986092357285
6087,5.692702677020645
6088,13.584041404678777
6089,7.355056296786203
6090,32.862372752530945
6091,12.663018795837962
6092,27.18981116377074
6093,30.9937670969832
6094,124.01621435269969
6095,42.86488528856401
6096,31.265227615001432
6097,2.551443652474337
6098,39.33116366668572
6099,35.460620754079734
6100,9.390895829582238
6101,42.862309084528846
6102,16.328018444212628
6103,39.93938220397795
6104,15.156888995855311
6105,67.97722353249839
6106,18.38956220752463
6107,37.05850244084641
6108,45.38846810424962
6109,17.240146696991353
6110,2.526851069716662
6111,6.66746922114957
6112,29.880536653722473
6113,23.19148414686407
6114,45.61139498260903
6115,18.255818256310086
6116,35.3208980949561
6117,8.316555049046285
6118,71.13963445885733
6119,94.86471467765654
6120,22.16846243274141
6121,8.21957264310613
6122,5.089168670490674
6123,19.7592390591511
6124,45.43794354916896
6125,20.9688850738084
6126,19.55183872762781
6127,78.98142160281755
6128,10.964231485482975
6129,29.654241914228717
6130,48.07642154786528
6131,33.08469864130258
6132,51.906881588314924
6133,28.281523325593994
6134,114.86805151556918
6135,31.79602253662866
6136,91.9574530919562
6137,10.091258275077813
6138,51.89583807660383
6139,33.752494299008134
6140,97.41138975192091
6141,23.822167536893687
6142,39.8982980647924
6143,59.580108661208925
6144,8.450838907828972
6145,32.02260666080694
6146,6.02850243318529
6147,25.546310889322793
6148,28.76068257211063
6149,19.313640508474133
6150,35.07007725290884
6151,16.75025440615351
6152,6.657049421885458
6153,3.9492305649545663
6154,44.33736814285881
6155,19.89241585060643
6156,4.113981767070858
6157,6.590794692949921
6158,5.964497410310361
6159,26.41317946333048
6160,26.110991537812403
6161,49.21588053328911
6162,11.567713399889687
6163,6.52887018120672
6164,15.264568290462982
6165,6.353439586673764
6166,53.91804361803116
6167,15.922021265603762
6168,22.103436167925942
6169,32.18527855638203
6170,11.91687038226851
6171,6.074493876033907
6172,35.643085566076884
6173,27.09363814034679
6174,17.301883610127575
6175,7.390247671229148
6176,67.06008133937044
6177,5.766266882223661
6178,13.773806721107537
6179,30.130912478897866
6180,70.95532518617502
6181,99.5745381843132
6182,6.830668342495592
6183,23.94089961028285
6184,5.558345148830286
6185,22.15283420136815
6186,13.270033688236078
6187,24.806767239540413
6188,16.685824836795085
6189,31.058563052957943
6190,5.972154266541841
6191,38.59022082154432
6192,9.766837064341663
6193,17.387804920799802
6194,7.961959203377833
6195,24.61163477851732
6196,9.061210525905883
6197,31.76443567291499
6198,14.167278100178626
6199,25.469360741277765
6200,27.361723471198477
6201,22.771011141000372
6202,39.63717268228768
6203,18.733790761367555
6204,20.308178895050784
6205,34.68939133091089
6206,68.80389053735456
6207,8.596073176583724
6208,28.264586305718638
6209,4.899556005772492
6210,8.200568877920382
6211,19.015830212526016
6212,14.816514168778783
6213,7.823878766157035
6214,23.51880944953773
6215,28.366025199461923
6216,21.12188100177012
6217,32.714907445786224
6218,11.852272504584374
6219,2.408854604386746
6220,18.657658467844445
6221,12.861199866373175
6222,13.227223390820145
6223,17.79831144189001
6224,4.036809472230596
6225,31.426207809831542
6226,44.041414076075434
6227,14.608965173898257
6228,25.297176006270544
6229,11.87581720967179
6230,62.13916108230251
6231,52.16780756645734
6232,69.0564926540859
6233,28.638132464669187
6234,65.0989212674515
6235,23.89521470909205
6236,53.08623823217138
6237,24.25749179810269
6238,38.15736182706632
6239,72.9104145478646
6240,49.10510806667417
6241,6.0328267765987444
6242,15.040179350107193
6243,68.15318482375399
6244,38.91834453600963
6245,27.32926897611738
6246,15.455198418859064
6247,52.91906943420301
6248,3.8121175221247903
6249,11.724069612095775
6250,11.522004609918291
6251,61.0495417275405
6252,119.94620639638067
6253,30.54145484511949
6254,4.756052462102337
6255,50.883095356194076
6256,99.70686219287781
6257,5.4648807003950495
6258,22.64446153867048
6259,18.155772907967197
6260,3.954244690236625
6261,4.072255748800435
6262,27.53348299154047
6263,16.846104058420334
6264,28.457359176306397
6265,21.568083352296
6266,47.2993460440994
6267,30.231896935064235
6268,38.372673570058765
6269,20.388177910603737
6270,6.186698325768179
6271,29.49499544075691
6272,4.8791408777953675
6273,31.51788224608071
6274,7.431991359955726
6275,17.64103464716324
6276,9.355329501333463
6277,30.117321000404495
6278,39.54984703981464
6279,10.583598159124904
6280,36.41479569080589
6281,15.466477581897088
6282,40.22344222038538
6283,50.78454224571432
6284,24.399878627047894
6285,26.858289663893764
6286,60.72558678822977
6287,29.167080007091887
6288,9.064359482333241
6289,17.59035685871119
6290,30.770403998383458
6291,14.608741099506961
6292,5.084826323147872
6293,6.906474100631619
6294,37.30307941000926
6295,53.70453945788545
6296,17.34151923898403
6297,5.761095528262565
6298,42.00605715859491
6299,23.774291876312613
6300,22.538570669838442
6301,18.93439767935847
6302,5.440544694284039
6303,18.52535581885204
6304,17.779686335396416
6305,26.304457666236566
6306,5.7391180602266925
6307,25.56398307663942
6308,19.449401308992794
6309,28.23449566710864
6310,70.2122886853831
6311,10.366877995642872
6312,49.27225886565434
6313,2.49913180070374
6314,44.69410406377641
6315,40.71903089760246
6316,21.474888512557108
6317,17.2839487769407
6318,2.917552933155881
6319,46.30217307795081
6320,8.112534087469161
6321,5.947957219419641
6322,25.85251575508101
6323,124.83981221826332
6324,32.271345051081745
6325,34.49855530937758
6326,75.91576578059578
6327,34.47736308970307
6328,7.542207788007117
6329,19.01971971767712
6330,19.422514990038835
6331,5.561232774898464
6332,14.972997763547495
6333,4.511974493474278
6334,28.164609621391154
6335,15.443331577676224
6336,17.13262686753434
6337,19.620155715107053
6338,50.982891667326435
6339,26.355756574885582
6340,60.04974968493558
6341,21.79454792094278
6342,39.77060136659813
6343,45.02789991436284
6344,19.70140308508411
6345,54.95047022544188
6346,6.95800428803512
6347,57.012416553056696
6348,16.05436048435507
6349,76.57467487170533
6350,26.19072712919802
6351,49.40409310866066
6352,9.782954263755931
6353,32.377366807854656
6354,6.0464511552437035
6355,1.915771648783336
6356,53.19884938544857
6357,3.8652252509389387
6358,22.001207453831466
6359,5.096634239092549
6360,7.106822101098588
6361,39.52377319101029
6362,12.077876643433527
6363,58.82046286073272
6364,60.60241409142547
6365,67.14677018893902
6366,111.63130115625205
6367,15.045523078142075
6368,6.431774981374354
6369,39.94577712692585
6370,41.52689034695134
6371,27.10687541698652
6372,25.86983392339893
6373,4.296310568444132
6374,5.640084295728455
6375,7.1582015480655015
6376,46.810342624794714
6377,12.735830519737977
6378,5.531988478862946
6379,11.213941064215152
6380,11.17933986816565
6381,72.00709729064428
6382,23.980235522554395
6383,9.805931052986645
6384,64.2853236222691
6385,47.941008718263674
6386,39.7575360187978
6387,24.299169514090803
6388,14.797449934347696
6389,12.277298834588763
6390,57.21989507709468
6391,2.761591644935219
6392,57.04474726807605
6393,6.874006876702651
6394,21.616939032038715
6395,17.12699817856946
6396,36.324793143176635
6397,30.434790453294497
6398,41.245198797527294
6399,17.663684046229186
6400,51.916691435090065
6401,40.43271263488443
6402,6.0788376565711815
6403,15.987040222098408
6404,11.564521163913554
6405,25.01472198228705
6406,132.3976525024831
6407,31.541668805008168
6408,15.174683734724256
6409,12.78434752626659
6410,36.9148767727946
6411,17.68059382465763
6412,77.61921400941003
6413,28.01442075020772
6414,2.7373818504493097
6415,8.212649813597155
6416,2.951174134395977
6417,29.587752937567185
6418,6.502951435123966
6419,15.118569446720489
6420,34.35169560018071
6421,5.480615615956044
6422,16.790889074888003
6423,22.349840497214593
6424,6.822050126266632
6425,40.73883645699932
6426,48.31738580042473
6427,3.52943967103349
6428,42.71661787782642
6429,6.682126542413643
6430,6.293390217831757
6431,35.66610720583727
6432,5.284121751731804
6433,81.13029885190333
6434,13.671954662301902
6435,2.143837341886874
6436,5.076313157058008
6437,31.76846442788893
6438,41.17503027028374
6439,35.168819456689796
6440,8.159741888131178
6441,17.262913543879858
6442,6.877202595984864
6443,36.07121136913295
6444,38.22964301019209
6445,75.44501043159727
6446,21.938668743276576
6447,16.541847043383644
6448,11.591959377939647
6449,27.401084897219963
6450,6.95203527619887
6451,14.396181149559068
6452,37.85773396726729
6453,5.253596606410393
6454,22.45460002179618
6455,19.061568440816266
6456,1.484810166071564
6457,15.485029785056987
6458,7.367917354506921
6459,29.592456761384753
6460,39.495625571398314
6461,37.38561973563715
6462,43.71519584096023
6463,62.47486710879095
6464,62.501263097523314
6465,25.863612685239005
6466,41.853636279440316
6467,29.155218387091523
6468,57.1337439056026
6469,5.00043470415269
6470,66.19233441600893
6471,58.2258735759093
6472,22.19262587569991
6473,95.00141132251225
6474,5.117859327919641
6475,8.467658870636743
6476,13.342233905098887
6477,2.365291783349601
6478,17.08641542418585
6479,8.358465635647086
6480,7.954720710053882
6481,13.757662823951936
6482,44.91824968497636
6483,47.838641224312596
6484,37.36374834756201
6485,2.966719157140212
6486,1.4918991171635556
6487,26.765163683263207
6488,14.408518862347416
6489,68.88854696812795
6490,12.539353505081241
6491,52.65612427507641
6492,19.572698323585904
6493,30.561551071469385
6494,57.393363198376385
6495,10.183647138351883
6496,68.67578503135994
6497,8.07529162578517
6498,28.946424843254736
6499,29.854181864534024
6500,16.35643412407017
6501,3.578563394233609
6502,2.3326052203980687
6503,64.4617950321625
6504,81.13037524723546
6505,46.604107289264455
6506,25.541358757982607
6507,17.487013324673907
6508,65.01977365463704
6509,12.296742429521931
6510,10.51464780994273
6511,82.97668786169417
6512,27.969401127205522
6513,28.891383139115256
6514,23.678842302909842
6515,52.88561496881927
6516,65.01125622066279
6517,30.117524794408837
6518,26.085285337658966
6519,25.526677685576217
6520,90.71627464972651
6521,4.054790466964834
6522,11.195991336078961
6523,31.310556068215153
6524,27.94797750658237
6525,10.313636842568798
6526,2.451200087395836
6527,12.412775165826101
6528,7.0127226518191925
6529,10.632751372935058
6530,22.31568903984351
6531,8.443361158048528
6532,73.03103032174573
6533,25.588811084759367
6534,14.895007565016705
6535,8.834412059610312
6536,3.192048400570788
6537,7.183979426520384
6538,40.89278102409531
6539,44.18267558082742
6540,13.955354224696215
6541,31.706325323280268
6542,33.54889600936415
6543,24.409154496377454
6544,33.540761197501894
6545,3.061866188394724
6546,10.6164400702262
6547,21.446499182717464
6548,21.754208110567042
6549,7.0760860818582465
6550,43.95479935562334
6551,15.917173655298797
6552,16.46013421766683
6553,34.652930666576296
6554,47.00679449003197
6555,13.047379734266773
6556,46.74729497574069
6557,35.275064316939094
6558,14.89881802937994
6559,7.225143683653934
6560,31.09443635011714
6561,60.70607492181363
6562,11.739967316780714
6563,38.452765451202694
6564,16.477076488972028
6565,17.558052518265576
6566,54.69972506714543
6567,43.03620825506672
6568,7.220553779084613
6569,14.259281918943971
6570,2.442122944314132
6571,41.75427315369248
6572,77.6295498929065
6573,4.295178425073992
6574,21.531861902395235
6575,10.884955207359905
6576,20.777563377504933
6577,42.66218149954112
6578,7.066586906525354
6579,51.9632863412462
6580,32.154934944493554
6581,35.96713694461601
6582,6.83763246442888
6583,8.674051487310228
6584,16.156060745763302
6585,83.47172489517143
6586,9.86386271340866
6587,10.434225248160432
6588,12.444821426753602
6589,47.806722442990136
6590,69.78500743415823
6591,6.833402856387709
6592,40.89087083392693
6593,34.93121446297971
6594,19.91218260260768
6595,101.86265118978298
6596,53.108946686779994
6597,14.238480975850731
6598,10.451850048989627
6599,33.52874848947645
6600,11.076180223396701
6601,2.5204950158852175
6602,29.17164812316677
6603,19.07035451691055
6604,3.4417032697930905
6605,2.2856246666421303
6606,25.233944587357463
6607,2.9233867849711954
6608,18.58657758257368
6609,11.44156272599
6610,22.20699007257977
6611,7.150477240739767
6612,46.64521489989438
6613,9.013217736380817
6614,53.41637751638159
6615,43.9532471018957
6616,35.83227616558803
6617,12.03256496472638
6618,14.224763730329279
6619,39.50175194721868
6620,31.523949301349212
6621,38.29640360140221
6622,13.802843772743664
6623,8.61584619924994
6624,48.354085661450455
6625,16.675923329079964
6626,28.748730943504015
6627,12.2647536413197
6628,3.9084500657310453
6629,38.983895274791976
6630,15.938914000308598
6631,24.79615564420906
6632,16.54277338938195
6633,31.246654234049586
6634,21.690868746865604
6635,13.78287568445946
6636,13.04107140340544
6637,44.372302017524916
6638,9.21954517963892
6639,11.996667263750158
6640,38.22862091998799
6641,47.21622466468912
6642,25.179077955852932
6643,26.402106776040227
6644,31.57300807086567
6645,101.91492032314935
6646,2.524238752429012
6647,25.15332559708666
6648,9.554037171347083
6649,96.45209581410046
6650,18.44870557178485
6651,17.202424755371364
6652,18.344178480267182
6653,26.94252713758706
6654,41.42937659494591
6655,34.693886687381266
6656,53.0107705544479
6657,52.337635936261634
6658,19.110273806702356
6659,39.35993212863396
6660,49.78227011748387
6661,16.69178708409661
6662,21.095204950995072
6663,19.273738083424604
6664,12.018475337903048
6665,59.81917202461918
6666,1.3702520047149855
6667,41.72649533829967
6668,7.329757605379381
6669,2.0605792085806875
6670,4.055240056027087
6671,18.43695750091402
6672,13.463316338906825
6673,36.86727880591866
6674,86.08478345294812
6675,33.532321969652095
6676,65.33819780624506
6677,3.8532024760153134
6678,44.31330586439217
6679,32.20393393052762
6680,8.035872355521578
6681,5.4573562782179454
6682,22.622930852974022
6683,8.504523372558449
6684,31.903221619529553
6685,18.004123099882065
6686,23.215058002184772
6687,16.51711022943715
6688,20.39403372261145
6689,51.18214431762933
6690,33.85805045479842
6691,9.231848307573232
6692,19.13964732270776
6693,10.633616662500241
6694,24.648540074044366
6695,57.374194972633624
6696,4.298004926045267
6697,6.001033531087284
6698,86.19751551668807
6699,7.4305691339147035
6700,24.96419939046033
6701,26.806171665865364
6702,20.678608189488603
6703,38.84748893629304
6704,12.982072382645315
6705,38.85870255761016
6706,1.2646304849802124
6707,11.268879889345666
6708,13.7089981033217
6709,27.356446790242043
6710,18.55919858406069
6711,10.169220776381167
6712,5.728516680405083
6713,9.250614028640847
6714,6.402678406109607
6715,9.976382899879518
6716,9.153399719283856
6717,6.816723672661135
6718,18.18122562429211
6719,7.439559726926848
6720,36.329533001407434
6721,28.511790865107063
6722,12.850485540203346
6723,25.77872384315173
6724,13.971659938308893
6725,37.92899259331534
6726,32.2603528725663
6727,14.39868141129243
6728,2.0472902928523418
6729,14.810706177953136
6730,17.938423595946755
6731,17.16879716268025
6732,2.726260578319648
6733,8.332018820829578
6734,56.18790819629839
6735,21.279958212205294
6736,33.96987494177435
6737,18.05841623785254
6738,6.216087616302546
6739,17.431299919925
6740,12.745687495161139
6741,11.006872569121386
6742,23.422779318765556
6743,18.219588232884696
6744,56.95583221587407
6745,33.3367225081684
6746,58.87318909732287
6747,11.708917029475234
6748,33.889428848770805
6749,15.258663902554035
6750,6.684589829492461
6751,6.520244250482252
6752,2.551066234789218
6753,74.76670376167736
6754,48.59628314019475
6755,13.698699522588264
6756,11.847309682506017
6757,29.580429314521933
6758,1.3056829525672375
6759,20.185041148355538
6760,81.09207844020565
6761,15.211643901773908
6762,4.437947135319288
6763,13.328472926454875
6764,45.88907366391672
6765,26.417952602594656
6766,22.587749802639653
6767,36.71902941475203
6768,20.949148532266484
6769,43.08979588953682
6770,16.482387042161076
6771,27.824298725761135
6772,35.99128112221875
6773,89.00598847648374
6774,91.38245044457432
6775,52.74472811780739
6776,1.9304946022003873
6777,22.281308477907803
6778,18.718313574064716
6779,48.26916053571563
6780,27.352549447069006
6781,17.35419016930361
6782,25.98606508648485
6783,33.6970957721025
6784,21.01146894699281
6785,51.9261838882302
6786,7.131149587001145
6787,4.215251939193887
6788,14.805495289729034
6789,20.125241397587036
6790,40.23647837381986
6791,43.907847326318006
6792,14.952552860257473
6793,23.917604033780062
6794,8.367135741599952
6795,18.09437831750079
6796,94.29503264794394
6797,37.49880266245321
6798,19.308638051388865
6799,24.548488544676964
6800,60.480318888925794
6801,47.55913702809758
6802,56.11774033322621
6803,39.48337641186073
6804,23.755694083618025
6805,12.062037302156664
6806,10.165753630718932
6807,26.465280919901673
6808,68.90186755806829
6809,22.409376881405898
6810,37.36533821695948
6811,55.242045401743155
6812,22.848680657215404
6813,74.31103029695238
6814,2.6850398395205217
6815,7.909857826280829
6816,12.513694749921788
6817,6.619788421987275
6818,5.806001882184949
6819,36.681024217476306
6820,4.721891644955004
6821,26.854102718902816
6822,31.843176359992025
6823,3.9318722115523443
6824,19.037371556251482
6825,41.591452400391404
6826,14.703469062672688
6827,28.105966495471655
6828,9.96341122406466
6829,26.657567491700796
6830,12.490020504485049
6831,70.54633976589736
6832,140.3360396007423
6833,62.84463771110198
6834,65.46556610235012
6835,18.316207953506034
6836,31.739491708065817
6837,32.47984750758724
6838,39.033644180763204
6839,28.529606806635176
6840,16.701742447916935
6841,27.60922239406449
6842,22.95725837584225
6843,14.139267981943446
6844,90.0620265640931
6845,13.793236311532649
6846,8.84211604527688
6847,3.346131412729329
6848,19.230386740811362
6849,7.890923754961704
6850,10.076253092081274
6851,7.055590781283596
6852,9.588429690987798
6853,10.908415747363128
6854,3.2384489706937307
6855,16.620095060077816
6856,21.927104637130572
6857,13.554329360400702
6858,17.133343631010966
6859,17.114133747966306
6860,2.983447390920135
6861,24.326710561156283
6862,35.40894530584684
6863,2.973451520390705
6864,19.52975287922512
6865,36.67872878789932
6866,52.39052740633878
6867,42.8176782802171
6868,7.790870701250967
6869,13.823753331082461
6870,53.9326358206328
6871,12.957608746375037
6872,12.306457869994006
6873,49.836810137034576
6874,32.33004283077902
6875,9.857546720934879
6876,72.08238915870051
6877,13.918364098745439
6878,47.98881084375376
6879,41.21832716522498
6880,8.33045003998819
6881,17.138569284675793
6882,82.90238929091802
6883,40.95952275054151
6884,11.504769204030744
6885,83.97962147635332
6886,31.266609169501418
6887,9.823525982918238
6888,50.101182464123966
6889,30.679863853593844
6890,22.085008542741427
6891,5.738542064849617
6892,58.894447428879076
6893,13.562114922921882
6894,10.21725162796208
6895,11.446847030753704
6896,51.36401667119856
6897,23.424769923102104
6898,62.146571986327416
6899,33.91846240352616
6900,39.65603192728445
6901,39.99639155507955
6902,13.115809379401426
6903,9.077564975725599
6904,43.822493438719796
6905,10.50549897911845
6906,7.104578765173523
6907,30.211007929710803
6908,24.792502332695207
6909,84.99873228996209
6910,18.238285299178628
6911,32.469659251727364
6912,3.757153512568923
6913,16.083217444066385
6914,23.586586230306853
6915,9.98192096972078
6916,61.69585947525924
6917,29.715896944103555
6918,30.772547302481506
6919,58.658828691828774
6920,41.27661885484123
6921,15.978167016351826
6922,20.377085788923193
6923,47.694287684248785
6924,9.523244536732298
6925,5.635411201823056
6926,19.574952614126172
6927,27.45079275618959
6928,47.45345938122905
6929,11.919625223338684
6930,29.753686993695368
6931,11.4657138065586
6932,27.62952425752976
6933,47.5942161439098
6934,107.83276908511701
6935,63.54673001919399
6936,25.327685080455332
6937,50.63404358747772
6938,38.48540532708413
6939,31.52138484766796
6940,79.40410358840579
6941,34.17318921661378
6942,18.624594100107558
6943,9.44045930675289
6944,8.889392217818225
6945,14.79316899924542
6946,4.275046327430513
6947,6.688472416181831
6948,16.69795132495229
6949,6.3883802163371035
6950,12.228705770181437
6951,12.143951392216533
6952,3.0502774521291482
6953,21.317149033643446
6954,26.966625581672773
6955,23.172973755287334
6956,9.131179345570438
6957,9.3683263246238
6958,72.83844243020563
6959,4.005048348092416
6960,4.164622704191055
6961,58.00289456470489
6962,19.97844572742224
6963,100.61304281733267
6964,51.115226468560195
6965,60.88445293843442
6966,7.120987966368862
6967,21.767294141915098
6968,14.436047218539084
6969,22.602374713565574
6970,41.80786000162174
6971,65.33426555863858
6972,34.518899924356475
6973,59.523983618754514
6974,9.38025545137031
6975,10.289317122462467
6976,14.899766653323228
6977,16.661403218719016
6978,2.0107539387703657
6979,27.57076926045224
6980,59.17347229894451
6981,77.25755670756689
6982,22.8787627977631
6983,26.095456874425658
6984,10.39341432495732
6985,42.98300190105557
6986,5.614440106451697
6987,10.077551168015878
6988,5.438992368601523
6989,11.767934252528388
6990,73.64617381432932
6991,75.35167704962936
6992,29.63223339418351
6993,23.324242163644293
6994,50.57336942012149
6995,17.516457495023435
6996,65.33215577248025
6997,15.45954483324982
6998,47.05111690484344
6999,35.08373140383387
7000,33.664332904301396
7001,34.87909048489867
7002,24.783590705998286
7003,3.775646208061729
7004,10.184502232967855
7005,42.947026177286446
7006,4.21249548536991
7007,20.22206829289914
7008,10.523954424954704
7009,64.19602029710961
7010,5.5247210617546525
7011,8.918329219055643
7012,7.634264021239491
7013,17.87025957961034
7014,53.716837459357706
7015,6.992135055023779
7016,26.06099667531329
7017,33.59333538871905
7018,4.282030804116916
7019,6.463382261738162
7020,8.980728923362271
7021,4.413615530704369
7022,39.790373464663936
7023,48.675599833339874
7024,22.53697126166542
7025,15.33721259430273
7026,16.597314900604992
7027,4.958450511438455
7028,85.73867163977997
7029,49.10553795655865
7030,20.92096230995964
7031,48.358711670750225
7032,14.573164947740311
7033,19.150833240347175
7034,6.318234225345419
7035,10.20951236065079
7036,36.58752111022435
7037,5.762543217742939
7038,20.68861271714945
7039,24.807542847358896
7040,4.326144381106435
7041,20.174824546724754
7042,32.82940721079958
7043,35.05228640173814
7044,15.658562909959121
7045,20.891354779798768
7046,23.324516928732567
7047,29.418835455870354
7048,37.28155766110991
7049,13.758489228226711
7050,30.318951435683275
7051,35.64891161012759
7052,37.201459635251
7053,12.645950644721035
7054,5.997422808493881
7055,39.543436503841484
7056,14.173035970747277
7057,18.58439326992942
7058,15.747264381796281
7059,9.251175858895067
7060,13.031974641666451
7061,10.122217655912333
7062,20.932774215585052
7063,43.32932364568723
7064,17.91199754540301
7065,16.10081050454103
7066,3.519744583444809
7067,63.9269710674159
7068,22.017234975508927
7069,16.87935934134449
7070,2.90255610401342
7071,23.042613438040796
7072,68.01514017909278
7073,9.211039495426569
7074,25.962292787559306
7075,30.319999562918667
7076,25.460889327918515
7077,42.02765867456269
7078,3.470160572474188
7079,3.225898626162704
7080,12.78007653285348
7081,11.612435208590082
7082,10.133401136800742
7083,19.535828115716008
7084,48.579614896902356
7085,60.411020632184375
7086,14.836708362977912
7087,44.83830033514116
7088,20.78603910933641
7089,68.96805484108933
7090,5.473417906084394
7091,35.13683599246893
7092,9.488044714335034
7093,29.50750737176167
7094,69.25043140784923
7095,43.16296025367395
7096,44.816576628733195
7097,26.47497078817553
7098,30.921037491161968
7099,6.046181655855214
7100,32.40891811317431
7101,15.245489713898731
7102,89.47877447390945
7103,5.486015167866124
7104,5.277265368597507
7105,115.47905667006725
7106,11.868964421617545
7107,74.16243397906626
7108,7.3150426741932995
7109,27.502368444106633
7110,5.107676227644291
7111,15.025902501417796
7112,1.2114729238803705
7113,40.12602743039491
7114,55.58746369903746
7115,39.898480414283654
7116,7.92604544765346
7117,9.41436473822343
7118,38.37919518273897
7119,18.445445728078372
7120,53.968811205469194
7121,36.87541079944702
7122,11.906389250911845
7123,11.33219172050889
7124,11.625367657394763
7125,65.36681247089149
7126,2.947256087675874
7127,9.708259782155487
7128,45.94401479138758
7129,52.004808274383976
7130,14.878962471317951
7131,16.428582274667473
7132,8.745562972838336
7133,3.103682830959465
7134,26.26919418741291
7135,44.35782548337957
7136,6.810573058059736
7137,45.28741847594482
7138,19.604454685562146
7139,16.313469515271997
7140,15.375818948637374
7141,73.74408589526091
7142,30.138350230876718
7143,9.162886832256023
7144,37.59107247346084
7145,30.589875524497295
7146,8.32067574382789
7147,16.695050271267082
7148,27.214172983101477
7149,10.899374121104335
7150,20.157347723522726
7151,6.512715799639442
7152,66.12087642407275
7153,30.36497429355644
7154,30.411336333632782
7155,59.06619809774857
7156,7.9462829493530105
7157,44.696212564928466
7158,9.941740774853509
7159,8.553715044153549
7160,4.5992166298154515
7161,11.302771365249738
7162,12.405854858317817
7163,21.187737261942083
7164,2.90452334487585
7165,13.228721282389111
7166,22.016129292589593
7167,28.778413734249355
7168,15.954286058194839
7169,10.36575188777956
7170,45.13106800176023
7171,98.23833186764108
7172,40.68599776624975
7173,33.85023370831605
7174,3.376961826348446
7175,74.07192378367174
7176,2.5439001090992663
7177,1.7777925139809962
7178,14.33788823062076
7179,65.07175301961846
7180,15.345820987546604
7181,36.300731068080395
7182,13.142023949600487
7183,23.69635389724198
7184,47.33086092730085
7185,12.790751966603558
7186,13.669670937689016
7187,2.8435860166652414
7188,16.600633797588728
7189,8.961684186076731
7190,23.36235348052056
7191,7.07511150392094
7192,12.95033245008766
7193,4.197667871397043
7194,13.891430329354792
7195,35.249863394049335
7196,31.529671118268894
7197,15.124843962157653
7198,39.54860257766417
7199,77.04017627325454
7200,40.24349318749721
7201,16.247408441483387
7202,15.840504696539034
7203,15.809428415514212
7204,14.927619014516562
7205,50.271926760215386
7206,37.713233636476104
7207,89.05436988257264
7208,40.44314603535243
7209,37.475710688582836
7210,22.013283134143748
7211,90.25581000343553
7212,15.585137276061083
7213,31.82682735810119
7214,40.51198806806191
7215,28.091856346200455
7216,9.781405100772133
7217,8.297504847740893
7218,25.533945061183914
7219,15.499230492135933
7220,9.767965484609002
7221,25.065400686166612
7222,52.91065323511069
7223,10.933216558223481
7224,3.5910636019247133
7225,23.48991430076965
7226,27.468035016606173
7227,24.92083000028558
7228,59.88783741061964
7229,16.620011449575497
7230,51.27149364559323
7231,8.826828736829556
7232,38.245829212970314
7233,7.913398729220456
7234,18.332050091066773
7235,30.267666648162223
7236,1.763411046795217
7237,21.368954341264555
7238,46.601248661624055
7239,22.66171994365919
7240,53.88097244846345
7241,24.59751369772952
7242,13.34627214103035
7243,49.3291868074799
7244,48.200362002556446
7245,50.08072262772211
7246,9.75417106115054
7247,61.44137395251111
7248,19.29329430360375
7249,39.45402031011548
7250,6.723274006680444
7251,21.94589639724251
7252,21.97728828940102
7253,1.5868145135566742
7254,22.31714194237889
7255,8.396609296093128
7256,27.275716660039134
7257,8.766427602991364
7258,28.412896366985382
7259,41.675630953522685
7260,6.5242122669223885
7261,7.84909609241932
7262,71.29451178126551
7263,30.109660926635037
7264,9.819811785933577
7265,13.8198981181814
7266,4.488352457429294
7267,36.7539683477405
7268,65.34049733195263
7269,29.192607871153687
7270,6.689394043598849
7271,17.80395561325334
7272,29.456173027748072
7273,10.305335538425467
7274,45.03037311054289
7275,22.100103965884042
7276,45.94536749710299
7277,15.117455724594038
7278,23.203401798072974
7279,6.8328045766495595
7280,8.173312093846754
7281,13.481075511746802
7282,1.8867221576721447
7283,4.797013553027953
7284,63.53333377109618
7285,22.08587913854707
7286,6.414761811145965
7287,10.204042676788493
7288,11.820353435782303
7289,11.348582788667985
7290,4.753049910555273
7291,3.6192112144670325
7292,12.028563234572678
7293,43.51679688182177
7294,40.64403248024882
7295,29.034047767013597
7296,45.27384824493639
7297,46.431840157880764
7298,20.68619081709284
7299,23.339120907632257
7300,25.372621078668516
7301,22.348376243829563
7302,29.9187140068385
7303,32.416740637355765
7304,10.206820570046478
7305,50.5876212875702
7306,12.489124992066735
7307,43.82846701953926
7308,19.836569600019164
7309,86.02571202211517
7310,24.30618671913848
7311,16.82661669963444
7312,8.75444011273039
7313,15.418758367085378
7314,43.68129479843912
7315,39.08094741893577
7316,2.212370832279241
7317,8.331540699096792
7318,23.937349342338365
7319,52.92592504631547
7320,33.86282868266617
7321,8.803099764446813
7322,12.962169185282661
7323,4.191989993580144
7324,14.590861308926657
7325,8.493288865285981
7326,47.657853346763474
7327,27.713058793667987
7328,66.29107967391417
7329,4.084372761693343
7330,18.414228536233026
7331,4.835792441650325
7332,94.52359267852844
7333,30.91847751941672
7334,17.60221780818027
7335,24.07558929368404
7336,11.38962857593436
7337,7.663487122908835
7338,31.479471112613293
7339,46.51441686780093
7340,31.625036885203933
7341,86.25017259522946
7342,28.548371990823554
7343,13.106144801473564
7344,54.254247608894936
7345,5.538178842230058
7346,50.883961855673434
7347,31.781262325094115
7348,29.860495621120684
7349,105.2174572766662
7350,43.666147837874824
7351,40.54196380020817
7352,51.799368520515024
7353,14.911993154950032
7354,9.574449537966021
7355,34.05950455091242
7356,18.169648377461048
7357,31.65282064331878
7358,28.036268205574636
7359,17.81370551654649
7360,15.734583437156754
7361,8.354354374838497
7362,22.91610236809057
7363,18.078932960017315
7364,14.725292028605695
7365,2.677932948450812
7366,8.353831112505741
7367,2.67444678772245
7368,4.189569118329622
7369,22.500596171476552
7370,11.880984853479738
7371,14.108265402421116
7372,39.56347407292056
7373,6.454496869999794
7374,38.60034006671677
7375,15.357722619557801
7376,16.252707854297
7377,53.158193244798554
7378,26.774199807422413
7379,24.48603715053263
7380,58.01591325243942
7381,21.29974241350372
7382,11.724483877160667
7383,17.683453862196995
7384,10.310940585195064
7385,12.014059761546148
7386,23.230403790529472
7387,123.17227751694465
7388,9.106514652483373
7389,74.24331085995274
7390,25.665620803961946
7391,28.863223801471335
7392,37.96278548360057
7393,16.78222292478583
7394,12.531082288447195
7395,39.22523792660947
7396,39.94533627736279
7397,66.50193378135289
7398,35.76916400450837
7399,50.44535433488769
7400,32.566510926181245
7401,13.493230055221076
7402,2.530812585821895
7403,4.022532601281187
7404,12.249485510715079
7405,23.450614401636038
7406,40.84942678538144
7407,12.818415389018195
7408,10.095077582008715
7409,65.06259101507183
7410,78.68528438905909
7411,40.10280803728635
7412,2.6675483288483095
7413,3.2834810158502576
7414,6.522886543775189
7415,12.781204012294976
7416,53.53599729899886
7417,16.815735927499816
7418,6.237170212129578
7419,18.661342006435195
7420,17.907428751472466
7421,55.20620757156163
7422,16.397830005421696
7423,22.641766773461757
7424,34.73653992473889
7425,6.426325603102962
7426,4.787669522639695
7427,55.684900972528105
7428,64.08390062816848
7429,37.51215114134652
7430,47.336457666023115
7431,10.773152972807349
7432,14.88545758366002
7433,19.51193742128922
7434,9.302498337467329
7435,39.55606870346383
7436,19.415490336598065
7437,24.6860931837758
7438,30.608064421617264
7439,39.097402823319314
7440,78.41080536612878
7441,27.018817975870448
7442,9.042693765003795
7443,58.02210339965105
7444,4.304440114967098
7445,4.655713514357683
7446,91.98152110465288
7447,25.72543104882379
7448,39.981334467371695
7449,10.844046080570934
7450,24.989656663989994
7451,15.357653518451638
7452,4.9092582598648145
7453,17.392194659341754
7454,37.00861835880499
7455,25.37203713674979
7456,16.138116924493634
7457,37.58397698025153
7458,44.527594436125945
7459,9.343302112423817
7460,13.548729835495786
7461,40.385469733543786
7462,37.57063996008181
7463,11.790055986229186
7464,29.56298560217202
7465,23.79440290838999
7466,23.762308875866623
7467,3.010633679564028
7468,4.013556219796535
7469,23.0592946239443
7470,35.96582426488372
7471,22.099742455832725
7472,41.084646369425556
7473,4.892046416177973
7474,17.262268324470543
7475,18.207007708193416
7476,32.080397018786606
7477,20.99435198684665
7478,17.86530263112892
7479,51.823694677186054
7480,7.294380670988504
7481,26.489480592741685
7482,64.02541095682257
7483,40.66782282095794
7484,23.43729273863788
7485,16.647448058290273
7486,11.47740965642848
7487,24.67700872901554
7488,66.06498755805798
7489,8.575837914215878
7490,66.4798965179623
7491,77.22425525175909
7492,25.273358932659736
7493,2.5453299466611377
7494,13.963629948472473
7495,16.7893561104058
7496,6.783286149426951
7497,14.483671019508378
7498,12.304428997951671
7499,3.7022529575382634
7500,2.0339777482457055
7501,5.98443119036828
7502,20.663767662959568
7503,25.773965260047106
7504,60.92514467427123
7505,113.24625949905425
7506,15.483342076422614
7507,45.99095932040273
7508,30.312111095278496
7509,45.769740672791976
7510,40.72627947400401
7511,27.506352338703394
7512,37.84600682410727
7513,9.034851425604668
7514,8.05549666739288
7515,39.542841477198166
7516,33.3279825797283
7517,28.33201231974147
7518,36.16125252598661
7519,15.614079085112534
7520,76.36863259330451
7521,14.039595079189606
7522,22.71490218719285
7523,15.331186867899742
7524,36.332819472529025
7525,19.735553086793534
7526,58.577982812700476
7527,57.1783717946342
7528,19.245434675268875
7529,17.27233960637478
7530,16.460921641251133
7531,19.030500940396436
7532,26.07446328866333
7533,31.407478850853607
7534,6.941061005123517
7535,8.904576109577171
7536,39.99921950066701
7537,97.84602098784666
7538,19.910790743181746
7539,3.4195427019456814
7540,30.874839733005523
7541,16.55213161457897
7542,36.510191178340214
7543,10.127535668184166
7544,11.609050090770324
7545,23.93569113992631
7546,18.54666199699658
7547,12.63280466343227
7548,16.20449438724704
7549,47.35406130664164
7550,65.97801366722118
7551,2.802304285822946
7552,17.800992792632382
7553,5.348859939669421
7554,58.1194456750274
7555,18.963692260500554
7556,33.74482220574132
7557,14.449633200470394
7558,15.906386361681713
7559,4.440146019694462
7560,22.839927444826778
7561,60.943352617954595
7562,50.18258348771566
7563,36.81274377655848
7564,18.743011740392628
7565,37.00676446826963
7566,57.10398389555326
7567,32.702099674836106
7568,31.723790599038846
7569,54.13177608045134
7570,35.67883898295364
7571,12.640703131542175
7572,4.024546152742537
7573,11.013830551082991
7574,31.71401715775432
7575,16.77104700338456
7576,45.299159680595885
7577,5.0133609607846665
7578,62.502604441859404
7579,6.797031764069514
7580,8.859365506250713
7581,32.838084271162344
7582,16.968705920542767
7583,13.167490056881096
7584,35.99541592480088
7585,19.524729642213025
7586,88.80584099823542
7587,4.027089503203646
7588,13.599413087654444
7589,35.217089559399895
7590,40.03880164346563
7591,60.856978518561846
7592,14.605497258536678
7593,36.47931881162303
7594,6.130392639997777
7595,38.31484529437685
7596,25.83129625141954
7597,35.21839921778944
7598,15.00027223891937
7599,6.851826439921305
7600,28.193010390270913
7601,9.972182310192807
7602,80.01212556946514
7603,38.59077191285838
7604,15.915035370668722
7605,1.6910727207878928
7606,54.49158180470276
7607,54.349944722452406
7608,16.561994776368657
7609,26.447601911854278
7610,19.40532970938918
7611,34.377473145009304
7612,36.73871107177952
7613,22.965581314549325
7614,40.69884813206639
7615,17.74816171574951
7616,7.916625014665199
7617,6.249152661429362
7618,6.18339611850377
7619,66.4235409764031
7620,54.13388585467141
7621,28.627034847502436
7622,73.19326097932259
7623,10.271436550610616
7624,47.751683100886105
7625,44.93940249403701
7626,21.374680744243502
7627,30.056287239284604
7628,21.268946049718732
7629,51.11068037855617
7630,17.954134562784255
7631,113.17457014480013
7632,37.6725384277092
7633,9.155931388310849
7634,9.898230999942577
7635,29.09592988722534
7636,17.61756025211428
7637,22.00105701625417
7638,2.746740300590318
7639,5.428459084315898
7640,7.39734841264677
7641,9.530740864026269
7642,5.321452403636569
7643,16.571706597681672
7644,37.045079527146015
7645,89.99613242137295
7646,43.742453236618886
7647,44.527875891397926
7648,4.548522665896604
7649,24.929875307207947
7650,95.51246950874246
7651,18.886453401681315
7652,8.543106369541487
7653,12.090634659177669
7654,5.462943613094124
7655,1.6169257844617153
7656,73.09845994193309
7657,37.983266292885176
7658,19.29972949449617
7659,12.021593940945806
7660,10.218555233524338
7661,17.09519522419001
7662,9.248815686488253
7663,18.5570813900787
7664,12.476414938813377
7665,13.249723867717467
7666,10.123699441149391
7667,47.73969578069609
7668,6.483341347066736
7669,24.985371187582103
7670,31.068897644872294
7671,6.093660456807882
7672,30.85588462068575
7673,19.46266555471888
7674,67.04186259760743
7675,19.495062184141105
7676,16.851434212715795
7677,5.875664360104092
7678,16.20657486196021
7679,4.804865617100495
7680,30.034662483289534
7681,42.734589036327286
7682,15.000559942637054
7683,11.724827075840587
7684,10.036079524276314
7685,100.51546178992838
7686,32.42841424392248
7687,6.970130567708922
7688,2.7833786157851246
7689,10.50755950756844
7690,21.90804780886616
7691,16.650183108731966
7692,52.788560438775434
7693,4.166558300592152
7694,9.390806254600893
7695,7.6033425515811235
7696,11.186809911801864
7697,17.493067706265958
7698,13.478638992730005
7699,72.55042508989393
7700,29.573728847427873
7701,21.365621105392837
7702,13.8766911210461
7703,18.327320062190076
7704,75.8829585871063
7705,7.136120937145968
7706,34.85249531726254
7707,23.765089878222923
7708,23.618672690307847
7709,29.31785384953978
7710,20.30863824594782
7711,27.148715936279103
7712,30.96031307996371
7713,21.34573321275613
7714,14.72113949072995
7715,19.610542021215814
7716,8.223621660422287
7717,3.816772650359025
7718,7.528665005934305
7719,4.407752769532754
7720,40.47079751314923
7721,10.027885216684316
7722,19.241901262818462
7723,9.102505872678174
7724,37.760821430554984
7725,70.12918690766448
7726,6.574370910364327
7727,22.33326463719627
7728,22.429061493213137
7729,14.820046782283281
7730,2.57283238972235
7731,4.698960762759025
7732,34.304839398356286
7733,30.585554760767565
7734,13.721875763338684
7735,30.50076655355229
7736,27.227368946274193
7737,46.70140965334312
7738,26.68096996257108
7739,12.714754460297883
7740,17.71772003117014
7741,26.999312802071007
7742,57.423779672404464
7743,13.013234518502394
7744,33.73904077915972
7745,4.83475714061452
7746,10.624207327100628
7747,52.025578299984254
7748,36.73626983106958
7749,27.700849973246363
7750,7.462358592293516
7751,1.8770961218313837
7752,80.13126272238694
7753,91.12260794220236
7754,6.86779856273771
7755,1.8215920234571676
7756,54.698090049274995
7757,79.50632058158564
7758,9.001075538075419
7759,23.40102617432014
7760,29.5540505811182
7761,21.720344004850077
7762,31.905902553578176
7763,13.916680327031585
7764,27.182216243019635
7765,66.79496811504657
7766,24.243896801068697
7767,18.381407046857756
7768,30.15795180258826
7769,58.82102856766613
7770,2.1241785809017246
7771,5.4287671284967
7772,10.173703466518166
7773,12.224917179464759
7774,53.954120671651694
7775,13.49164297904728
7776,28.38315210491006
7777,9.496399596593239
7778,26.649477957412728
7779,11.836842053476564
7780,41.084518996274994
7781,36.46824537585816
7782,5.733998049110612
7783,2.2464941853797784
7784,20.61673187160117
7785,5.900603739435897
7786,11.36349612044183
7787,25.777190594886783
7788,74.34043202651864
7789,22.174741792303266
7790,52.70208954352805
7791,41.69692798003898
7792,3.9684626962695626
7793,48.886366674628945
7794,4.875223906581693
7795,8.568302766570389
7796,58.861233244489206
7797,7.031746529131881
7798,35.80582920038375
7799,40.35585222621032
7800,3.425343807427714
7801,9.343472433467033
7802,37.9921680043354
7803,7.2562155046336345
7804,9.435060618946434
7805,7.511591923980761
7806,50.01724465695923
7807,24.33646078429311
7808,20.33436669582373
7809,7.291326416405121
7810,32.0998654888776
7811,4.625397933063375
7812,72.5107290300146
7813,50.67601195324721
7814,45.69427035714905
7815,39.96717772141178
7816,21.476335006518056
7817,3.9935873268415665
7818,19.46108814647929
7819,2.2606583587778157
7820,24.39296660133015
7821,12.580133216609752
7822,18.414228536233026
7823,33.07806754319455
7824,35.79737745600522
7825,44.348087200051914
7826,31.718124497691818
7827,49.93735969720312
7828,4.816435048840658
7829,20.76572598830157
7830,6.485615076439208
7831,12.72293087810165
7832,44.41914783146797
7833,47.48057351723417
7834,8.79877908952492
7835,5.341127142609674
7836,35.14810786879586
7837,39.562527822343654
7838,63.96299160677806
7839,6.548689609090362
7840,39.94890093706961
7841,15.463210926529914
7842,12.91777369938555
7843,3.996363018416831
7844,17.23503349423724
7845,63.154866784873256
7846,24.65001057117905
7847,66.38321066080267
7848,76.09896172421406
7849,30.57414399696343
7850,34.44384871659554
7851,32.756802931007655
7852,22.342984134499254
7853,7.062453410893712
7854,22.556234144186817
7855,9.936634919971578
7856,9.791478688949484
7857,18.071189743315053
7858,2.3379933730037523
7859,5.076516471996568
7860,43.09351957547484
7861,10.21360844115334
7862,15.01619742487674
7863,33.49177870530881
7864,5.169196107865538
7865,32.98932313879455
7866,20.863625766280318
7867,15.506953090945235
7868,72.0915800313274
7869,17.260918704266203
7870,72.72653769139659
7871,48.05181976157522
7872,16.326233879761382
7873,10.071650098915057
7874,50.24761114289801
7875,6.215242314418136
7876,80.68945777684482
7877,9.606857124206364
7878,13.116869202771571
7879,36.69767249207057
7880,69.40893768560619
7881,4.011522822599007
7882,11.636302327801669
7883,23.364641867172512
7884,12.508872688437169
7885,46.11270331280416
7886,11.59318011402447
7887,18.759899057232168
7888,13.707267999599944
7889,15.318775633051247
7890,29.529201314232203
7891,71.45306516017541
7892,42.83298865577893
7893,19.617862319221373
7894,40.588887234842076
7895,27.318771142042962
7896,3.627128613475872
7897,20.1764625554242
7898,7.371441606786435
7899,30.21041310966064
7900,2.6250991188823565
7901,32.039610189315006
7902,24.758850634740764
7903,4.772684720299878
7904,36.53255792933796
7905,11.001516554412607
7906,22.069866203910678
7907,6.81869232106464
7908,7.647544643494602
7909,5.664263576712553
7910,10.99077346529035
7911,34.13053293650403
7912,2.2766488770484674
7913,23.233808819919847
7914,19.065052359122035
7915,52.64797104359437
7916,19.66244818996025
7917,12.05475053616459
7918,3.4476241280425723
7919,12.123045651567224
7920,22.842551771849276
7921,2.3371460781892583
7922,63.43572933869363
7923,32.263080112073254
7924,6.650322123576822
7925,16.7153592140124
7926,28.071577380850503
7927,20.985200457111297
7928,59.38224985153934
7929,83.18520898315644
7930,15.354909370447238
7931,16.038944520854493
7932,8.387904865187398
7933,7.022609133036216
7934,1.531462590768922
7935,14.552830470190667
7936,27.718183931668086
7937,35.46079038466896
7938,11.126097643951033
7939,20.129846251105267
7940,17.20515925496223
7941,40.60390745017732
7942,48.50448527657687
7943,6.376983590993322
7944,12.804512772647447
7945,31.945750298485592
7946,115.27688773541746
7947,62.28714011579673
7948,24.144847299606994
7949,28.164977282542083
7950,9.436038694978736
7951,31.866005424005323
7952,48.107151122667574
7953,56.483557121474156
7954,58.176717643999794
7955,4.46734591721739
7956,21.89538899931835
7957,47.20309993488995
7958,19.98374808086522
7959,26.382906361070706
7960,28.094038220233845
7961,85.43129420687865
7962,47.631360172914924
7963,22.902467072251877
7964,22.32778004669707
7965,40.616488129970776
7966,45.16827718861164
7967,18.5342857719182
7968,41.517494593937116
7969,4.983626119202633
7970,10.502408611159195
7971,8.695723622660259
7972,5.314591602891483
7973,4.0042591303634225
7974,32.20151052624661
7975,57.155109805735044
7976,4.745676694616284
7977,58.3176384356548
7978,20.877935480848752
7979,39.74755381692705
7980,14.262068814877999
7981,22.099066784709574
7982,10.739924006682497
7983,32.272737893453346
7984,13.628574737259514
7985,22.739586115045796
7986,8.363134529489367
7987,43.833722782190335
7988,32.31262125879164
7989,92.18201735900863
7990,12.109383069475117
7991,20.281198928068264
7992,4.438688496787743
7993,38.46166048135416
7994,30.337161708654733
7995,14.406536503959071
7996,23.2670888659379
7997,85.9944995818297
7998,51.893237731056814
7999,19.806994100486243
8000,20.952945832968645
8001,2.3877169879800975
8002,40.85074345800382
8003,34.54533860404992
8004,21.142862855204893
8005,25.847965986625084
8006,61.70523352674256
8007,60.886517795344474
8008,54.51049630681935
8009,14.089063878489316
8010,36.08867864791306
8011,5.350675445249456
8012,18.110155257156254
8013,26.237167827326864
8014,10.938952909532947
8015,21.687027993026305
8016,61.9224037844928
8017,2.1300035696007065
8018,29.932809278920388
8019,3.9571433694732856
8020,113.11211510065928
8021,29.22050993784145
8022,21.514126865073624
8023,72.45812172361927
8024,7.841191779913519
8025,16.453811689063343
8026,42.525888960306666
8027,22.688927156660682
8028,21.937254840434907
8029,19.660962224479423
8030,14.054453004981523
8031,114.0555076495154
8032,28.82609862617098
8033,7.206596498122905
8034,34.73044975042998
8035,28.53535102901056
8036,13.701395928335605
8037,10.919794987396532
8038,29.875132963984576
8039,6.499879268145438
8040,7.276283395881333
8041,26.20013103958924
8042,95.00473702872125
8043,79.698098140923
8044,40.5178040166383
8045,66.08239400719165
8046,46.73886989272107
8047,24.031163081456217
8048,27.514562195685
8049,4.648292626119993
8050,21.33670100908725
8051,35.93092398294225
8052,2.8595460651934435
8053,98.78863628545423
8054,37.92318526793126
8055,43.80036983440884
8056,48.94441678659233
8057,22.17212793952302
8058,40.38212556953647
8059,12.512800048269451
8060,3.388197108189657
8061,27.526882711004394
8062,37.97620562496576
8063,64.04457081330713
8064,27.60383443007237
8065,15.746518040216841
8066,85.15007879080986
8067,28.268755948099727
8068,7.058944174967869
8069,60.12296250067153
8070,1.7467296516990547
8071,63.308456860992386
8072,5.043514227209629
8073,54.05652538611834
8074,33.10956488016688
8075,23.989009880412837
8076,28.61054804491136
8077,58.87109955249269
8078,13.271074340011989
8079,20.071088592302196
8080,28.074511341148547
8081,21.34435482637432
8082,50.70680748354813
8083,15.288534928229312
8084,7.0063577942938755
8085,61.57928663626218
8086,14.239881869604032
8087,9.894493780215821
8088,3.8509764871298806
8089,5.544414105579771
8090,16.163710631258
8091,3.923278519420945
8092,2.5740394688095303
8093,3.79739521908403
8094,26.096968783526222
8095,19.216738005782727
8096,7.286680287402941
8097,40.450339711860614
8098,11.30465355096695
8099,3.0504943215000164
8100,96.0546119488474
8101,3.2072609539722507
8102,16.951362361246257
8103,15.793149681121854
8104,34.77309614554267
8105,57.90568003195125
8106,5.597690180722745
8107,22.99399859679049
8108,62.398500575900755
8109,19.148837230976696
8110,25.514914706922305
8111,2.285537415539332
8112,40.37899168786481
8113,81.61180761730286
8114,16.152586434009347
8115,11.483074421271503
8116,7.6250884845176525
8117,6.067557167800569
8118,22.692774555546357
8119,8.441556828376871
8120,11.607961164781617
8121,3.5125238482233634
8122,38.35369303028997
8123,9.382570330894186
8124,11.165090781690223
8125,60.3271586932865
8126,11.81941943502409
8127,65.32570942416984
8128,23.91377044169738
8129,6.848711753656739
8130,1.7856157079913282
8131,13.946519609280934
8132,14.279140651692725
8133,6.013001634999738
8134,14.387981988494673
8135,7.917177439255715
8136,62.58356865958609
8137,56.970870755395325
8138,10.030065256455039
8139,28.141231768797507
8140,3.620164439401225
8141,13.154399110484494
8142,11.71859715446147
8143,30.31286465406205
8144,17.889401141187204
8145,18.484017281889432
8146,71.1886339253037
8147,5.102773356258282
8148,18.2009994398806
8149,8.198678772679678
8150,69.98867668658104
8151,26.511195050049327
8152,12.103628448987404
8153,15.732683361860104
8154,16.633796445859268
8155,39.15969737207709
8156,85.00428066626593
8157,43.14025933018823
8158,35.14268465468972
8159,15.41329936528441
8160,59.990847092124284
8161,2.9412305003583112
8162,20.750744228678222
8163,22.21822871955949
8164,11.767114315363663
8165,30.679354831582714
8166,30.229517942663815
8167,15.302785001347713
8168,4.23299879845454
8169,12.709731964436058
8170,45.42447797743292
8171,33.19909558976836
8172,27.33568217180869
8173,18.407125480791887
8174,1.6633615385184743
8175,57.583905067553545
8176,26.00634478894539
8177,2.5511056465185034
8178,9.066719278920644
8179,7.958345967248948
8180,15.37386602672277
8181,28.893401882230137
8182,28.999613003310785
8183,52.37911352574961
8184,14.775318023134615
8185,41.255851243944875
8186,10.034415833574183
8187,46.369198909905094
8188,11.635015767866594
8189,19.521473653538266
8190,1.6586737091454695
8191,10.381538363390913
8192,31.582372987349842
8193,7.437930568358088
8194,33.68826050591062
8195,61.17755865035575
8196,11.023337984018248
8197,9.251683318499516
8198,36.05415638956322
8199,54.306070310889545
8200,86.16088351753584
8201,25.222114502904933
8202,3.1040141467752953
8203,13.199824106983456
8204,13.187982251918417
8205,87.28588568940476
8206,44.85081350830363
8207,71.50912117392865
8208,16.94453865169594
8209,22.606447605082938
8210,34.19083942283678
8211,37.55743281500081
8212,45.31891992674203
8213,20.459120909341664
8214,10.112771299850216
8215,54.03446604117169
8216,2.8349353850917325
8217,9.92022783063538
8218,30.552016410347985
8219,11.662505742427944
8220,2.6251026582019126
8221,5.793101527694864
8222,25.81737657683713
8223,7.327566051843943
8224,2.952514706027446
8225,96.09324339326675
8226,29.108936295267842
8227,9.762540355252195
8228,61.05155804446882
8229,29.976744838285608
8230,31.519948710590782
8231,6.799766727655811
8232,14.603761733790659
8233,2.4983401516753956
8234,5.613248118924814
8235,19.688490034827964
8236,11.3416614765408
8237,24.06916981751317
8238,40.18147255609398
8239,8.846877002421662
8240,8.48576059220742
8241,78.88915757225938
8242,67.57286711583403
8243,80.21933172119968
8244,87.83102415263492
8245,25.81863097420699
8246,33.05077969964401
8247,19.675464478109575
8248,11.031928794696517
8249,5.3130413303536255
8250,29.152801823320463
8251,8.135533764397483
8252,82.69109454241092
8253,7.469507511041881
8254,36.925470394051416
8255,11.114936988468667
8256,12.112646690934987
8257,31.26133261307966
8258,13.477187383735782
8259,29.241780847521504
8260,8.640381227382987
8261,11.090104963651829
8262,11.239911488020345
8263,17.832054446425047
8264,9.9955793190018
8265,54.03013908101914
8266,46.36806213547992
8267,7.086576538968151
8268,15.057628520557929
8269,17.613428468831852
8270,5.439794011884209
8271,51.126243827086384
8272,43.93561168350646
8273,47.44024328165057
8274,6.000346466713787
8275,9.502774293854706
8276,23.728453535195307
8277,1.5767050969861804
8278,14.523902528270021
8279,4.56386902654706
8280,23.371694141568813
8281,66.93939414105978
8282,6.717374617221256
8283,12.172453236952189
8284,2.4024428401741034
8285,38.37637489068513
8286,50.08001231372885
8287,39.529200233368584
8288,38.54586724470266
8289,33.942531871415284
8290,54.60625269185924
8291,36.47086338592561
8292,28.417685711884353
8293,5.937585431002018
8294,39.01793474922821
8295,40.91042858812111
8296,35.15547908124034
8297,60.18581421094
8298,7.348012965361995
8299,51.929099640080935
8300,13.465059134832337
8301,18.47550303218955
8302,19.47756959578546
8303,21.10753874283884
8304,15.901467341462313
8305,6.854407648094834
8306,32.19169163322009
8307,6.628357202558939
8308,27.274499102814005
8309,26.30699673664327
8310,69.1237293188517
8311,3.837039280355753
8312,6.262194410396332
8313,18.443983456341076
8314,40.167140125556756
8315,69.52552677188532
8316,6.921879181282827
8317,70.25484524044299
8318,36.70079271714963
8319,19.844367741064872
8320,27.930384136678708
8321,77.18025993817396
8322,49.37940100988225
8323,106.97229860491115
8324,48.90195691745988
8325,22.766906431515377
8326,88.39099932775332
8327,34.88611499149024
8328,71.55774785914177
8329,19.242784483991635
8330,18.319744965562418
8331,6.031326788951226
8332,17.50287762728487
8333,6.69210275187114
8334,34.30044725297264
8335,39.565465536623236
8336,9.697922486085153
8337,32.015248477411234
8338,44.55755781901715
8339,43.54856652844133
8340,6.089537663346188
8341,46.2584274698701
8342,14.393713725610692
8343,4.54589998524853
8344,2.287162388970752
8345,46.57487295659032
8346,4.181829261187595
8347,2.1919629099039617
8348,12.878101094791285
8349,13.167136269347612
8350,33.105218983470245
8351,78.69065449678972
8352,15.575540359011434
8353,24.486191806699473
8354,26.826521284513
8355,13.46699610820069
8356,24.005180351889308
8357,14.60156729495868
8358,22.6059130531501
8359,44.24442751577294
8360,13.177759352915524
8361,24.596140888656407
8362,14.857899255166219
8363,9.776426654624192
8364,2.382176436216665
8365,21.55280047582711
8366,13.797185909249386
8367,34.23429471533411
8368,16.73561515294164
8369,23.01121397629997
8370,49.332035748545835
8371,85.55120405671884
8372,1.9880138743455764
8373,26.914206966382494
8374,45.50733769332152
8375,31.092010449428628
8376,41.80234230112
8377,14.207848905259523
8378,30.017014562274614
8379,7.417673203891399
8380,17.515108366727944
8381,5.352131923922208
8382,13.224898290510799
8383,10.36864202361178
8384,23.343468241103324
8385,89.76113228476335
8386,5.920316206890341
8387,5.500466385273822
8388,18.305115621814938
8389,5.471066194921519
8390,46.12027221657283
8391,27.971394262679503
8392,79.49332078270669
8393,25.14947470598149
8394,16.2683531937431
8395,42.45671482399524
8396,5.283155514869926
8397,4.024239790452855
8398,13.302742561294382
8399,4.503987114291496
8400,81.86090947949181
8401,4.614567235564126
8402,48.59639066658403
8403,34.38571907898221
8404,22.32093953424318
8405,24.33584875413665
8406,113.92375115207855
8407,39.970815819660075
8408,54.181730597020376
8409,44.649994330761764
8410,48.192898585364745
8411,11.309703721660041
8412,66.57376077345215
8413,38.10532495098847
8414,34.350627470767535
8415,36.60522160983184
8416,56.15849774080152
8417,4.651190490658349
8418,5.969384504656402
8419,28.441806467113892
8420,24.132270343070907
8421,29.502037516364126
8422,2.453888539157618
8423,29.622206045229525
8424,14.026784319909527
8425,33.509960747637685
8426,22.028223596941928
8427,11.7740993486361
8428,30.439957930194417
8429,45.85005170484485
8430,3.4614231258053083
8431,33.62585991409698
8432,57.07921806340932
8433,9.020454788389017
8434,19.413785318857965
8435,71.99545122694646
8436,8.297010591112063
8437,28.16322674738738
8438,13.998199232049894
8439,30.220735930932136
8440,27.179385152003427
8441,34.36904362266813
8442,96.34807887174529
8443,9.553791904774162
8444,45.48131223647784
8445,56.11520724789871
8446,23.243516643249855
8447,119.01710852212248
8448,24.8133769503512
8449,50.975987419054256
8450,12.13615646147715
8451,33.2349839557793
8452,19.55437241826587
8453,16.288058112991195
8454,4.429754049212217
8455,32.36001056930426
8456,48.288951732208275
8457,36.565862117929065
8458,1.7735887226044063
8459,21.876652151607317
8460,3.8284771779501536
8461,7.797333414260108
8462,12.409030168829794
8463,4.846705014013964
8464,10.8547545774938
8465,40.80316816035601
8466,18.447070346390547
8467,14.664402379642535
8468,31.63983435950092
8469,20.490377102780982
8470,11.033062186442745
8471,34.160280571027116
8472,15.466329690634337
8473,22.525201300492878
8474,24.173328730097502
8475,102.42964997285226
8476,14.541092680179908
8477,7.33063445175752
8478,37.44195695046467
8479,48.22962517435012
8480,9.030599530806391
8481,5.893546187474525
8482,28.59806645185572
8483,7.697024369481577
8484,45.63041062935803
8485,8.870334710718264
8486,46.59854608887328
8487,26.6847214357347
8488,16.6860943467484
8489,15.155031644359877
8490,24.65068042754004
8491,7.265778037413004
8492,21.744445632074946
8493,39.152398656590016
8494,81.3120457560732
8495,24.540912544506362
8496,31.260922462306937
8497,6.0922353870383255
8498,23.55617011156449
8499,8.256641190639783
8500,22.635850497046352
8501,71.91548253994696
8502,41.1414951596641
8503,14.23731830255392
8504,9.035216723918957
8505,38.352271275956916
8506,6.424596285965963
8507,39.95407879814443
8508,7.618482066731367
8509,16.62084741690881
8510,29.90190331393603
8511,63.31133561935973
8512,30.094222188787786
8513,40.8221072504469
8514,6.47068024904685
8515,2.730742748293692
8516,29.60142387836449
8517,27.267018885436244
8518,22.78350954633475
8519,51.854830646528804
8520,3.0197720068435037
8521,32.77921764002166
8522,98.62505868226567
8523,17.663938128658565
8524,14.477259911904223
8525,15.857639601970236
8526,57.6928571536329
8527,18.114667190498196
8528,45.9811536729208
8529,26.63033638789956
8530,8.399566263808822
8531,27.288615613412652
8532,1.0399555689214475
8533,45.472591944924716
8534,18.111044779370758
8535,58.711348813939594
8536,25.74942601317254
8537,61.98424868604832
8538,58.38176469069783
8539,36.35825917051349
8540,62.589369848426806
8541,33.20697502394388
8542,40.28210685771677
8543,37.7288151783414
8544,19.336902979854592
8545,14.900463072524442
8546,5.913101968075736
8547,25.257092504694405
8548,18.530519687589642
8549,18.943610876890908
8550,14.932071983135124
8551,38.70325328930839
8552,75.71714981388602
8553,63.41168565157479
8554,16.48415834436449
8555,4.308133837720465
8556,13.647468541628182
8557,31.561210384443918
8558,16.935924230131462
8559,8.596490636628754
8560,14.955393515444088
8561,10.578858438142994
8562,18.87847099681902
8563,21.16468041854369
8564,22.434707194261996
8565,21.167208968447664
8566,78.02028969566578
8567,17.465012693080066
8568,15.287961868262439
8569,7.98918303866344
8570,42.18497072371706
8571,13.220235340335812
8572,46.14907976070553
8573,65.34390230932485
8574,8.423416372724986
8575,41.5046647403029
8576,53.47511646812988
8577,7.9781353394893095
8578,13.47765877146487
8579,26.848478590825003
8580,19.400811586611475
8581,27.346905293653734
8582,34.10657963084299
8583,9.783912043117025
8584,38.205315152987424
8585,2.0862029953768255
8586,11.244262382442823
8587,19.046106888271964
8588,19.0081498652866
8589,3.1571720756789103
8590,9.945663774394689
8591,15.618398936892579
8592,19.91468593483615
8593,49.4263925817249
8594,20.896127367652547
8595,29.4393314040774
8596,18.553953578132333
8597,10.40543392126059
8598,50.23829451255726
8599,47.20663253681276
8600,41.238915188671726
8601,3.6441554162812486
8602,24.261340769173017
8603,32.06147293043383
8604,31.337255904703262
8605,31.53129531077343
8606,68.1065274533199
8607,3.750364064350909
8608,125.07784210588852
8609,2.9858279000732884
8610,31.61196194882031
8611,54.91725810249726
8612,42.25670534327155
8613,27.490200820069962
8614,36.3433920803137
8615,19.187565603477324
8616,51.27674735214009
8617,9.265510162449404
8618,7.742924271997148
8619,47.44056877191804
8620,23.471480980900452
8621,46.99357255242428
8622,5.09526196374328
8623,5.379080334444319
8624,27.025435834817706
8625,30.82986600304108
8626,61.81208408079495
8627,18.888142561975545
8628,1.5990175731307252
8629,33.46482662850612
8630,4.832022840890102
8631,24.238467947619398
8632,29.340326934272188
8633,30.756794910090427
8634,20.383332136534474
8635,15.033929594620465
8636,29.286727639675707
8637,47.90554033213728
8638,36.51018372143871
8639,24.456678135659523
8640,17.316130683271403
8641,11.951543098932515
8642,11.648110504624174
8643,4.402509837978458
8644,21.545850559784725
8645,58.784378267081806
8646,10.548946381812666
8647,68.501159584835
8648,38.21102457752853
8649,31.436541189906713
8650,5.268578248375441
8651,61.465271319271245
8652,105.65589263543237
8653,2.9382285814220275
8654,53.01433416137304
8655,41.830009594738556
8656,14.48277923620157
8657,7.175500034974084
8658,8.647643067896565
8659,13.389710434496791
8660,11.185652872893005
8661,22.30566125097159
8662,90.06058654210673
8663,74.81397436652686
8664,3.7508171687063183
8665,18.023917112318188
8666,9.297144899417738
8667,23.80586684289669
8668,19.715932646165857
8669,4.236338473031968
8670,17.34968194205119
8671,26.009269003139067
8672,40.072257227120744
8673,14.211456107647278
8674,5.490223794022496
8675,36.87876626143053
8676,6.932339711988474
8677,10.846214681940477
8678,5.838686977016909
8679,33.98990886841563
8680,61.60509813377605
8681,12.894039935619304
8682,13.019353962210856
8683,31.40811812474223
8684,45.88448435239775
8685,13.703722221936179
8686,69.02294536946042
8687,18.225684727358537
8688,32.00084831433002
8689,20.218422716921253
8690,5.037295170424105
8691,7.203971424049827
8692,6.613616137787336
8693,20.174685600276142
8694,30.895866783507103
8695,8.406100792799258
8696,36.150391651182886
8697,31.581361419040242
8698,22.8953262061725
8699,18.646127707074918
8700,46.33997504383302
8701,9.433272207795195
8702,41.20607585361456
8703,26.13731612642358
8704,19.95898179624512
8705,21.606896136992024
8706,5.112548308781491
8707,9.19965516112942
8708,29.13403519369433
8709,26.329157140740516
8710,42.316067211746265
8711,3.049875638867762
8712,20.63052471655091
8713,24.306062602312387
8714,49.088973703982276
8715,47.532280763929876
8716,14.646258763838567
8717,92.22556905279059
8718,52.864011950620345
8719,51.34300346535302
8720,16.260791198370967
8721,24.184946282354968
8722,49.203339249649034
8723,33.663108630083656
8724,35.21920681948697
8725,107.96081776671876
8726,11.59665506384593
8727,3.1967728633746386
8728,4.869491951749392
8729,23.14011738004076
8730,10.672566179748326
8731,15.86220685209293
8732,36.835799617848245
8733,26.141798812760065
8734,15.804296992451444
8735,6.87735356119161
8736,4.3511308366408485
8737,44.3874673992091
8738,5.499240876667123
8739,48.800533872298445
8740,14.330405580593224
8741,45.2890354408942
8742,9.47836623134123
8743,29.540659389620558
8744,50.16384744631566
8745,19.58626001439827
8746,64.81106568893068
8747,16.99273809150028
8748,2.577234234144364
8749,37.53415719459142
8750,12.498113339148095
8751,94.10294573602813
8752,3.7201974690314037
8753,15.713160653700836
8754,6.890939289634709
8755,28.917430322389034
8756,24.422927528533137
8757,18.393096847531858
8758,11.175602714009534
8759,31.25264367218873
8760,23.03239754943254
8761,70.52706984030158
8762,17.290374409126724
8763,26.011757805138416
8764,2.7877653914286045
8765,6.136340429605396
8766,6.116167555163829
8767,35.77936977931954
8768,5.01006980209643
8769,1.7590483971474782
8770,11.067746776002547
8771,9.560964471516373
8772,30.566842774775527
8773,7.056023702293643
8774,6.228659189916567
8775,21.660114054774724
8776,60.39494652942246
8777,10.578610007146722
8778,28.168832593325337
8779,23.060122351699682
8780,87.98729093174231
8781,21.573939795157997
8782,2.560884583873885
8783,20.870414344735764
8784,66.46015706343238
8785,9.971152763997619
8786,34.23347298455225
8787,2.2521769878243605
8788,22.07245238143844
8789,13.338748606889709
8790,19.926047850975166
8791,8.593489037046927
8792,2.673012708942061
8793,8.455232707799876
8794,52.926627618874036
8795,28.628262791014254
8796,38.40418885328939
8797,71.88880979132304
8798,22.99583133200313
8799,9.568166486995212
8800,3.016131757799738
8801,59.981021851872796
8802,55.162630943421185
8803,18.67967630511847
8804,4.661690887070466
8805,14.611807626931418
8806,38.859323424070844
8807,34.157080391291075
8808,32.442296834132364
8809,5.083179143026511
8810,30.224411699120896
8811,35.133319631962564
8812,12.979826802486766
8813,58.18789877763601
8814,21.256741010812227
8815,3.8176151634692355
8816,4.240873495443961
8817,60.14415022105031
8818,7.893710340925386
8819,27.85733621433716
8820,8.133792776859787
8821,94.69582525672799
8822,23.770877824043254
8823,15.537177324762917
8824,10.13218527589915
8825,20.08713083772482
8826,42.92749797475214
8827,34.08884498120409
8828,65.0160517192362
8829,21.40546992237926
8830,7.618275881105931
8831,42.88579027796903
8832,38.003690816992645
8833,42.76745474134344
8834,19.092661463416015
8835,14.014785545587724
8836,6.9470711318569816
8837,26.22351224458977
8838,2.2415339024774195
8839,6.8420095991106304
8840,9.85757637911172
8841,22.622370177654062
8842,27.638170537184582
8843,5.319442958441957
8844,67.98767673193795
8845,16.735037871241154
8846,20.750364743547884
8847,87.96539998604149
8848,3.0396073273720647
8849,12.676053895580813
8850,23.994748841011045
8851,12.369286698878692
8852,26.279994467424153
8853,4.421913732548056
8854,46.313586853449536
8855,28.76905873398212
8856,19.86727653849629
8857,32.01542635664757
8858,34.02742275830462
8859,10.742391244258831
8860,7.533994787949372
8861,6.539162281757267
8862,5.36472774757386
8863,40.03197256291844
8864,27.917074746413174
8865,40.058408556312145
8866,3.836223794491377
8867,113.59449540701297
8868,32.29421159692332
8869,2.1093990190975287
8870,5.243164696198098
8871,97.36639428381179
8872,8.837369889414697
8873,67.17535470958694
8874,10.859952773405945
8875,25.126950019453165
8876,12.165876595841542
8877,14.960813030496084
8878,63.25636488876447
8879,34.9956890539575
8880,54.28522070135662
8881,22.28806748364246
8882,53.785850966706064
8883,12.275455725024896
8884,20.20864533944574
8885,89.41358723650747
8886,15.382508880355864
8887,8.358930391000188
8888,19.337104533619346
8889,13.104938385879231
8890,61.82421640179254
8891,69.94584932622203
8892,11.258016202862667
8893,32.318156198940514
8894,28.039349625304194
8895,1.4356003560931727
8896,51.871039830546565
8897,27.073999529832196
8898,51.41176372524004
8899,33.354662710087446
8900,42.599078618204345
8901,6.767660065292359
8902,52.33332171444693
8903,4.342098227837759
8904,59.775593415143845
8905,17.198012176848508
8906,4.346180729012825
8907,49.376258219080796
8908,9.07539991514582
8909,39.37334654831709
8910,63.19127647100528
8911,32.53726188897971
8912,7.305651281045738
8913,20.875280864053423
8914,31.550285774400564
8915,9.258400079685792
8916,39.98517970077447
8917,10.899817083507735
8918,12.797098777167772
8919,23.335428771003684
8920,15.823505188718773
8921,55.06707050849721
8922,53.41264208417971
8923,11.376441003184317
8924,17.009214118904374
8925,30.156728443602688
8926,18.143749028730486
8927,26.048673037588294
8928,14.707162570543714
8929,55.714555407641235
8930,26.535884549564116
8931,13.742705939936833
8932,10.501576658042996
8933,22.32010148139922
8934,43.52508592334719
8935,18.397788310299287
8936,16.090972141240435
8937,9.23813433465093
8938,32.35847879225179
8939,56.873559876260245
8940,68.92975758322862
8941,32.936441118536806
8942,11.634899383079736
8943,24.26168202193144
8944,36.255120941608915
8945,5.597440981356435
8946,17.900373823362965
8947,7.258873660456159
8948,29.51516100400408
8949,23.112629717189566
8950,3.1380613310440344
8951,61.4209179359816
8952,73.00550281726723
8953,39.84124699237516
8954,33.93562502203753
8955,57.61595767470384
8956,1.357003256921116
8957,5.093403690317101
8958,42.56985620385163
8959,24.495347414883415
8960,37.41356515033165
8961,40.67343744108908
8962,31.095199807369767
8963,4.335416618615742
8964,24.66455880429278
8965,18.750263220363532
8966,22.77037459957925
8967,48.436501820240075
8968,68.15357956389302
8969,20.17296555387022
8970,57.188143782530126
8971,12.77496248321156
8972,32.51949916650951
8973,79.51767680996977
8974,21.756983852302003
8975,11.101643949360259
8976,16.592989544349123
8977,48.52414609641037
8978,15.504296422445012
8979,33.601846556859115
8980,18.667513661288147
8981,15.45901419699837
8982,3.8576511863820526
8983,15.479401476811386
8984,8.023549848350333
8985,44.848207056505565
8986,27.24465904249811
8987,32.96384943177392
8988,11.57932914881383
8989,21.720376430475806
8990,29.853052782289282
8991,35.83916455916885
8992,7.7793995629643975
8993,19.331714216043913
8994,89.4314032862203
8995,46.36719732074607
8996,14.280617476073406
8997,14.714717847124259
8998,5.254551460157587
8999,6.887266805604763
9000,39.508074207453404
9001,8.07902704409708
9002,70.25005495708905
9003,10.659431488106115
9004,12.808608799557803
9005,20.936469950689602
9006,16.187181246743744
9007,25.129295541856703
9008,5.381869057839964
9009,17.14092991915978
9010,45.53817731512443
9011,25.942918188003883
9012,17.406091466176697
9013,12.789122938890536
9014,12.509318014839039
9015,61.67929937923027
9016,9.27533419539842
9017,3.197523212559871
9018,32.3298221901302
9019,10.139464569837424
9020,9.814842486084993
9021,28.98580498543168
9022,37.74455986999883
9023,29.022575356258255
9024,37.8480738655641
9025,65.95834624226468
9026,30.904308351244694
9027,7.176342140995574
9028,2.2527573017298095
9029,19.415592118150876
9030,69.21475789751169
9031,9.942160127100788
9032,3.8365818057379713
9033,45.74910122497167
9034,17.105816836156635
9035,2.8452605400261044
9036,5.53318808048025
9037,44.8501347827567
9038,9.254511413365943
9039,92.09583951961554
9040,14.537274600298787
9041,60.281378967363054
9042,9.84007925846851
9043,9.904349452170072
9044,23.746822562676613
9045,8.016673296551076
9046,3.0614442804300914
9047,22.02105544878822
9048,8.635421480627752
9049,3.357758032374507
9050,20.25138885150853
9051,31.329215708269892
9052,40.179804314600936
9053,28.658279641494182
9054,58.88398459466636
9055,54.012876031202524
9056,7.003292453897851
9057,26.11642121498528
9058,5.640481708824919
9059,23.039914978834993
9060,23.60133794447721
9061,59.55201778969793
9062,12.984811655072177
9063,21.670071380759797
9064,6.7779220196418555
9065,10.72458692342829
9066,31.81114019967177
9067,16.451748622974414
9068,6.7031447205803945
9069,56.404981630018405
9070,6.759563061617277
9071,18.015014420974722
9072,5.843828115611094
9073,13.3340051183301
9074,53.77835247689681
9075,73.47195702911424
9076,22.658221800492672
9077,6.772225033495948
9078,22.60683654679486
9079,40.56082568978789
9080,22.287239992485695
9081,14.390463700979485
9082,63.39199870108954
9083,54.18156785106372
9084,11.399763335621946
9085,71.60179863914111
9086,8.812035503708207
9087,11.493420868033938
9088,12.783399444537281
9089,19.51285099140984
9090,31.586433440833208
9091,9.670077675324732
9092,8.5248623390538
9093,82.21183732697843
9094,31.656235436459255
9095,59.17381901925491
9096,11.448585448348222
9097,51.063855045482995
9098,12.87529208967829
9099,106.17898629412198
9100,25.599370954522065
9101,33.36526052709796
9102,38.764423740663496
9103,43.22875896852513
9104,10.674858800364536
9105,6.618074044726173
9106,30.46847905976384
9107,33.14647753956691
9108,22.004449383874814
9109,19.710129510894067
9110,10.711859079412179
9111,30.13525070404652
9112,11.960010345512984
9113,20.13843643428942
9114,34.533947526451826
9115,19.848687501602836
9116,9.072551923796265
9117,88.96003964902071
9118,26.431571067446313
9119,3.83517004716801
9120,17.803176847608093
9121,21.859525325256364
9122,23.00952527359283
9123,70.485567404814
9124,52.018736430717865
9125,32.51946705159387
9126,8.996899700954666
9127,26.75508779291814
9128,31.499074019083395
9129,12.759720650290934
9130,35.361610724650404
9131,15.697922126318709
9132,27.27145372243228
9133,4.946146713714362
9134,24.912426454677203
9135,3.4139139676213865
9136,20.98827162512624
9137,43.78726107187704
9138,30.69434537379992
9139,1.6969263684614735
9140,80.55626998186474
9141,8.425955015965734
9142,3.5199034683717128
9143,26.042638307703477
9144,11.101084245395068
9145,13.37691168036371
9146,70.25428783322023
9147,41.361962643267994
9148,74.5390276737008
9149,19.330871959348023
9150,19.7343012112308
9151,23.682472240431956
9152,14.077454657954208
9153,4.136098728664142
9154,21.071220294055692
9155,15.08221795572866
9156,9.054968556903406
9157,5.286767029861852
9158,6.224408750652183
9159,5.935820454092912
9160,2.764214582973082
9161,5.356628538555162
9162,35.9860732902729
9163,1.6649400680004867
9164,2.3907881843088568
9165,42.858964244302754
9166,26.683436972316372
9167,30.00022479563571
9168,4.889878890657343
9169,24.26729197635496
9170,12.148204693304182
9171,47.29209492056743
9172,49.60558303504612
9173,12.813298187803838
9174,18.18443542678565
9175,74.45003459140979
9176,19.909520663630342
9177,44.457592393544886
9178,5.855702768201512
9179,12.142079922947701
9180,10.211158920763882
9181,13.50883610479173
9182,17.607998481871395
9183,80.19842813283833
9184,76.89452895190853
9185,10.096924600426306
9186,69.18849413971779
9187,9.048945703848966
9188,12.36315755561159
9189,67.8229878156743
9190,19.926233653893657
9191,25.69316146694087
9192,16.55097911921493
9193,20.32900557098604
9194,69.3890062368478
9195,9.032508036422144
9196,98.29656330854132
9197,66.68773101846557
9198,25.30527270462494
9199,54.389578723592194
9200,9.458344883691815
9201,31.14056729618025
9202,2.1207242271065523
9203,2.5938070544799317
9204,57.946114978218
9205,4.524302901327738
9206,2.8546107530056433
9207,1.9214238141568778
9208,11.345360880082161
9209,7.451076545393098
9210,42.74716952727788
9211,19.86861362807673
9212,34.0161815634584
9213,50.61656413673678
9214,77.6088359500127
9215,21.275830684213247
9216,3.103953151128364
9217,35.39834394764027
9218,7.307691146599923
9219,13.211172124912824
9220,12.742154245901666
9221,38.33019953575007
9222,26.45196526840531
9223,61.610956786832745
9224,20.693422316874045
9225,106.03169203294564
9226,44.585986933345104
9227,28.89601830903218
9228,60.4446905331739
9229,44.195208715934626
9230,37.27930025210078
9231,11.170689079067301
9232,90.70252514464327
9233,82.62837737004227
9234,41.133234617537205
9235,41.807089544794344
9236,9.142594680134216
9237,23.519781127379023
9238,9.617049160816435
9239,6.525973037374613
9240,24.907050412138588
9241,10.047598273814321
9242,13.87497376507406
9243,4.410341433850572
9244,33.25428885576813
9245,58.55563493724989
9246,80.85603115963067
9247,22.57183758774465
9248,39.214147141273
9249,22.533496847536036
9250,41.42044189214174
9251,54.714310890021
9252,28.195998211243534
9253,4.187545126692161
9254,5.042101596678106
9255,43.08524805841195
9256,5.732263696074261
9257,52.938272919477825
9258,13.743908136764851
9259,79.13048398132254
9260,52.91765321304178
9261,50.00146435164879
9262,4.30587970041692
9263,2.3221102013573653
9264,6.397154200265547
9265,19.110565910013243
9266,7.431478521238805
9267,38.25509994909296
9268,74.62469659542714
9269,77.4125932697696
9270,10.288973508095719
9271,23.312536324484267
9272,54.22906116101604
9273,5.46300279371291
9274,39.50593225378126
9275,15.025658383146276
9276,26.29087771239623
9277,21.617774939508582
9278,18.58755332120934
9279,50.50215048973001
9280,62.087440865065616
9281,19.232310578473967
9282,17.627902604936075
9283,49.239210822928825
9284,20.692693712747243
9285,6.593902677994766
9286,5.389618590310685
9287,3.1175970187601667
9288,8.701008439390767
9289,78.88400969431902
9290,7.2058241215115135
9291,3.5463484159438377
9292,54.0743975000604
9293,4.636224124728664
9294,64.29699908227451
9295,14.622511009781654
9296,20.080112342314393
9297,20.500421681814935
9298,35.618963956096735
9299,17.010557903648206
9300,38.629407998483785
9301,41.69480476369899
9302,12.895303439085021
9303,4.152174793138517
9304,45.296625240936876
9305,26.252761669155326
9306,7.754480004804019
9307,17.2266447629639
9308,10.76212784227847
9309,39.975614261352455
9310,47.66633812454212
9311,22.182773116770115
9312,51.16441430219308
9313,6.2992230760463865
9314,13.659058096422907
9315,24.569063462982918
9316,40.40178564619753
9317,11.011720809006842
9318,10.22158076420422
9319,12.120821668412285
9320,28.974898216716092
9321,3.3786832279119476
9322,29.4015556481383
9323,10.145474948612717
9324,78.83334833526374
9325,40.24124454281882
9326,77.13021257058375
9327,12.897912948476073
9328,27.67006806176216
9329,64.8825901620541
9330,22.700719057906305
9331,23.08490348455781
9332,12.068206637447613
9333,37.20047986977895
9334,15.072850678739144
9335,34.40210692978137
9336,21.25430401609227
9337,22.870948511825826
9338,5.092787124620404
9339,42.06540658779643
9340,88.41215537071074
9341,50.9876678470376
9342,58.197148937512296
9343,3.8168243416096663
9344,36.77291288651817
9345,12.17458988670051
9346,12.221531053262073
9347,30.910198162064113
9348,3.011264230086057
9349,3.489314337861966
9350,58.65137589604568
9351,18.10417380259164
9352,24.195517027765014
9353,8.754533803000555
9354,40.55563061762536
9355,24.185404056196415
9356,20.482848959104302
9357,39.25323695318659
9358,42.74369565658403
9359,43.70224191495745
9360,25.5161063092677
9361,48.13053301498924
9362,5.590050586624791
9363,57.20081891654421
9364,44.72184706245549
9365,7.00853995561482
9366,42.57185716570514
9367,28.149288055836454
9368,11.011636508246857
9369,33.098881342819574
9370,34.71628459762893
9371,9.301958036204576
9372,9.069232348937408
9373,71.06156180225632
9374,23.393413733364728
9375,38.200318866644864
9376,17.397625240146795
9377,18.42939115068232
9378,49.08389023742821
9379,37.2024198322173
9380,1.9621707497100045
9381,30.884411110993664
9382,51.0010413347685
9383,45.39608648602016
9384,52.367148666576085
9385,2.763422851524461
9386,38.40737906839944
9387,53.62484708895557
9388,35.37657500627061
9389,40.013998709985195
9390,31.266545096515227
9391,6.523398549236222
9392,51.31012062808436
9393,7.261928097229202
9394,44.8694414231029
9395,11.395113146426432
9396,17.72522992504875
9397,6.574041944730345
9398,3.5827991298546498
9399,8.915268605448208
9400,31.383196021386137
9401,27.217401157724716
9402,30.589875524497295
9403,10.13677471454122
9404,4.0144269193719495
9405,79.13857881076987
9406,23.283367587691433
9407,12.693378759502048
9408,3.1933811997945347
9409,11.773726842468477
9410,8.84228847460251
9411,55.420200167976404
9412,35.51781935897557
9413,15.647180231798846
9414,7.369766467260129
9415,3.7302680786687037
9416,31.058348509110843
9417,34.878973974725994
9418,29.339608968788646
9419,26.151140074847007
9420,7.029974169781452
9421,2.210871939767557
9422,14.155196473031932
9423,37.35805530703134
9424,12.093337353979742
9425,15.598291665485464
9426,56.05891434228751
9427,28.995232079822177
9428,33.009766890310466
9429,12.278715346697304
9430,48.10948039213279
9431,54.767274916846056
9432,26.31708527988455
9433,21.226646461908214
9434,39.55484308451007
9435,21.39533623275518
9436,52.169576919744834
9437,26.68570915232136
9438,26.754704282704942
9439,26.85510999244062
9440,66.6397927508045
9441,31.243015239300817
9442,11.342359685286265
9443,21.177098616529065
9444,19.94397208409872
9445,24.41104284007679
9446,23.20782940462289
9447,28.87279986773495
9448,32.031189344698966
9449,16.523329701801813
9450,26.145737045689316
9451,25.436368396857375
9452,37.59923430982303
9453,41.039655173393896
9454,67.0845066421623
9455,7.050879575466076
9456,51.8944779481094
9457,51.85998620732326
9458,2.9619880609781584
9459,16.151714591108036
9460,25.10566723868221
9461,46.85523962794591
9462,49.85829862140516
9463,14.831371895353687
9464,8.896855005282417
9465,26.9313339241357
9466,23.177496076879503
9467,27.6319096478376
9468,31.866258697220033
9469,19.40907367931776
9470,12.981758021051025
9471,47.18118689515067
9472,30.80753363996531
9473,16.52929232145057
9474,29.97532228482456
9475,27.374346512531886
9476,90.16855815946374
9477,9.818148598093225
9478,43.06021691855277
9479,41.97698562246873
9480,4.834573291242546
9481,67.62856489981397
9482,41.31996108803102
9483,10.679710651184482
9484,16.327079553710192
9485,33.71836279001383
9486,12.489947491897656
9487,41.67124308138976
9488,41.093419663922155
9489,20.173272278556006
9490,8.20286923824636
9491,34.84083280252985
9492,3.8651879348597493
9493,5.63499148405337
9494,79.65398558516303
9495,26.560386483263457
9496,26.91100648282473
9497,17.882760367550002
9498,5.772144447705967
9499,35.107738484899514
9500,49.20780631628714
9501,47.04188462780817
9502,19.26875618168574
9503,4.452364360859555
9504,31.52658801879168
9505,18.17834579496951
9506,2.604330492122868
9507,39.494633410571424
9508,21.300072183511865
9509,31.680890372439183
9510,41.19654431502666
9511,17.743837445291348
9512,7.865000916572304
9513,38.19480777671205
9514,4.490743297285279
9515,16.780258414619002
9516,31.447457893376665
9517,51.57605642046141
9518,39.276830428417426
9519,33.68217634414427
9520,51.011486221895936
9521,70.5032056826266
9522,32.17545973704365
9523,13.795831666370926
9524,102.96727338555095
9525,43.111278222172814
9526,73.52789675355147
9527,33.76929220348886
9528,11.738077533816753
9529,85.34162628944661
9530,33.19042400492772
9531,29.322979753375925
9532,18.34547102485852
9533,23.32758539776624
9534,2.5848189000639867
9535,22.696167170368717
9536,8.000999285416881
9537,40.35777471438926
9538,35.76006525021693
9539,67.4123322589929
9540,34.99065588137039
9541,16.065564731291396
9542,4.12455486572242
9543,25.288513649640908
9544,32.3338655884328
9545,31.755857259736054
9546,5.856420679305496
9547,28.918905369017175
9548,36.458901299170506
9549,5.4236297148731865
9550,17.893620248100756
9551,2.5844402631980525
9552,15.778426437813849
9553,49.97300498775344
9554,9.97892089670707
9555,47.500579597793575
9556,7.574939845433903
9557,32.87833808884852
9558,101.42645599363388
9559,32.601223611395035
9560,15.440966609666567
9561,30.336099077732847
9562,4.970704467295471
9563,63.51073605154316
9564,27.52416053812899
9565,18.05746834092044
9566,39.827085111746676
9567,26.680765738866313
9568,19.972874460422595
9569,51.02259625237669
9570,12.721568367529711
9571,15.732013359480742
9572,38.519834692312735
9573,55.32881668503042
9574,18.087377230396775
9575,46.62085780440339
9576,14.149030763498427
9577,13.153979785278434
9578,23.876802470318275
9579,57.08335833470578
9580,14.533197492567597
9581,43.731125013567386
9582,15.40998282324534
9583,23.695069904058666
9584,9.629991309224847
9585,69.0145194431399
9586,6.067613372859477
9587,13.136693448437502
9588,60.099720230349575
9589,74.10873991140166
9590,18.17027081831636
9591,31.497099085276627
9592,27.813012461621653
9593,7.268727848503451
9594,35.15869900062796
9595,40.76157818145437
9596,41.473929511522535
9597,34.16446485673857
9598,27.960821089372367
9599,15.781186272800646
9600,44.78609737315637
9601,38.995261712285746
9602,6.768165319967074
9603,18.49548104031631
9604,25.330459334538126
9605,18.34859546284856
9606,37.348120030520676
9607,7.25401029151004
9608,12.705042610670521
9609,33.66331354846018
9610,64.42423350292123
9611,2.638839052659982
9612,25.13619335352545
9613,72.08276555684495
9614,26.63770793888077
9615,38.219888591072085
9616,26.65967309145148
9617,14.634599180898299
9618,46.320737435305645
9619,65.03948337262496
9620,59.59932622364033
9621,45.981495835265974
9622,18.73499202474564
9623,10.154054612587359
9624,8.90474297717795
9625,16.747420623134193
9626,72.90514612259292
9627,14.339697538398404
9628,57.6716482299191
9629,23.466872943000357
9630,53.40882834779415
9631,10.356290152009342
9632,71.31918215702115
9633,6.805748741637777
9634,9.81378146017912
9635,11.291786263838143
9636,11.416832042776417
9637,62.58057721608075
9638,8.268523156253115
9639,10.897674303684083
9640,17.10432047949505
9641,18.46654803192861
9642,23.907148700248836
9643,5.447736847689492
9644,41.608609757705125
9645,44.69665430364918
9646,31.364210606747577
9647,39.35346459393681
9648,5.034935743801379
9649,3.3410452159112793
9650,87.83571617291548
9651,53.686513283702624
9652,17.86733040331
9653,15.394554563869457
9654,3.8079284546863286
9655,9.995727436934851
9656,17.736397736072394
9657,28.546750138904265
9658,75.25498629640023
9659,70.51473615540402
9660,7.953121932364809
9661,3.617937836310678
9662,19.710612604511407
9663,12.150640295240633
9664,12.95293067052104
9665,4.2952380060329505
9666,20.56708988786005
9667,5.347028718417995
9668,3.1924516979050517
9669,22.33946169520193
9670,8.402515468606987
9671,4.516322965551083
9672,2.036807428728665
9673,32.8363341716526
9674,29.51196622691697
9675,13.527323648700296
9676,33.53593501175318
9677,12.066623327278487
9678,4.59073540756835
9679,65.63010552606686
9680,60.44906444484248
9681,10.688088498410583
9682,59.617383734529355
9683,29.18250613471516
9684,30.882232480838503
9685,21.357853624705495
9686,82.65277690887399
9687,6.793256602795504
9688,24.032231392086718
9689,11.726154971137795
9690,27.578517173856266
9691,25.650707317034353
9692,29.48458613047635
9693,13.23097927039053
9694,71.8560286689931
9695,23.53706561603073
9696,26.67086424535295
9697,27.678295682753998
9698,5.071050226142089
9699,12.637348937105997
9700,1.774168652308296
9701,29.303278659049496
9702,11.3422011333655
9703,71.26555132843035
9704,9.616166493263805
9705,24.489852059835783
9706,53.296898472638226
9707,31.450368210542482
9708,10.93439713001989
9709,3.219439413957047
9710,4.8383459237299
9711,5.130135240130466
9712,27.532984544365647
9713,3.755208384995256
9714,3.4234710587394206
9715,25.195890289829553
9716,23.194792694376208
9717,17.271279064405874
9718,77.29679092140726
9719,12.71176559746129
9720,44.13039608020654
9721,19.04766443005794
9722,16.25038490925491
9723,18.090683703283744
9724,5.3734711257293615
9725,5.157639775865444
9726,14.899863535976602
9727,25.903622036096337
9728,69.23045626260452
9729,76.32524634725175
9730,44.83710022896658
9731,8.919999710230366
9732,24.232501201757252
9733,15.56506578514129
9734,24.357016572625092
9735,13.607699851122375
9736,20.29359186900755
9737,30.35870460196856
9738,16.441608723994236
9739,57.97563618975923
9740,7.8100158648227005
9741,42.91930196400312
9742,8.92476463829296
9743,32.142403878467874
9744,14.39600222421075
9745,44.413316605221254
9746,9.431833777359424
9747,15.759008289650367
9748,16.677914586264198
9749,34.20370034188046
9750,77.40557999684803
9751,10.872170250218435
9752,74.60243655142486
9753,30.64006475529515
9754,10.294227342243307
9755,5.574747414456255
9756,58.38475010568561
9757,25.376790761597647
9758,43.141749319604415
9759,31.270895607999293
9760,7.9751202565346935
9761,19.966432134084123
9762,20.276921703678703
9763,5.097663673154834
9764,8.038052869921252
9765,29.32098507198087
9766,25.27165225258964
9767,19.609067930190445
9768,26.936412591713566
9769,25.293656835154625
9770,14.53870930327836
9771,14.149548588493904
9772,17.443517495378117
9773,31.19383481730339
9774,26.645789030073303
9775,104.38242164299683
9776,19.78726805955652
9777,3.4813881639271202
9778,15.039956941651665
9779,5.107850389644388
9780,30.27184325335857
9781,9.019798371987513
9782,34.33259197099709
9783,65.34891818956264
9784,13.22759152302204
9785,23.202897954670494
9786,69.46957359900631
9787,15.997691106746629
9788,14.392321896228868
9789,10.747725713943858
9790,14.987683811281986
9791,41.175798558956714
9792,24.605752859342864
9793,16.42781626766663
9794,12.071463685472144
9795,33.00825198893514
9796,9.419154652263272
9797,20.498204181666527
9798,2.6428265915308407
9799,22.826293512909498
9800,8.700638113155092
9801,27.549690777422718
9802,20.96356241107747
9803,47.80021514219138
9804,33.80451317296526
9805,24.22106710792615
9806,10.224240469295744
9807,22.389437938926218
9808,24.096990107126263
9809,27.179385152003427
9810,4.936770330659829
9811,59.327475157136575
9812,29.219224697351194
9813,24.02615864147226
9814,5.218234730190946
9815,9.42945342445661
9816,26.06810965311155
9817,33.50802000584428
9818,12.285654155167183
9819,36.05699315411648
9820,22.477182759299698
9821,25.01512039514603
9822,39.908539629509264
9823,2.0202404848040105
9824,100.87187722907386
9825,17.019078154138256
9826,50.35838059732685
9827,37.589392445263485
9828,8.2566496778209
9829,42.07209075790131
9830,2.5761307440072754
9831,47.502339714446556
9832,14.876590655153626
9833,56.9261344316667
9834,17.871042888863236
9835,7.125213507298289
9836,13.455722805050717
9837,73.41333083533615
9838,18.70998891419882
9839,16.411299174382002
9840,46.5535785327496
9841,22.265426769792484
9842,59.50354280553537
9843,36.10784006262648
9844,16.39568018350578
9845,30.719578907534874
9846,20.901113579128
9847,19.310251067899397
9848,98.85788103454175
9849,33.79522241234831
9850,16.860680346410348
9851,28.58404465181042
9852,5.366602781630444
9853,101.64036862924745
9854,27.09442548793583
9855,17.87129394894164
9856,15.242793800487867
9857,46.325982427803964
9858,38.12614055983431
9859,29.51479448224424
9860,50.734963257203546
9861,3.7465889788859945
9862,6.291705414371162
9863,5.906821577136583
9864,43.72612206349787
9865,5.613615464626575
9866,18.598388486140568
9867,39.485385243556294
9868,11.592120044687668
9869,15.579483525968595
9870,30.27724604436704
9871,48.91120663442829
9872,2.451757369189497
9873,14.509073867639758
9874,2.9566873414821693
9875,13.324850246465605
9876,21.765942737276717
9877,10.935411868650107
9878,25.96485249232729
9879,10.009922159701226
9880,11.99293760323681
9881,12.375285370666173
9882,49.95437459894445
9883,3.6379631783964337
9884,6.844183157261155
9885,35.56583770361561
9886,60.74600243696497
9887,50.323026232388784
9888,25.417432515330866
9889,7.6170212266564885
9890,9.479344509308731
9891,55.71628760690086
9892,54.8466997840879
9893,60.498823062230635
9894,75.54533525482982
9895,14.866310385844818
9896,37.907054387784015
9897,12.02669722907098
9898,56.518970183438434
9899,11.245876817072368
9900,67.17860799884738
9901,121.14711875604873
9902,10.930417461998111
9903,39.50946172289528
9904,31.52191469701838
9905,54.16878905914403
9906,29.6738222248202
9907,13.753490784866592
9908,34.32676408813653
9909,7.837064407768665
9910,17.878509734024277
9911,25.853052813144366
9912,22.306690251877164
9913,17.494534850657683
9914,86.20061785674434
9915,24.001034764118966
9916,44.35331251391496
9917,18.447220567754474
9918,8.58195905363461
9919,68.3011872000713
9920,32.88508220655405
9921,7.056442407971275
9922,13.937650936851812
9923,2.99126282374081
9924,42.94821862796324
9925,16.92298926981759
9926,117.28913814331655
9927,22.877521545631616
9928,44.322327069097675
9929,62.233220066829055
9930,20.56655230551804
9931,21.320594195113966
9932,16.982612817363638
9933,32.77457621213965
9934,10.315912593557131
9935,26.84145726851597
9936,36.97879043106852
9937,44.9464149584842
9938,6.9282274956601935
9939,51.39216149686436
9940,4.487784014066152
9941,52.77242683115138
9942,11.207172029722473
9943,30.442808844644958
9944,30.407820251575856
9945,37.7907485274707
9946,29.902620677032367
9947,25.237601654343457
9948,15.979188719164194
9949,3.3302172975516626
9950,12.571160304828734
9951,44.02836067254113
9952,27.17324797867691
9953,50.57622413328194
9954,52.012339804583696
9955,12.838981246268546
9956,10.261341950892296
9957,18.806530447137817
9958,3.4163139331547767
9959,2.217167393772546
9960,13.122812443217393
9961,26.512723182343095
9962,45.93677501350033
9963,40.610473556206415
9964,14.331345226130964
9965,16.35765011295959
9966,6.718715519924773
9967,25.747325251771024
9968,27.226251589108326
9969,56.23289376371586
9970,10.192350795484
9971,10.328571476002415
9972,64.1273213578582
9973,52.91510562578346
9974,45.14262059229142
9975,35.27964055039895
9976,25.970346851207736
9977,15.217528802610943
9978,26.32228668283871
9979,16.941556891550977
9980,46.19309455269894
9981,13.342173318889849
9982,34.53858021716921
9983,62.01712343403134
9984,20.632017256299473
9985,5.639948174443472
9986,56.31388864199428
9987,8.854313342940532
9988,52.475900716707
9989,6.92648035097754
9990,26.654557509822205
9991,93.95043411925964
9992,13.884630456906187
9993,59.51976312301274
9994,35.18271761904485
9995,24.254608557985414
9996,31.38250074467596
9997,15.582385066990497
9998,57.92661656849892
9999,17.760826116047163
